14:29:52 | SERIAL   [error] Failed to write "STATE CHARGE
" to /dev/ttyUSB2: Bad file descriptor
14:29:52 | MODULE   [warning] Write attempt 2/3 failed for command "STATE CHARGE" to Module-module-1
14:29:52 | SERIAL   [error] Failed to write "STATE CHARGE
" to /dev/ttyUSB2: Bad file descriptor
14:29:52 | MODULE   [warning] Write attempt 3/3 failed for command "STATE CHARGE" to Module-module-1
14:29:52 | MODULE   [error] Failed to write command "STATE CHARGE" to Module-module-1 after 3 attempts
14:29:52 | MODULE   [error] Module-module-1 cannot be set to charging
14:29:52 | SERIAL   [error] Failed to write "CHAN 2
" to /dev/ttyUSB0: Bad file descriptor
14:29:52 | LOAD     [warning] Write attempt 1/3 failed for command "CHAN 2" to Load-load
14:29:52 | SERIAL   [error] Failed to write "CHAN 2
" to /dev/ttyUSB0: Bad file descriptor
14:29:52 | LOAD     [warning] Write attempt 2/3 failed for command "CHAN 2" to Load-load
14:29:52 | SERIAL   [error] Failed to write "CHAN 2
" to /dev/ttyUSB0: Bad file descriptor
14:29:52 | LOAD     [warning] Write attempt 3/3 failed for command "CHAN 2" to Load-load
14:29:52 | LOAD     [error] Failed to write command "CHAN 2" to Load-load after 3 attempts
14:29:52 | LOAD     [error] Failed to set channel at Load-load
14:29:52 | SERIAL   [error] Failed to write "MEAS:ALL?
" to /dev/ttyUSB1: Bad file descriptor
14:29:52 | SUPPLY   [warning] Write attempt 1/3 failed for command "MEAS:ALL?" to Supply-supply-1
14:29:52 | SERIAL   [error] Failed to write "MEAS:ALL?
" to /dev/ttyUSB1: Bad file descriptor
14:29:52 | SUPPLY   [warning] Write attempt 2/3 failed for command "MEAS:ALL?" to Supply-supply-1
14:29:52 | SERIAL   [error] Failed to write "MEAS:ALL?
" to /dev/ttyUSB1: Bad file descriptor
14:29:52 | SUPPLY   [warning] Write attempt 3/3 failed for command "MEAS:ALL?" to Supply-supply-1
14:29:52 | SUPPLY   [error] Failed to write command "MEAS:ALL?" to Supply-supply-1 after 3 attempts
14:29:52 | SUPPLY   [warning] Query write attempt 1/1 failed for "MEAS:ALL?" to Supply-supply-1
14:29:52 | SUPPLY   [error] Failed to query command "MEAS:ALL?" from Supply-supply-1 after 1 attempts
14:29:52 | SUPPLY   [error] Supply-supply-1 did not return any measurements
14:29:52 | SERIAL   [error] Failed to write "CHAN 1
" to /dev/ttyUSB0: Bad file descriptor
14:29:52 | LOAD     [warning] Write attempt 1/3 failed for command "CHAN 1" to Load-load
14:29:52 | SERIAL   [error] Failed to write "CHAN 1
" to /dev/ttyUSB0: Bad file descriptor
14:29:52 | LOAD     [warning] Write attempt 2/3 failed for command "CHAN 1" to Load-load
14:29:52 | SERIAL   [error] Failed to write "CHAN 1
" to /dev/ttyUSB0: Bad file descriptor
14:29:52 | LOAD     [warning] Write attempt 3/3 failed for command "CHAN 1" to Load-load
14:29:52 | LOAD     [error] Failed to write command "CHAN 1" to Load-load after 3 attempts
14:29:52 | LOAD     [error] Failed to set channel at Load-load
14:29:52 | SERIAL   [error] Failed to write "CHAN 1
" to /dev/ttyUSB0: Bad file descriptor
14:29:52 | LOAD     [warning] Write attempt 1/3 failed for command "CHAN 1" to Load-load
14:29:52 | SERIAL   [error] Failed to write "CHAN 1
" to /dev/ttyUSB0: Bad file descriptor
14:29:52 | LOAD     [warning] Write attempt 2/3 failed for command "CHAN 1" to Load-load
14:29:52 | SERIAL   [error] Failed to write "CHAN 1
" to /dev/ttyUSB0: Bad file descriptor
14:29:52 | LOAD     [warning] Write attempt 3/3 failed for command "CHAN 1" to Load-load
14:29:52 | LOAD     [error] Failed to write command "CHAN 1" to Load-load after 3 attempts
14:29:52 | LOAD     [error] Failed to set channel at Load-load
14:29:52 | SERIAL   [error] Failed to write "CHAN 2
" to /dev/ttyUSB0: Bad file descriptor
14:29:52 | LOAD     [warning] Write attempt 1/3 failed for command "CHAN 2" to Load-load
14:29:52 | SERIAL   [error] Failed to write "CHAN 2
" to /dev/ttyUSB0: Bad file descriptor
14:29:52 | LOAD     [warning] Write attempt 2/3 failed for command "CHAN 2" to Load-load
14:29:52 | SERIAL   [error] Failed to write "CHAN 2
" to /dev/ttyUSB0: Bad file descriptor
14:29:52 | LOAD     [warning] Write attempt 3/3 failed for command "CHAN 2" to Load-load
14:29:52 | LOAD     [error] Failed to write command "CHAN 2" to Load-load after 3 attempts
14:29:52 | LOAD     [error] Failed to set channel at Load-load
14:29:52 | SERIAL   [error] Failed to write "CHAN 2
" to /dev/ttyUSB0: Bad file descriptor
14:29:52 | LOAD     [warning] Write attempt 1/3 failed for command "CHAN 2" to Load-load
14:29:52 | SERIAL   [error] Failed to write "CHAN 2
" to /dev/ttyUSB0: Bad file descriptor
14:29:52 | LOAD     [warning] Write attempt 2/3 failed for command "CHAN 2" to Load-load
14:29:52 | SERIAL   [error] Failed to write "CHAN 2
" to /dev/ttyUSB0: Bad file descriptor
14:29:52 | LOAD     [warning] Write attempt 3/3 failed for command "CHAN 2" to Load-load
14:29:52 | LOAD     [error] Failed to write command "CHAN 2" to Load-load after 3 attempts
14:29:52 | LOAD     [error] Failed to set channel at Load-load
14:29:52 | SERIAL   [error] Failed to write "OUTP?
" to /dev/ttyUSB1: Bad file descriptor
14:29:52 | SUPPLY   [warning] Write attempt 1/3 failed for command "OUTP?" to Supply-supply-1
14:29:52 | SERIAL   [error] Failed to write "OUTP?
" to /dev/ttyUSB1: Bad file descriptor
14:29:52 | SUPPLY   [warning] Write attempt 2/3 failed for command "OUTP?" to Supply-supply-1
14:29:52 | SERIAL   [error] Failed to write "OUTP?
" to /dev/ttyUSB1: Bad file descriptor
14:29:52 | SUPPLY   [warning] Write attempt 3/3 failed for command "OUTP?" to Supply-supply-1
14:29:52 | SUPPLY   [error] Failed to write command "OUTP?" to Supply-supply-1 after 3 attempts
14:29:52 | SUPPLY   [warning] Query write attempt 1/1 failed for "OUTP?" to Supply-supply-1
14:29:52 | SUPPLY   [error] Failed to query command "OUTP?" from Supply-supply-1 after 1 attempts
14:29:52 | SUPPLY   [error] Supply-supply-1 did not return a valid state
14:29:52 | SERIAL   [error] Failed to write "VOLT?
" to /dev/ttyUSB1: Bad file descriptor
14:29:52 | SUPPLY   [warning] Write attempt 1/3 failed for command "VOLT?" to Supply-supply-1
14:29:52 | SERIAL   [error] Failed to write "VOLT?
" to /dev/ttyUSB1: Bad file descriptor
14:29:52 | SUPPLY   [warning] Write attempt 2/3 failed for command "VOLT?" to Supply-supply-1
14:29:52 | SERIAL   [error] Failed to write "VOLT?
" to /dev/ttyUSB1: Bad file descriptor
14:29:52 | SUPPLY   [warning] Write attempt 3/3 failed for command "VOLT?" to Supply-supply-1
14:29:52 | SUPPLY   [error] Failed to write command "VOLT?" to Supply-supply-1 after 3 attempts
14:29:52 | SUPPLY   [warning] Query write attempt 1/1 failed for "VOLT?" to Supply-supply-1
14:29:52 | SUPPLY   [error] Failed to query command "VOLT?" from Supply-supply-1 after 1 attempts
14:29:52 | SUPPLY   [error] Supply-supply-1 did not return a set voltage
14:29:52 | SERIAL   [error] Failed to write "CURR?
" to /dev/ttyUSB1: Bad file descriptor
14:29:52 | SUPPLY   [warning] Write attempt 1/3 failed for command "CURR?" to Supply-supply-1
14:29:52 | SERIAL   [error] Failed to write "CURR?
" to /dev/ttyUSB1: Bad file descriptor
14:29:52 | SUPPLY   [warning] Write attempt 2/3 failed for command "CURR?" to Supply-supply-1
14:29:52 | SERIAL   [error] Failed to write "CURR?
" to /dev/ttyUSB1: Bad file descriptor
14:29:52 | SUPPLY   [warning] Write attempt 3/3 failed for command "CURR?" to Supply-supply-1
14:29:52 | SUPPLY   [error] Failed to write command "CURR?" to Supply-supply-1 after 3 attempts
14:29:52 | SUPPLY   [warning] Query write attempt 1/1 failed for "CURR?" to Supply-supply-1
14:29:52 | SUPPLY   [error] Failed to query command "CURR?" from Supply-supply-1 after 1 attempts
14:29:52 | SUPPLY   [error] Supply-supply-1 did not return a set current
14:29:52 | SUPPLY   [error] Supply-supply-1 failed to query current state
14:29:52 | SERIAL   [error] Failed to write "STATE?
" to /dev/ttyUSB2: Bad file descriptor
14:29:52 | MODULE   [warning] Write attempt 1/3 failed for command "STATE?" to Module-module-1
14:29:52 | SERIAL   [error] Failed to write "STATE?
" to /dev/ttyUSB2: Bad file descriptor
14:29:52 | MODULE   [warning] Write attempt 2/3 failed for command "STATE?" to Module-module-1
14:29:52 | SERIAL   [error] Failed to write "STATE?
" to /dev/ttyUSB2: Bad file descriptor
14:29:52 | MODULE   [warning] Write attempt 3/3 failed for command "STATE?" to Module-module-1
14:29:52 | MODULE   [error] Failed to write command "STATE?" to Module-module-1 after 3 attempts
14:29:52 | MODULE   [warning] Query write attempt 1/1 failed for "STATE?" to Module-module-1
14:29:52 | MODULE   [error] Failed to query command "STATE?" from Module-module-1 after 1 attempts
14:29:52 | MODULE   [error] Module-module-1 did not return a state
14:29:52 | SERIAL   [error] Failed to write "STATE CHARGE
" to /dev/ttyUSB2: Bad file descriptor
14:29:52 | MODULE   [warning] Write attempt 1/3 failed for command "STATE CHARGE" to Module-module-1
14:29:52 | SERIAL   [error] Failed to write "STATE CHARGE
" to /dev/ttyUSB2: Bad file descriptor
14:29:52 | MODULE   [warning] Write attempt 2/3 failed for command "STATE CHARGE" to Module-module-1
14:29:52 | SERIAL   [error] Failed to write "STATE CHARGE
" to /dev/ttyUSB2: Bad file descriptor
14:29:52 | MODULE   [warning] Write attempt 3/3 failed for command "STATE CHARGE" to Module-module-1
14:29:52 | MODULE   [error] Failed to write command "STATE CHARGE" to Module-module-1 after 3 attempts
14:29:52 | MODULE   [error] Module-module-1 cannot be set to charging
14:29:52 | SERIAL   [error] Failed to write "CHAN 2
" to /dev/ttyUSB0: Bad file descriptor
14:29:52 | LOAD     [warning] Write attempt 1/3 failed for command "CHAN 2" to Load-load
14:29:52 | SERIAL   [error] Failed to write "CHAN 2
" to /dev/ttyUSB0: Bad file descriptor
14:29:52 | LOAD     [warning] Write attempt 2/3 failed for command "CHAN 2" to Load-load
14:29:52 | SERIAL   [error] Failed to write "CHAN 2
" to /dev/ttyUSB0: Bad file descriptor
14:29:52 | LOAD     [warning] Write attempt 3/3 failed for command "CHAN 2" to Load-load
14:29:52 | LOAD     [error] Failed to write command "CHAN 2" to Load-load after 3 attempts
14:29:52 | LOAD     [error] Failed to set channel at Load-load
14:29:52 | SERIAL   [error] Failed to write "MEAS:ALL?
" to /dev/ttyUSB1: Bad file descriptor
14:29:52 | SUPPLY   [warning] Write attempt 1/3 failed for command "MEAS:ALL?" to Supply-supply-1
14:29:52 | SERIAL   [error] Failed to write "MEAS:ALL?
" to /dev/ttyUSB1: Bad file descriptor
14:29:52 | SUPPLY   [warning] Write attempt 2/3 failed for command "MEAS:ALL?" to Supply-supply-1
14:29:52 | SERIAL   [error] Failed to write "MEAS:ALL?
" to /dev/ttyUSB1: Bad file descriptor
14:29:52 | SUPPLY   [warning] Write attempt 3/3 failed for command "MEAS:ALL?" to Supply-supply-1
14:29:52 | SUPPLY   [error] Failed to write command "MEAS:ALL?" to Supply-supply-1 after 3 attempts
14:29:52 | SUPPLY   [warning] Query write attempt 1/1 failed for "MEAS:ALL?" to Supply-supply-1
14:29:52 | SUPPLY   [error] Failed to query command "MEAS:ALL?" from Supply-supply-1 after 1 attempts
14:29:52 | SUPPLY   [error] Supply-supply-1 did not return any measurements
14:29:52 | SERIAL   [error] Failed to write "CHAN 1
" to /dev/ttyUSB0: Bad file descriptor
14:29:52 | LOAD     [warning] Write attempt 1/3 failed for command "CHAN 1" to Load-load
14:29:52 | SERIAL   [error] Failed to write "CHAN 1
" to /dev/ttyUSB0: Bad file descriptor
14:29:52 | LOAD     [warning] Write attempt 2/3 failed for command "CHAN 1" to Load-load
14:29:52 | SERIAL   [error] Failed to write "CHAN 1
" to /dev/ttyUSB0: Bad file descriptor
14:29:52 | LOAD     [warning] Write attempt 3/3 failed for command "CHAN 1" to Load-load
14:29:52 | LOAD     [error] Failed to write command "CHAN 1" to Load-load after 3 attempts
14:29:52 | LOAD     [error] Failed to set channel at Load-load
14:29:52 | SERIAL   [error] Failed to write "CHAN 1
" to /dev/ttyUSB0: Bad file descriptor
14:29:52 | LOAD     [warning] Write attempt 1/3 failed for command "CHAN 1" to Load-load
14:29:52 | SERIAL   [error] Failed to write "CHAN 1
" to /dev/ttyUSB0: Bad file descriptor
14:29:52 | LOAD     [warning] Write attempt 2/3 failed for command "CHAN 1" to Load-load
14:29:52 | SERIAL   [error] Failed to write "CHAN 1
" to /dev/ttyUSB0: Bad file descriptor
14:29:52 | LOAD     [warning] Write attempt 3/3 failed for command "CHAN 1" to Load-load
14:29:52 | LOAD     [error] Failed to write command "CHAN 1" to Load-load after 3 attempts
14:29:52 | LOAD     [error] Failed to set channel at Load-load
14:29:52 | SERIAL   [error] Failed to write "CHAN 2
" to /dev/ttyUSB0: Bad file descriptor
14:29:52 | LOAD     [warning] Write attempt 1/3 failed for command "CHAN 2" to Load-load
14:29:52 | SERIAL   [error] Failed to write "CHAN 2
" to /dev/ttyUSB0: Bad file descriptor
14:29:52 | LOAD     [warning] Write attempt 2/3 failed for command "CHAN 2" to Load-load
14:29:52 | SERIAL   [error] Failed to write "CHAN 2
" to /dev/ttyUSB0: Bad file descriptor
14:29:52 | LOAD     [warning] Write attempt 3/3 failed for command "CHAN 2" to Load-load
14:29:52 | LOAD     [error] Failed to write command "CHAN 2" to Load-load after 3 attempts
14:29:52 | LOAD     [error] Failed to set channel at Load-load
14:29:52 | SERIAL   [error] Failed to write "CHAN 2
" to /dev/ttyUSB0: Bad file descriptor
14:29:52 | LOAD     [warning] Write attempt 1/3 failed for command "CHAN 2" to Load-load
14:29:52 | SERIAL   [error] Failed to write "CHAN 2
" to /dev/ttyUSB0: Bad file descriptor
14:29:52 | LOAD     [warning] Write attempt 2/3 failed for command "CHAN 2" to Load-load
14:29:52 | SERIAL   [error] Failed to write "CHAN 2
" to /dev/ttyUSB0: Bad file descriptor
14:29:52 | LOAD     [warning] Write attempt 3/3 failed for command "CHAN 2" to Load-load
14:29:52 | LOAD     [error] Failed to write command "CHAN 2" to Load-load after 3 attempts
14:29:52 | LOAD     [error] Failed to set channel at Load-load
14:29:52 | SERIAL   [error] Failed to write "OUTP?
" to /dev/ttyUSB1: Bad file descriptor
14:29:52 | SUPPLY   [warning] Write attempt 1/3 failed for command "OUTP?" to Supply-supply-1
14:29:52 | SERIAL   [error] Failed to write "OUTP?
" to /dev/ttyUSB1: Bad file descriptor
14:29:52 | SUPPLY   [warning] Write attempt 2/3 failed for command "OUTP?" to Supply-supply-1
14:29:52 | SERIAL   [error] Failed to write "OUTP?
" to /dev/ttyUSB1: Bad file descriptor
14:29:52 | SUPPLY   [warning] Write attempt 3/3 failed for command "OUTP?" to Supply-supply-1
14:29:52 | SUPPLY   [error] Failed to write command "OUTP?" to Supply-supply-1 after 3 attempts
14:29:52 | SUPPLY   [warning] Query write attempt 1/1 failed for "OUTP?" to Supply-supply-1
14:29:52 | SUPPLY   [error] Failed to query command "OUTP?" from Supply-supply-1 after 1 attempts
14:29:52 | SUPPLY   [error] Supply-supply-1 did not return a valid state
14:29:52 | SERIAL   [error] Failed to write "VOLT?
" to /dev/ttyUSB1: Bad file descriptor
14:29:52 | SUPPLY   [warning] Write attempt 1/3 failed for command "VOLT?" to Supply-supply-1
14:29:52 | SERIAL   [error] Failed to write "VOLT?
" to /dev/ttyUSB1: Bad file descriptor
14:29:52 | SUPPLY   [warning] Write attempt 2/3 failed for command "VOLT?" to Supply-supply-1
14:29:52 | SERIAL   [error] Failed to write "VOLT?
" to /dev/ttyUSB1: Bad file descriptor
14:29:52 | SUPPLY   [warning] Write attempt 3/3 failed for command "VOLT?" to Supply-supply-1
14:29:52 | SUPPLY   [error] Failed to write command "VOLT?" to Supply-supply-1 after 3 attempts
14:29:52 | SUPPLY   [warning] Query write attempt 1/1 failed for "VOLT?" to Supply-supply-1
14:29:52 | SUPPLY   [error] Failed to query command "VOLT?" from Supply-supply-1 after 1 attempts
14:29:52 | SUPPLY   [error] Supply-supply-1 did not return a set voltage
14:29:52 | SERIAL   [error] Failed to write "CURR?
" to /dev/ttyUSB1: Bad file descriptor
14:29:52 | SUPPLY   [warning] Write attempt 1/3 failed for command "CURR?" to Supply-supply-1
14:29:52 | SERIAL   [error] Failed to write "CURR?
" to /dev/ttyUSB1: Bad file descriptor
14:29:52 | SUPPLY   [warning] Write attempt 2/3 failed for command "CURR?" to Supply-supply-1
14:29:52 | SERIAL   [error] Failed to write "CURR?
" to /dev/ttyUSB1: Bad file descriptor
14:29:52 | SUPPLY   [warning] Write attempt 3/3 failed for command "CURR?" to Supply-supply-1
14:29:52 | SUPPLY   [error] Failed to write command "CURR?" to Supply-supply-1 after 3 attempts
14:29:52 | SUPPLY   [warning] Query write attempt 1/1 failed for "CURR?" to Supply-supply-1
14:29:52 | SUPPLY   [error] Failed to query command "CURR?" from Supply-supply-1 after 1 attempts
14:29:52 | SUPPLY   [error] Supply-supply-1 did not return a set current
14:29:52 | SUPPLY   [error] Supply-supply-1 failed to query current state
14:29:52 | SERIAL   [error] Failed to write "STATE?
" to /dev/ttyUSB2: Bad file descriptor
14:29:52 | MODULE   [warning] Write attempt 1/3 failed for command "STATE?" to Module-module-1
14:29:52 | SERIAL   [error] Failed to write "STATE?
" to /dev/ttyUSB2: Bad file descriptor
14:29:52 | MODULE   [warning] Write attempt 2/3 failed for command "STATE?" to Module-module-1
14:29:52 | SERIAL   [error] Failed to write "STATE?
" to /dev/ttyUSB2: Bad file descriptor
14:29:52 | MODULE   [warning] Write attempt 3/3 failed for command "STATE?" to Module-module-1
14:29:52 | MODULE   [error] Failed to write command "STATE?" to Module-module-1 after 3 attempts
14:29:52 | MODULE   [warning] Query write attempt 1/1 failed for "STATE?" to Module-module-1
14:29:52 | MODULE   [error] Failed to query command "STATE?" from Module-module-1 after 1 attempts
14:29:52 | MODULE   [error] Module-module-1 did not return a state
14:29:52 | SERIAL   [error] Failed to write "STATE CHARGE
" to /dev/ttyUSB2: Bad file descriptor
14:29:52 | MODULE   [warning] Write attempt 1/3 failed for command "STATE CHARGE" to Module-module-1
14:29:52 | SERIAL   [error] Failed to write "STATE CHARGE
" to /dev/ttyUSB2: Bad file descriptor
14:29:52 | MODULE   [warning] Write attempt 2/3 failed for command "STATE CHARGE" to Module-module-1
14:29:52 | SERIAL   [error] Failed to write "STATE CHARGE
" to /dev/ttyUSB2: Bad file descriptor
14:29:52 | MODULE   [warning] Write attempt 3/3 failed for command "STATE CHARGE" to Module-module-1
14:29:52 | MODULE   [error] Failed to write command "STATE CHARGE" to Module-module-1 after 3 attempts
14:29:52 | MODULE   [error] Module-module-1 cannot be set to charging
14:29:52 | SERIAL   [error] Failed to write "CHAN 2
" to /dev/ttyUSB0: Bad file descriptor
14:29:52 | LOAD     [warning] Write attempt 1/3 failed for command "CHAN 2" to Load-load
14:29:52 | SERIAL   [error] Failed to write "CHAN 2
" to /dev/ttyUSB0: Bad file descriptor
14:29:52 | LOAD     [warning] Write attempt 2/3 failed for command "CHAN 2" to Load-load
14:29:52 | SERIAL   [error] Failed to write "CHAN 2
" to /dev/ttyUSB0: Bad file descriptor
14:29:52 | LOAD     [warning] Write attempt 3/3 failed for command "CHAN 2" to Load-load
14:29:52 | LOAD     [error] Failed to write command "CHAN 2" to Load-load after 3 attempts
14:29:52 | LOAD     [error] Failed to set channel at Load-load
14:29:52 | SERIAL   [error] Failed to write "MEAS:ALL?
" to /dev/ttyUSB1: Bad file descriptor
14:29:52 | SUPPLY   [warning] Write attempt 1/3 failed for command "MEAS:ALL?" to Supply-supply-1
14:29:52 | SERIAL   [error] Failed to write "MEAS:ALL?
" to /dev/ttyUSB1: Bad file descriptor
14:29:52 | SUPPLY   [warning] Write attempt 2/3 failed for command "MEAS:ALL?" to Supply-supply-1
14:29:52 | SERIAL   [error] Failed to write "MEAS:ALL?
" to /dev/ttyUSB1: Bad file descriptor
14:29:52 | SUPPLY   [warning] Write attempt 3/3 failed for command "MEAS:ALL?" to Supply-supply-1
14:29:52 | SUPPLY   [error] Failed to write command "MEAS:ALL?" to Supply-supply-1 after 3 attempts
14:29:52 | SUPPLY   [warning] Query write attempt 1/1 failed for "MEAS:ALL?" to Supply-supply-1
14:29:52 | SUPPLY   [error] Failed to query command "MEAS:ALL?" from Supply-supply-1 after 1 attempts
14:29:52 | SUPPLY   [error] Supply-supply-1 did not return any measurements
14:29:52 | SERIAL   [error] Failed to write "CHAN 1
" to /dev/ttyUSB0: Bad file descriptor
14:29:52 | LOAD     [warning] Write attempt 1/3 failed for command "CHAN 1" to Load-load
14:29:52 | SERIAL   [error] Failed to write "CHAN 1
" to /dev/ttyUSB0: Bad file descriptor
14:29:52 | LOAD     [warning] Write attempt 2/3 failed for command "CHAN 1" to Load-load
14:29:52 | SERIAL   [error] Failed to write "CHAN 1
" to /dev/ttyUSB0: Bad file descriptor
14:29:52 | LOAD     [warning] Write attempt 3/3 failed for command "CHAN 1" to Load-load
14:29:52 | LOAD     [error] Failed to write command "CHAN 1" to Load-load after 3 attempts
14:29:52 | LOAD     [error] Failed to set channel at Load-load
14:29:52 | SERIAL   [error] Failed to write "CHAN 1
" to /dev/ttyUSB0: Bad file descriptor
14:29:52 | LOAD     [warning] Write attempt 1/3 failed for command "CHAN 1" to Load-load
14:29:52 | SERIAL   [error] Failed to write "CHAN 1
" to /dev/ttyUSB0: Bad file descriptor
14:29:52 | LOAD     [warning] Write attempt 2/3 failed for command "CHAN 1" to Load-load
14:29:52 | SERIAL   [error] Failed to write "CHAN 1
" to /dev/ttyUSB0: Bad file descriptor
14:29:52 | LOAD     [warning] Write attempt 3/3 failed for command "CHAN 1" to Load-load
14:29:52 | LOAD     [error] Failed to write command "CHAN 1" to Load-load after 3 attempts
14:29:52 | LOAD     [error] Failed to set channel at Load-load
14:29:52 | SERIAL   [error] Failed to write "CHAN 2
" to /dev/ttyUSB0: Bad file descriptor
14:29:52 | LOAD     [warning] Write attempt 1/3 failed for command "CHAN 2" to Load-load
14:29:52 | SERIAL   [error] Failed to write "CHAN 2
" to /dev/ttyUSB0: Bad file descriptor
14:29:52 | LOAD     [warning] Write attempt 2/3 failed for command "CHAN 2" to Load-load
14:29:52 | SERIAL   [error] Failed to write "CHAN 2
" to /dev/ttyUSB0: Bad file descriptor
14:29:52 | LOAD     [warning] Write attempt 3/3 failed for command "CHAN 2" to Load-load
14:29:52 | LOAD     [error] Failed to write command "CHAN 2" to Load-load after 3 attempts
14:29:52 | LOAD     [error] Failed to set channel at Load-load
14:29:52 | SERIAL   [error] Failed to write "CHAN 2
" to /dev/ttyUSB0: Bad file descriptor
14:29:52 | LOAD     [warning] Write attempt 1/3 failed for command "CHAN 2" to Load-load
14:29:52 | SERIAL   [error] Failed to write "CHAN 2
" to /dev/ttyUSB0: Bad file descriptor
14:29:52 | LOAD     [warning] Write attempt 2/3 failed for command "CHAN 2" to Load-load
14:29:52 | SERIAL   [error] Failed to write "CHAN 2
" to /dev/ttyUSB0: Bad file descriptor
14:29:52 | LOAD     [warning] Write attempt 3/3 failed for command "CHAN 2" to Load-load
14:29:52 | LOAD     [error] Failed to write command "CHAN 2" to Load-load after 3 attempts
14:29:52 | LOAD     [error] Failed to set channel at Load-load
14:29:52 | SERIAL   [error] Failed to write "OUTP?
" to /dev/ttyUSB1: Bad file descriptor
14:29:52 | SUPPLY   [warning] Write attempt 1/3 failed for command "OUTP?" to Supply-supply-1
14:29:52 | SERIAL   [error] Failed to write "OUTP?
" to /dev/ttyUSB1: Bad file descriptor
14:29:52 | SUPPLY   [warning] Write attempt 2/3 failed for command "OUTP?" to Supply-supply-1
14:29:52 | SERIAL   [error] Failed to write "OUTP?
" to /dev/ttyUSB1: Bad file descriptor
14:29:52 | SUPPLY   [warning] Write attempt 3/3 failed for command "OUTP?" to Supply-supply-1
14:29:52 | SUPPLY   [error] Failed to write command "OUTP?" to Supply-supply-1 after 3 attempts
14:29:52 | SUPPLY   [warning] Query write attempt 1/1 failed for "OUTP?" to Supply-supply-1
14:29:52 | SUPPLY   [error] Failed to query command "OUTP?" from Supply-supply-1 after 1 attempts
14:29:52 | SUPPLY   [error] Supply-supply-1 did not return a valid state
14:29:52 | SERIAL   [error] Failed to write "VOLT?
" to /dev/ttyUSB1: Bad file descriptor
14:29:52 | SUPPLY   [warning] Write attempt 1/3 failed for command "VOLT?" to Supply-supply-1
14:29:52 | SERIAL   [error] Failed to write "VOLT?
" to /dev/ttyUSB1: Bad file descriptor
14:29:52 | SUPPLY   [warning] Write attempt 2/3 failed for command "VOLT?" to Supply-supply-1
14:29:52 | SERIAL   [error] Failed to write "VOLT?
" to /dev/ttyUSB1: Bad file descriptor
14:29:52 | SUPPLY   [warning] Write attempt 3/3 failed for command "VOLT?" to Supply-supply-1
14:29:52 | SUPPLY   [error] Failed to write command "VOLT?" to Supply-supply-1 after 3 attempts
14:29:52 | SUPPLY   [warning] Query write attempt 1/1 failed for "VOLT?" to Supply-supply-1
14:29:52 | SUPPLY   [error] Failed to query command "VOLT?" from Supply-supply-1 after 1 attempts
14:29:52 | SUPPLY   [error] Supply-supply-1 did not return a set voltage
14:29:52 | SERIAL   [error] Failed to write "CURR?
" to /dev/ttyUSB1: Bad file descriptor
14:29:52 | SUPPLY   [warning] Write attempt 1/3 failed for command "CURR?" to Supply-supply-1
14:29:52 | SERIAL   [error] Failed to write "CURR?
" to /dev/ttyUSB1: Bad file descriptor
14:29:52 | SUPPLY   [warning] Write attempt 2/3 failed for command "CURR?" to Supply-supply-1
14:29:52 | SERIAL   [error] Failed to write "CURR?
" to /dev/ttyUSB1: Bad file descriptor
14:29:52 | SUPPLY   [warning] Write attempt 3/3 failed for command "CURR?" to Supply-supply-1
14:29:52 | SUPPLY   [error] Failed to write command "CURR?" to Supply-supply-1 after 3 attempts
14:29:52 | SUPPLY   [warning] Query write attempt 1/1 failed for "CURR?" to Supply-supply-1
14:29:52 | SUPPLY   [error] Failed to query command "CURR?" from Supply-supply-1 after 1 attempts
14:29:52 | SUPPLY   [error] Supply-supply-1 did not return a set current
14:29:52 | SUPPLY   [error] Supply-supply-1 failed to query current state
14:29:52 | SERIAL   [error] Failed to write "STATE?
" to /dev/ttyUSB2: Bad file descriptor
14:29:52 | MODULE   [warning] Write attempt 1/3 failed for command "STATE?" to Module-module-1
14:29:52 | SERIAL   [error] Failed to write "STATE?
" to /dev/ttyUSB2: Bad file descriptor
14:29:52 | MODULE   [warning] Write attempt 2/3 failed for command "STATE?" to Module-module-1
14:29:52 | SERIAL   [error] Failed to write "STATE?
" to /dev/ttyUSB2: Bad file descriptor
14:29:52 | MODULE   [warning] Write attempt 3/3 failed for command "STATE?" to Module-module-1
14:29:52 | MODULE   [error] Failed to write command "STATE?" to Module-module-1 after 3 attempts
14:29:52 | MODULE   [warning] Query write attempt 1/1 failed for "STATE?" to Module-module-1
14:29:52 | MODULE   [error] Failed to query command "STATE?" from Module-module-1 after 1 attempts
14:29:52 | MODULE   [error] Module-module-1 did not return a state
14:29:52 | SERIAL   [error] Failed to write "STATE CHARGE
" to /dev/ttyUSB2: Bad file descriptor
14:29:52 | MODULE   [warning] Write attempt 1/3 failed for command "STATE CHARGE" to Module-module-1
14:29:52 | SERIAL   [error] Failed to write "STATE CHARGE
" to /dev/ttyUSB2: Bad file descriptor
14:29:52 | MODULE   [warning] Write attempt 2/3 failed for command "STATE CHARGE" to Module-module-1
14:29:52 | SERIAL   [error] Failed to write "STATE CHARGE
" to /dev/ttyUSB2: Bad file descriptor
14:29:52 | MODULE   [warning] Write attempt 3/3 failed for command "STATE CHARGE" to Module-module-1
14:29:52 | MODULE   [error] Failed to write command "STATE CHARGE" to Module-module-1 after 3 attempts
14:29:52 | MODULE   [error] Module-module-1 cannot be set to charging
14:29:52 | SERIAL   [error] Failed to write "CHAN 2
" to /dev/ttyUSB0: Bad file descriptor
14:29:52 | LOAD     [warning] Write attempt 1/3 failed for command "CHAN 2" to Load-load
14:29:52 | SERIAL   [error] Failed to write "CHAN 2
" to /dev/ttyUSB0: Bad file descriptor
14:29:52 | LOAD     [warning] Write attempt 2/3 failed for command "CHAN 2" to Load-load
14:29:52 | SERIAL   [error] Failed to write "CHAN 2
" to /dev/ttyUSB0: Bad file descriptor
14:29:52 | LOAD     [warning] Write attempt 3/3 failed for command "CHAN 2" to Load-load
14:29:52 | LOAD     [error] Failed to write command "CHAN 2" to Load-load after 3 attempts
14:29:52 | LOAD     [error] Failed to set channel at Load-load
14:29:52 | SERIAL   [error] Failed to write "MEAS:ALL?
" to /dev/ttyUSB1: Bad file descriptor
14:29:52 | SUPPLY   [warning] Write attempt 1/3 failed for command "MEAS:ALL?" to Supply-supply-1
14:29:52 | SERIAL   [error] Failed to write "MEAS:ALL?
" to /dev/ttyUSB1: Bad file descriptor
14:29:52 | SUPPLY   [warning] Write attempt 2/3 failed for command "MEAS:ALL?" to Supply-supply-1
14:29:52 | SERIAL   [error] Failed to write "MEAS:ALL?
" to /dev/ttyUSB1: Bad file descriptor
14:29:52 | SUPPLY   [warning] Write attempt 3/3 failed for command "MEAS:ALL?" to Supply-supply-1
14:29:52 | SUPPLY   [error] Failed to write command "MEAS:ALL?" to Supply-supply-1 after 3 attempts
14:29:52 | SUPPLY   [warning] Query write attempt 1/1 failed for "MEAS:ALL?" to Supply-supply-1
14:29:52 | SUPPLY   [error] Failed to query command "MEAS:ALL?" from Supply-supply-1 after 1 attempts
14:29:52 | SUPPLY   [error] Supply-supply-1 did not return any measurements
14:29:52 | SERIAL   [error] Failed to write "CHAN 1
" to /dev/ttyUSB0: Bad file descriptor
14:29:52 | LOAD     [warning] Write attempt 1/3 failed for command "CHAN 1" to Load-load
14:29:52 | SERIAL   [error] Failed to write "CHAN 1
" to /dev/ttyUSB0: Bad file descriptor
14:29:52 | LOAD     [warning] Write attempt 2/3 failed for command "CHAN 1" to Load-load
14:29:52 | SERIAL   [error] Failed to write "CHAN 1
" to /dev/ttyUSB0: Bad file descriptor
14:29:52 | LOAD     [warning] Write attempt 3/3 failed for command "CHAN 1" to Load-load
14:29:52 | LOAD     [error] Failed to write command "CHAN 1" to Load-load after 3 attempts
14:29:52 | LOAD     [error] Failed to set channel at Load-load
14:29:52 | SERIAL   [error] Failed to write "CHAN 1
" to /dev/ttyUSB0: Bad file descriptor
14:29:52 | LOAD     [warning] Write attempt 1/3 failed for command "CHAN 1" to Load-load
14:29:52 | SERIAL   [error] Failed to write "CHAN 1
" to /dev/ttyUSB0: Bad file descriptor
14:29:52 | LOAD     [warning] Write attempt 2/3 failed for command "CHAN 1" to Load-load
14:29:52 | SERIAL   [error] Failed to write "CHAN 1
" to /dev/ttyUSB0: Bad file descriptor
14:29:52 | LOAD     [warning] Write attempt 3/3 failed for command "CHAN 1" to Load-load
14:29:52 | LOAD     [error] Failed to write command "CHAN 1" to Load-load after 3 attempts
14:29:52 | LOAD     [error] Failed to set channel at Load-load
14:29:52 | SERIAL   [error] Failed to write "CHAN 2
" to /dev/ttyUSB0: Bad file descriptor
14:29:52 | LOAD     [warning] Write attempt 1/3 failed for command "CHAN 2" to Load-load
14:29:52 | SERIAL   [error] Failed to write "CHAN 2
" to /dev/ttyUSB0: Bad file descriptor
14:29:52 | LOAD     [warning] Write attempt 2/3 failed for command "CHAN 2" to Load-load
14:29:52 | SERIAL   [error] Failed to write "CHAN 2
" to /dev/ttyUSB0: Bad file descriptor
14:29:52 | LOAD     [warning] Write attempt 3/3 failed for command "CHAN 2" to Load-load
14:29:52 | LOAD     [error] Failed to write command "CHAN 2" to Load-load after 3 attempts
14:29:52 | LOAD     [error] Failed to set channel at Load-load
14:29:52 | SERIAL   [error] Failed to write "CHAN 2
" to /dev/ttyUSB0: Bad file descriptor
14:29:52 | LOAD     [warning] Write attempt 1/3 failed for command "CHAN 2" to Load-load
14:29:52 | SERIAL   [error] Failed to write "CHAN 2
" to /dev/ttyUSB0: Bad file descriptor
14:29:52 | LOAD     [warning] Write attempt 2/3 failed for command "CHAN 2" to Load-load
14:29:52 | SERIAL   [error] Failed to write "CHAN 2
" to /dev/ttyUSB0: Bad file descriptor
14:29:52 | LOAD     [warning] Write attempt 3/3 failed for command "CHAN 2" to Load-load
14:29:52 | LOAD     [error] Failed to write command "CHAN 2" to Load-load after 3 attempts
14:29:52 | LOAD     [error] Failed to set channel at Load-load
14:29:52 | SERIAL   [error] Failed to write "OUTP?
" to /dev/ttyUSB1: Bad file descriptor
14:29:52 | SUPPLY   [warning] Write attempt 1/3 failed for command "OUTP?" to Supply-supply-1
14:29:52 | SERIAL   [error] Failed to write "OUTP?
" to /dev/ttyUSB1: Bad file descriptor
14:29:52 | SUPPLY   [warning] Write attempt 2/3 failed for command "OUTP?" to Supply-supply-1
14:29:52 | SERIAL   [error] Failed to write "OUTP?
" to /dev/ttyUSB1: Bad file descriptor
14:29:52 | SUPPLY   [warning] Write attempt 3/3 failed for command "OUTP?" to Supply-supply-1
14:29:52 | SUPPLY   [error] Failed to write command "OUTP?" to Supply-supply-1 after 3 attempts
14:29:52 | SUPPLY   [warning] Query write attempt 1/1 failed for "OUTP?" to Supply-supply-1
14:29:52 | SUPPLY   [error] Failed to query command "OUTP?" from Supply-supply-1 after 1 attempts
14:29:52 | SUPPLY   [error] Supply-supply-1 did not return a valid state
14:29:52 | SERIAL   [error] Failed to write "VOLT?
" to /dev/ttyUSB1: Bad file descriptor
14:29:52 | SUPPLY   [warning] Write attempt 1/3 failed for command "VOLT?" to Supply-supply-1
14:29:52 | SERIAL   [error] Failed to write "VOLT?
" to /dev/ttyUSB1: Bad file descriptor
14:29:52 | SUPPLY   [warning] Write attempt 2/3 failed for command "VOLT?" to Supply-supply-1
14:29:52 | SERIAL   [error] Failed to write "VOLT?
" to /dev/ttyUSB1: Bad file descriptor
14:29:52 | SUPPLY   [warning] Write attempt 3/3 failed for command "VOLT?" to Supply-supply-1
14:29:52 | SUPPLY   [error] Failed to write command "VOLT?" to Supply-supply-1 after 3 attempts
14:29:52 | SUPPLY   [warning] Query write attempt 1/1 failed for "VOLT?" to Supply-supply-1
14:29:52 | SUPPLY   [error] Failed to query command "VOLT?" from Supply-supply-1 after 1 attempts
14:29:52 | SUPPLY   [error] Supply-supply-1 did not return a set voltage
14:29:52 | SERIAL   [error] Failed to write "CURR?
" to /dev/ttyUSB1: Bad file descriptor
14:29:52 | SUPPLY   [warning] Write attempt 1/3 failed for command "CURR?" to Supply-supply-1
14:29:52 | SERIAL   [error] Failed to write "CURR?
" to /dev/ttyUSB1: Bad file descriptor
14:29:52 | SUPPLY   [warning] Write attempt 2/3 failed for command "CURR?" to Supply-supply-1
14:29:52 | SERIAL   [error] Failed to write "CURR?
" to /dev/ttyUSB1: Bad file descriptor
14:29:52 | SUPPLY   [warning] Write attempt 3/3 failed for command "CURR?" to Supply-supply-1
14:29:52 | SUPPLY   [error] Failed to write command "CURR?" to Supply-supply-1 after 3 attempts
14:29:52 | SUPPLY   [warning] Query write attempt 1/1 failed for "CURR?" to Supply-supply-1
14:29:52 | SUPPLY   [error] Failed to query command "CURR?" from Supply-supply-1 after 1 attempts
14:29:52 | SUPPLY   [error] Supply-supply-1 did not return a set current
14:29:52 | SUPPLY   [error] Supply-supply-1 failed to query current state
14:29:52 | SERIAL   [error] Failed to write "STATE?
" to /dev/ttyUSB2: Bad file descriptor
14:29:52 | MODULE   [warning] Write attempt 1/3 failed for command "STATE?" to Module-module-1
14:29:52 | SERIAL   [error] Failed to write "STATE?
" to /dev/ttyUSB2: Bad file descriptor
14:29:52 | MODULE   [warning] Write attempt 2/3 failed for command "STATE?" to Module-module-1
14:29:52 | SERIAL   [error] Failed to write "STATE?
" to /dev/ttyUSB2: Bad file descriptor
14:29:52 | MODULE   [warning] Write attempt 3/3 failed for command "STATE?" to Module-module-1
14:29:52 | MODULE   [error] Failed to write command "STATE?" to Module-module-1 after 3 attempts
14:29:52 | MODULE   [warning] Query write attempt 1/1 failed for "STATE?" to Module-module-1
14:29:52 | MODULE   [error] Failed to query command "STATE?" from Module-module-1 after 1 attempts
14:29:52 | MODULE   [error] Module-module-1 did not return a state
14:29:52 | SERIAL   [error] Failed to write "STATE CHARGE
" to /dev/ttyUSB2: Bad file descriptor
14:29:52 | MODULE   [warning] Write attempt 1/3 failed for command "STATE CHARGE" to Module-module-1
14:29:52 | SERIAL   [error] Failed to write "STATE CHARGE
" to /dev/ttyUSB2: Bad file descriptor
14:29:52 | MODULE   [warning] Write attempt 2/3 failed for command "STATE CHARGE" to Module-module-1
14:29:52 | SERIAL   [error] Failed to write "STATE CHARGE
" to /dev/ttyUSB2: Bad file descriptor
14:29:52 | MODULE   [warning] Write attempt 3/3 failed for command "STATE CHARGE" to Module-module-1
14:29:52 | MODULE   [error] Failed to write command "STATE CHARGE" to Module-module-1 after 3 attempts
14:29:52 | MODULE   [error] Module-module-1 cannot be set to charging
14:29:52 | SERIAL   [error] Failed to write "CHAN 2
" to /dev/ttyUSB0: Bad file descriptor
14:29:52 | LOAD     [warning] Write attempt 1/3 failed for command "CHAN 2" to Load-load
14:29:52 | SERIAL   [error] Failed to write "CHAN 2
" to /dev/ttyUSB0: Bad file descriptor
14:29:52 | LOAD     [warning] Write attempt 2/3 failed for command "CHAN 2" to Load-load
14:29:52 | SERIAL   [error] Failed to write "CHAN 2
" to /dev/ttyUSB0: Bad file descriptor
14:29:52 | LOAD     [warning] Write attempt 3/3 failed for command "CHAN 2" to Load-load
14:29:52 | LOAD     [error] Failed to write command "CHAN 2" to Load-load after 3 attempts
14:29:52 | LOAD     [error] Failed to set channel at Load-load
14:29:52 | SERIAL   [error] Failed to write "MEAS:ALL?
" to /dev/ttyUSB1: Bad file descriptor
14:29:52 | SUPPLY   [warning] Write attempt 1/3 failed for command "MEAS:ALL?" to Supply-supply-1
14:29:52 | SERIAL   [error] Failed to write "MEAS:ALL?
" to /dev/ttyUSB1: Bad file descriptor
14:29:52 | SUPPLY   [warning] Write attempt 2/3 failed for command "MEAS:ALL?" to Supply-supply-1
14:29:52 | SERIAL   [error] Failed to write "MEAS:ALL?
" to /dev/ttyUSB1: Bad file descriptor
14:29:52 | SUPPLY   [warning] Write attempt 3/3 failed for command "MEAS:ALL?" to Supply-supply-1
14:29:52 | SUPPLY   [error] Failed to write command "MEAS:ALL?" to Supply-supply-1 after 3 attempts
14:29:52 | SUPPLY   [warning] Query write attempt 1/1 failed for "MEAS:ALL?" to Supply-supply-1
14:29:52 | SUPPLY   [error] Failed to query command "MEAS:ALL?" from Supply-supply-1 after 1 attempts
14:29:52 | SUPPLY   [error] Supply-supply-1 did not return any measurements
14:29:52 | SERIAL   [error] Failed to write "CHAN 1
" to /dev/ttyUSB0: Bad file descriptor
14:29:52 | LOAD     [warning] Write attempt 1/3 failed for command "CHAN 1" to Load-load
14:29:52 | SERIAL   [error] Failed to write "CHAN 1
" to /dev/ttyUSB0: Bad file descriptor
14:29:52 | LOAD     [warning] Write attempt 2/3 failed for command "CHAN 1" to Load-load
14:29:52 | SERIAL   [error] Failed to write "CHAN 1
" to /dev/ttyUSB0: Bad file descriptor
14:29:52 | LOAD     [warning] Write attempt 3/3 failed for command "CHAN 1" to Load-load
14:29:52 | LOAD     [error] Failed to write command "CHAN 1" to Load-load after 3 attempts
14:29:52 | LOAD     [error] Failed to set channel at Load-load
14:29:52 | SERIAL   [error] Failed to write "CHAN 1
" to /dev/ttyUSB0: Bad file descriptor
14:29:52 | LOAD     [warning] Write attempt 1/3 failed for command "CHAN 1" to Load-load
14:29:52 | SERIAL   [error] Failed to write "CHAN 1
" to /dev/ttyUSB0: Bad file descriptor
14:29:52 | LOAD     [warning] Write attempt 2/3 failed for command "CHAN 1" to Load-load
14:29:52 | SERIAL   [error] Failed to write "CHAN 1
" to /dev/ttyUSB0: Bad file descriptor
14:29:52 | LOAD     [warning] Write attempt 3/3 failed for command "CHAN 1" to Load-load
14:29:52 | LOAD     [error] Failed to write command "CHAN 1" to Load-load after 3 attempts
14:29:52 | LOAD     [error] Failed to set channel at Load-load
14:29:52 | SERIAL   [error] Failed to write "CHAN 2
" to /dev/ttyUSB0: Bad file descriptor
14:29:52 | LOAD     [warning] Write attempt 1/3 failed for command "CHAN 2" to Load-load
14:29:52 | SERIAL   [error] Failed to write "CHAN 2
" to /dev/ttyUSB0: Bad file descriptor
14:29:52 | LOAD     [warning] Write attempt 2/3 failed for command "CHAN 2" to Load-load
14:29:52 | SERIAL   [error] Failed to write "CHAN 2
" to /dev/ttyUSB0: Bad file descriptor
14:29:52 | LOAD     [warning] Write attempt 3/3 failed for command "CHAN 2" to Load-load
14:29:52 | LOAD     [error] Failed to write command "CHAN 2" to Load-load after 3 attempts
14:29:52 | LOAD     [error] Failed to set channel at Load-load
14:29:52 | SERIAL   [error] Failed to write "CHAN 2
" to /dev/ttyUSB0: Bad file descriptor
14:29:52 | LOAD     [warning] Write attempt 1/3 failed for command "CHAN 2" to Load-load
14:29:52 | SERIAL   [error] Failed to write "CHAN 2
" to /dev/ttyUSB0: Bad file descriptor
14:29:52 | LOAD     [warning] Write attempt 2/3 failed for command "CHAN 2" to Load-load
14:29:52 | SERIAL   [error] Failed to write "CHAN 2
" to /dev/ttyUSB0: Bad file descriptor
14:29:52 | LOAD     [warning] Write attempt 3/3 failed for command "CHAN 2" to Load-load
14:29:52 | LOAD     [error] Failed to write command "CHAN 2" to Load-load after 3 attempts
14:29:52 | LOAD     [error] Failed to set channel at Load-load
14:29:52 | SERIAL   [error] Failed to write "OUTP?
" to /dev/ttyUSB1: Bad file descriptor
14:29:52 | SUPPLY   [warning] Write attempt 1/3 failed for command "OUTP?" to Supply-supply-1
14:29:52 | SERIAL   [error] Failed to write "OUTP?
" to /dev/ttyUSB1: Bad file descriptor
14:29:52 | SUPPLY   [warning] Write attempt 2/3 failed for command "OUTP?" to Supply-supply-1
14:29:52 | SERIAL   [error] Failed to write "OUTP?
" to /dev/ttyUSB1: Bad file descriptor
14:29:52 | SUPPLY   [warning] Write attempt 3/3 failed for command "OUTP?" to Supply-supply-1
14:29:52 | SUPPLY   [error] Failed to write command "OUTP?" to Supply-supply-1 after 3 attempts
14:29:52 | SUPPLY   [warning] Query write attempt 1/1 failed for "OUTP?" to Supply-supply-1
14:29:52 | SUPPLY   [error] Failed to query command "OUTP?" from Supply-supply-1 after 1 attempts
14:29:52 | SUPPLY   [error] Supply-supply-1 did not return a valid state
14:29:52 | SERIAL   [error] Failed to write "VOLT?
" to /dev/ttyUSB1: Bad file descriptor
14:29:52 | SUPPLY   [warning] Write attempt 1/3 failed for command "VOLT?" to Supply-supply-1
14:29:52 | SERIAL   [error] Failed to write "VOLT?
" to /dev/ttyUSB1: Bad file descriptor
14:29:52 | SUPPLY   [warning] Write attempt 2/3 failed for command "VOLT?" to Supply-supply-1
14:29:52 | SERIAL   [error] Failed to write "VOLT?
" to /dev/ttyUSB1: Bad file descriptor
14:29:52 | SUPPLY   [warning] Write attempt 3/3 failed for command "VOLT?" to Supply-supply-1
14:29:52 | SUPPLY   [error] Failed to write command "VOLT?" to Supply-supply-1 after 3 attempts
14:29:52 | SUPPLY   [warning] Query write attempt 1/1 failed for "VOLT?" to Supply-supply-1
14:29:52 | SUPPLY   [error] Failed to query command "VOLT?" from Supply-supply-1 after 1 attempts
14:29:52 | SUPPLY   [error] Supply-supply-1 did not return a set voltage
14:29:52 | SERIAL   [error] Failed to write "CURR?
" to /dev/ttyUSB1: Bad file descriptor
14:29:52 | SUPPLY   [warning] Write attempt 1/3 failed for command "CURR?" to Supply-supply-1
14:29:52 | SERIAL   [error] Failed to write "CURR?
" to /dev/ttyUSB1: Bad file descriptor
14:29:52 | SUPPLY   [warning] Write attempt 2/3 failed for command "CURR?" to Supply-supply-1
14:29:52 | SERIAL   [error] Failed to write "CURR?
" to /dev/ttyUSB1: Bad file descriptor
14:29:52 | SUPPLY   [warning] Write attempt 3/3 failed for command "CURR?" to Supply-supply-1
14:29:52 | SUPPLY   [error] Failed to write command "CURR?" to Supply-supply-1 after 3 attempts
14:29:52 | SUPPLY   [warning] Query write attempt 1/1 failed for "CURR?" to Supply-supply-1
14:29:52 | SUPPLY   [error] Failed to query command "CURR?" from Supply-supply-1 after 1 attempts
14:29:52 | SUPPLY   [error] Supply-supply-1 did not return a set current
14:29:52 | SUPPLY   [error] Supply-supply-1 failed to query current state
14:29:52 | SERIAL   [error] Failed to write "STATE?
" to /dev/ttyUSB2: Bad file descriptor
14:29:52 | MODULE   [warning] Write attempt 1/3 failed for command "STATE?" to Module-module-1
14:29:52 | SERIAL   [error] Failed to write "STATE?
" to /dev/ttyUSB2: Bad file descriptor
14:29:52 | MODULE   [warning] Write attempt 2/3 failed for command "STATE?" to Module-module-1
14:29:52 | SERIAL   [error] Failed to write "STATE?
" to /dev/ttyUSB2: Bad file descriptor
14:29:52 | MODULE   [warning] Write attempt 3/3 failed for command "STATE?" to Module-module-1
14:29:52 | MODULE   [error] Failed to write command "STATE?" to Module-module-1 after 3 attempts
14:29:52 | MODULE   [warning] Query write attempt 1/1 failed for "STATE?" to Module-module-1
14:29:52 | MODULE   [error] Failed to query command "STATE?" from Module-module-1 after 1 attempts
14:29:52 | MODULE   [error] Module-module-1 did not return a state
14:29:52 | SERIAL   [error] Failed to write "STATE CHARGE
" to /dev/ttyUSB2: Bad file descriptor
14:29:52 | MODULE   [warning] Write attempt 1/3 failed for command "STATE CHARGE" to Module-module-1
14:29:52 | SERIAL   [error] Failed to write "STATE CHARGE
" to /dev/ttyUSB2: Bad file descriptor
14:29:52 | MODULE   [warning] Write attempt 2/3 failed for command "STATE CHARGE" to Module-module-1
14:29:52 | SERIAL   [error] Failed to write "STATE CHARGE
" to /dev/ttyUSB2: Bad file descriptor
14:29:52 | MODULE   [warning] Write attempt 3/3 failed for command "STATE CHARGE" to Module-module-1
14:29:52 | MODULE   [error] Failed to write command "STATE CHARGE" to Module-module-1 after 3 attempts
14:29:52 | MODULE   [error] Module-module-1 cannot be set to charging
14:29:52 | SERIAL   [error] Failed to write "CHAN 2
" to /dev/ttyUSB0: Bad file descriptor
14:29:52 | LOAD     [warning] Write attempt 1/3 failed for command "CHAN 2" to Load-load
14:29:52 | SERIAL   [error] Failed to write "CHAN 2
" to /dev/ttyUSB0: Bad file descriptor
14:29:52 | LOAD     [warning] Write attempt 2/3 failed for command "CHAN 2" to Load-load
14:29:52 | SERIAL   [error] Failed to write "CHAN 2
" to /dev/ttyUSB0: Bad file descriptor
14:29:52 | LOAD     [warning] Write attempt 3/3 failed for command "CHAN 2" to Load-load
14:29:52 | LOAD     [error] Failed to write command "CHAN 2" to Load-load after 3 attempts
14:29:52 | LOAD     [error] Failed to set channel at Load-load
14:29:52 | SERIAL   [error] Failed to write "MEAS:ALL?
" to /dev/ttyUSB1: Bad file descriptor
14:29:52 | SUPPLY   [warning] Write attempt 1/3 failed for command "MEAS:ALL?" to Supply-supply-1
14:29:52 | SERIAL   [error] Failed to write "MEAS:ALL?
" to /dev/ttyUSB1: Bad file descriptor
14:29:52 | SUPPLY   [warning] Write attempt 2/3 failed for command "MEAS:ALL?" to Supply-supply-1
14:29:52 | SERIAL   [error] Failed to write "MEAS:ALL?
" to /dev/ttyUSB1: Bad file descriptor
14:29:52 | SUPPLY   [warning] Write attempt 3/3 failed for command "MEAS:ALL?" to Supply-supply-1
14:29:52 | SUPPLY   [error] Failed to write command "MEAS:ALL?" to Supply-supply-1 after 3 attempts
14:29:52 | SUPPLY   [warning] Query write attempt 1/1 failed for "MEAS:ALL?" to Supply-supply-1
14:29:52 | SUPPLY   [error] Failed to query command "MEAS:ALL?" from Supply-supply-1 after 1 attempts
14:29:52 | SUPPLY   [error] Supply-supply-1 did not return any measurements
14:29:52 | SERIAL   [error] Failed to write "CHAN 1
" to /dev/ttyUSB0: Bad file descriptor
14:29:52 | LOAD     [warning] Write attempt 1/3 failed for command "CHAN 1" to Load-load
14:29:52 | SERIAL   [error] Failed to write "CHAN 1
" to /dev/ttyUSB0: Bad file descriptor
14:29:52 | LOAD     [warning] Write attempt 2/3 failed for command "CHAN 1" to Load-load
14:29:52 | SERIAL   [error] Failed to write "CHAN 1
" to /dev/ttyUSB0: Bad file descriptor
14:29:52 | LOAD     [warning] Write attempt 3/3 failed for command "CHAN 1" to Load-load
14:29:52 | LOAD     [error] Failed to write command "CHAN 1" to Load-load after 3 attempts
14:29:52 | LOAD     [error] Failed to set channel at Load-load
14:29:52 | SERIAL   [error] Failed to write "CHAN 1
" to /dev/ttyUSB0: Bad file descriptor
14:29:52 | LOAD     [warning] Write attempt 1/3 failed for command "CHAN 1" to Load-load
14:29:52 | SERIAL   [error] Failed to write "CHAN 1
" to /dev/ttyUSB0: Bad file descriptor
14:29:52 | LOAD     [warning] Write attempt 2/3 failed for command "CHAN 1" to Load-load
14:29:52 | SERIAL   [error] Failed to write "CHAN 1
" to /dev/ttyUSB0: Bad file descriptor
14:29:52 | LOAD     [warning] Write attempt 3/3 failed for command "CHAN 1" to Load-load
14:29:52 | LOAD     [error] Failed to write command "CHAN 1" to Load-load after 3 attempts
14:29:52 | LOAD     [error] Failed to set channel at Load-load
14:29:52 | SERIAL   [error] Failed to write "CHAN 2
" to /dev/ttyUSB0: Bad file descriptor
14:29:52 | LOAD     [warning] Write attempt 1/3 failed for command "CHAN 2" to Load-load
14:29:52 | SERIAL   [error] Failed to write "CHAN 2
" to /dev/ttyUSB0: Bad file descriptor
14:29:52 | LOAD     [warning] Write attempt 2/3 failed for command "CHAN 2" to Load-load
14:29:52 | SERIAL   [error] Failed to write "CHAN 2
" to /dev/ttyUSB0: Bad file descriptor
14:29:52 | LOAD     [warning] Write attempt 3/3 failed for command "CHAN 2" to Load-load
14:29:52 | LOAD     [error] Failed to write command "CHAN 2" to Load-load after 3 attempts
14:29:52 | LOAD     [error] Failed to set channel at Load-load
14:29:52 | SERIAL   [error] Failed to write "CHAN 2
" to /dev/ttyUSB0: Bad file descriptor
14:29:52 | LOAD     [warning] Write attempt 1/3 failed for command "CHAN 2" to Load-load
14:29:52 | SERIAL   [error] Failed to write "CHAN 2
" to /dev/ttyUSB0: Bad file descriptor
14:29:52 | LOAD     [warning] Write attempt 2/3 failed for command "CHAN 2" to Load-load
14:29:52 | SERIAL   [error] Failed to write "CHAN 2
" to /dev/ttyUSB0: Bad file descriptor
14:29:52 | LOAD     [warning] Write attempt 3/3 failed for command "CHAN 2" to Load-load
14:29:52 | LOAD     [error] Failed to write command "CHAN 2" to Load-load after 3 attempts
14:29:52 | LOAD     [error] Failed to set channel at Load-load
14:29:52 | SERIAL   [error] Failed to write "OUTP?
" to /dev/ttyUSB1: Bad file descriptor
14:29:52 | SUPPLY   [warning] Write attempt 1/3 failed for command "OUTP?" to Supply-supply-1
14:29:52 | SERIAL   [error] Failed to write "OUTP?
" to /dev/ttyUSB1: Bad file descriptor
14:29:52 | SUPPLY   [warning] Write attempt 2/3 failed for command "OUTP?" to Supply-supply-1
14:29:52 | SERIAL   [error] Failed to write "OUTP?
" to /dev/ttyUSB1: Bad file descriptor
14:29:52 | SUPPLY   [warning] Write attempt 3/3 failed for command "OUTP?" to Supply-supply-1
14:29:52 | SUPPLY   [error] Failed to write command "OUTP?" to Supply-supply-1 after 3 attempts
14:29:52 | SUPPLY   [warning] Query write attempt 1/1 failed for "OUTP?" to Supply-supply-1
14:29:52 | SUPPLY   [error] Failed to query command "OUTP?" from Supply-supply-1 after 1 attempts
14:29:52 | SUPPLY   [error] Supply-supply-1 did not return a valid state
14:29:52 | SERIAL   [error] Failed to write "VOLT?
" to /dev/ttyUSB1: Bad file descriptor
14:29:52 | SUPPLY   [warning] Write attempt 1/3 failed for command "VOLT?" to Supply-supply-1
14:29:52 | SERIAL   [error] Failed to write "VOLT?
" to /dev/ttyUSB1: Bad file descriptor
14:29:52 | SUPPLY   [warning] Write attempt 2/3 failed for command "VOLT?" to Supply-supply-1
14:29:52 | SERIAL   [error] Failed to write "VOLT?
" to /dev/ttyUSB1: Bad file descriptor
14:29:52 | SUPPLY   [warning] Write attempt 3/3 failed for command "VOLT?" to Supply-supply-1
14:29:52 | SUPPLY   [error] Failed to write command "VOLT?" to Supply-supply-1 after 3 attempts
14:29:52 | SUPPLY   [warning] Query write attempt 1/1 failed for "VOLT?" to Supply-supply-1
14:29:52 | SUPPLY   [error] Failed to query command "VOLT?" from Supply-supply-1 after 1 attempts
14:29:52 | SUPPLY   [error] Supply-supply-1 did not return a set voltage
14:29:52 | SERIAL   [error] Failed to write "CURR?
" to /dev/ttyUSB1: Bad file descriptor
14:29:52 | SUPPLY   [warning] Write attempt 1/3 failed for command "CURR?" to Supply-supply-1
14:29:52 | SERIAL   [error] Failed to write "CURR?
" to /dev/ttyUSB1: Bad file descriptor
14:29:52 | SUPPLY   [warning] Write attempt 2/3 failed for command "CURR?" to Supply-supply-1
14:29:52 | SERIAL   [error] Failed to write "CURR?
" to /dev/ttyUSB1: Bad file descriptor
14:29:52 | SUPPLY   [warning] Write attempt 3/3 failed for command "CURR?" to Supply-supply-1
14:29:52 | SUPPLY   [error] Failed to write command "CURR?" to Supply-supply-1 after 3 attempts
14:29:52 | SUPPLY   [warning] Query write attempt 1/1 failed for "CURR?" to Supply-supply-1
14:29:52 | SUPPLY   [error] Failed to query command "CURR?" from Supply-supply-1 after 1 attempts
14:29:52 | SUPPLY   [error] Supply-supply-1 did not return a set current
14:29:52 | SUPPLY   [error] Supply-supply-1 failed to query current state
14:29:52 | SERIAL   [error] Failed to write "STATE?
" to /dev/ttyUSB2: Bad file descriptor
14:29:52 | MODULE   [warning] Write attempt 1/3 failed for command "STATE?" to Module-module-1
14:29:52 | SERIAL   [error] Failed to write "STATE?
" to /dev/ttyUSB2: Bad file descriptor
14:29:52 | MODULE   [warning] Write attempt 2/3 failed for command "STATE?" to Module-module-1
14:29:52 | SERIAL   [error] Failed to write "STATE?
" to /dev/ttyUSB2: Bad file descriptor
14:29:52 | MODULE   [warning] Write attempt 3/3 failed for command "STATE?" to Module-module-1
14:29:52 | MODULE   [error] Failed to write command "STATE?" to Module-module-1 after 3 attempts
14:29:52 | MODULE   [warning] Query write attempt 1/1 failed for "STATE?" to Module-module-1
14:29:52 | MODULE   [error] Failed to query command "STATE?" from Module-module-1 after 1 attempts
14:29:52 | MODULE   [error] Module-module-1 did not return a state
14:29:52 | SERIAL   [error] Failed to write "STATE CHARGE
" to /dev/ttyUSB2: Bad file descriptor
14:29:52 | MODULE   [warning] Write attempt 1/3 failed for command "STATE CHARGE" to Module-module-1
14:29:52 | SERIAL   [error] Failed to write "STATE CHARGE
" to /dev/ttyUSB2: Bad file descriptor
14:29:52 | MODULE   [warning] Write attempt 2/3 failed for command "STATE CHARGE" to Module-module-1
14:29:52 | SERIAL   [error] Failed to write "STATE CHARGE
" to /dev/ttyUSB2: Bad file descriptor
14:29:52 | MODULE   [warning] Write attempt 3/3 failed for command "STATE CHARGE" to Module-module-1
14:29:52 | MODULE   [error] Failed to write command "STATE CHARGE" to Module-module-1 after 3 attempts
14:29:52 | MODULE   [error] Module-module-1 cannot be set to charging
14:29:52 | SERIAL   [error] Failed to write "CHAN 2
" to /dev/ttyUSB0: Bad file descriptor
14:29:52 | LOAD     [warning] Write attempt 1/3 failed for command "CHAN 2" to Load-load
14:29:52 | SERIAL   [error] Failed to write "CHAN 2
" to /dev/ttyUSB0: Bad file descriptor
14:29:52 | LOAD     [warning] Write attempt 2/3 failed for command "CHAN 2" to Load-load
14:29:52 | SERIAL   [error] Failed to write "CHAN 2
" to /dev/ttyUSB0: Bad file descriptor
14:29:52 | LOAD     [warning] Write attempt 3/3 failed for command "CHAN 2" to Load-load
14:29:52 | LOAD     [error] Failed to write command "CHAN 2" to Load-load after 3 attempts
14:29:52 | LOAD     [error] Failed to set channel at Load-load
14:29:52 | SERIAL   [error] Failed to write "MEAS:ALL?
" to /dev/ttyUSB1: Bad file descriptor
14:29:52 | SUPPLY   [warning] Write attempt 1/3 failed for command "MEAS:ALL?" to Supply-supply-1
14:29:52 | SERIAL   [error] Failed to write "MEAS:ALL?
" to /dev/ttyUSB1: Bad file descriptor
14:29:52 | SUPPLY   [warning] Write attempt 2/3 failed for command "MEAS:ALL?" to Supply-supply-1
14:29:52 | SERIAL   [error] Failed to write "MEAS:ALL?
" to /dev/ttyUSB1: Bad file descriptor
14:29:52 | SUPPLY   [warning] Write attempt 3/3 failed for command "MEAS:ALL?" to Supply-supply-1
14:29:52 | SUPPLY   [error] Failed to write command "MEAS:ALL?" to Supply-supply-1 after 3 attempts
14:29:52 | SUPPLY   [warning] Query write attempt 1/1 failed for "MEAS:ALL?" to Supply-supply-1
14:29:52 | SUPPLY   [error] Failed to query command "MEAS:ALL?" from Supply-supply-1 after 1 attempts
14:29:52 | SUPPLY   [error] Supply-supply-1 did not return any measurements
14:29:52 | SERIAL   [error] Failed to write "CHAN 1
" to /dev/ttyUSB0: Bad file descriptor
14:29:52 | LOAD     [warning] Write attempt 1/3 failed for command "CHAN 1" to Load-load
14:29:52 | SERIAL   [error] Failed to write "CHAN 1
" to /dev/ttyUSB0: Bad file descriptor
14:29:52 | LOAD     [warning] Write attempt 2/3 failed for command "CHAN 1" to Load-load
14:29:52 | SERIAL   [error] Failed to write "CHAN 1
" to /dev/ttyUSB0: Bad file descriptor
14:29:52 | LOAD     [warning] Write attempt 3/3 failed for command "CHAN 1" to Load-load
14:29:52 | LOAD     [error] Failed to write command "CHAN 1" to Load-load after 3 attempts
14:29:52 | LOAD     [error] Failed to set channel at Load-load
14:29:52 | SERIAL   [error] Failed to write "CHAN 1
" to /dev/ttyUSB0: Bad file descriptor
14:29:52 | LOAD     [warning] Write attempt 1/3 failed for command "CHAN 1" to Load-load
14:29:52 | SERIAL   [error] Failed to write "CHAN 1
" to /dev/ttyUSB0: Bad file descriptor
14:29:52 | LOAD     [warning] Write attempt 2/3 failed for command "CHAN 1" to Load-load
14:29:52 | SERIAL   [error] Failed to write "CHAN 1
" to /dev/ttyUSB0: Bad file descriptor
14:29:52 | LOAD     [warning] Write attempt 3/3 failed for command "CHAN 1" to Load-load
14:29:52 | LOAD     [error] Failed to write command "CHAN 1" to Load-load after 3 attempts
14:29:52 | LOAD     [error] Failed to set channel at Load-load
14:29:52 | SERIAL   [error] Failed to write "CHAN 2
" to /dev/ttyUSB0: Bad file descriptor
14:29:52 | LOAD     [warning] Write attempt 1/3 failed for command "CHAN 2" to Load-load
14:29:52 | SERIAL   [error] Failed to write "CHAN 2
" to /dev/ttyUSB0: Bad file descriptor
14:29:52 | LOAD     [warning] Write attempt 2/3 failed for command "CHAN 2" to Load-load
14:29:52 | SERIAL   [error] Failed to write "CHAN 2
" to /dev/ttyUSB0: Bad file descriptor
14:29:52 | LOAD     [warning] Write attempt 3/3 failed for command "CHAN 2" to Load-load
14:29:52 | LOAD     [error] Failed to write command "CHAN 2" to Load-load after 3 attempts
14:29:52 | LOAD     [error] Failed to set channel at Load-load
14:29:52 | SERIAL   [error] Failed to write "CHAN 2
" to /dev/ttyUSB0: Bad file descriptor
14:29:52 | LOAD     [warning] Write attempt 1/3 failed for command "CHAN 2" to Load-load
14:29:52 | SERIAL   [error] Failed to write "CHAN 2
" to /dev/ttyUSB0: Bad file descriptor
14:29:52 | LOAD     [warning] Write attempt 2/3 failed for command "CHAN 2" to Load-load
14:29:52 | SERIAL   [error] Failed to write "CHAN 2
" to /dev/ttyUSB0: Bad file descriptor
14:29:52 | LOAD     [warning] Write attempt 3/3 failed for command "CHAN 2" to Load-load
14:29:52 | LOAD     [error] Failed to write command "CHAN 2" to Load-load after 3 attempts
14:29:52 | LOAD     [error] Failed to set channel at Load-load
14:29:52 | SERIAL   [error] Failed to write "OUTP?
" to /dev/ttyUSB1: Bad file descriptor
14:29:52 | SUPPLY   [warning] Write attempt 1/3 failed for command "OUTP?" to Supply-supply-1
14:29:52 | SERIAL   [error] Failed to write "OUTP?
" to /dev/ttyUSB1: Bad file descriptor
14:29:52 | SUPPLY   [warning] Write attempt 2/3 failed for command "OUTP?" to Supply-supply-1
14:29:52 | SERIAL   [error] Failed to write "OUTP?
" to /dev/ttyUSB1: Bad file descriptor
14:29:52 | SUPPLY   [warning] Write attempt 3/3 failed for command "OUTP?" to Supply-supply-1
14:29:52 | SUPPLY   [error] Failed to write command "OUTP?" to Supply-supply-1 after 3 attempts
14:29:52 | SUPPLY   [warning] Query write attempt 1/1 failed for "OUTP?" to Supply-supply-1
14:29:52 | SUPPLY   [error] Failed to query command "OUTP?" from Supply-supply-1 after 1 attempts
14:29:52 | SUPPLY   [error] Supply-supply-1 did not return a valid state
14:29:52 | SERIAL   [error] Failed to write "VOLT?
" to /dev/ttyUSB1: Bad file descriptor
14:29:52 | SUPPLY   [warning] Write attempt 1/3 failed for command "VOLT?" to Supply-supply-1
14:29:52 | SERIAL   [error] Failed to write "VOLT?
" to /dev/ttyUSB1: Bad file descriptor
14:29:52 | SUPPLY   [warning] Write attempt 2/3 failed for command "VOLT?" to Supply-supply-1
14:29:52 | SERIAL   [error] Failed to write "VOLT?
" to /dev/ttyUSB1: Bad file descriptor
14:29:52 | SUPPLY   [warning] Write attempt 3/3 failed for command "VOLT?" to Supply-supply-1
14:29:52 | SUPPLY   [error] Failed to write command "VOLT?" to Supply-supply-1 after 3 attempts
14:29:52 | SUPPLY   [warning] Query write attempt 1/1 failed for "VOLT?" to Supply-supply-1
14:29:52 | SUPPLY   [error] Failed to query command "VOLT?" from Supply-supply-1 after 1 attempts
14:29:52 | SUPPLY   [error] Supply-supply-1 did not return a set voltage
14:29:52 | SERIAL   [error] Failed to write "CURR?
" to /dev/ttyUSB1: Bad file descriptor
14:29:52 | SUPPLY   [warning] Write attempt 1/3 failed for command "CURR?" to Supply-supply-1
14:29:52 | SERIAL   [error] Failed to write "CURR?
" to /dev/ttyUSB1: Bad file descriptor
14:29:52 | SUPPLY   [warning] Write attempt 2/3 failed for command "CURR?" to Supply-supply-1
14:29:52 | SERIAL   [error] Failed to write "CURR?
" to /dev/ttyUSB1: Bad file descriptor
14:29:52 | SUPPLY   [warning] Write attempt 3/3 failed for command "CURR?" to Supply-supply-1
14:29:52 | SUPPLY   [error] Failed to write command "CURR?" to Supply-supply-1 after 3 attempts
14:29:52 | SUPPLY   [warning] Query write attempt 1/1 failed for "CURR?" to Supply-supply-1
14:29:52 | SUPPLY   [error] Failed to query command "CURR?" from Supply-supply-1 after 1 attempts
14:29:52 | SUPPLY   [error] Supply-supply-1 did not return a set current
14:29:52 | SUPPLY   [error] Supply-supply-1 failed to query current state
14:29:52 | SERIAL   [error] Failed to write "STATE?
" to /dev/ttyUSB2: Bad file descriptor
14:29:52 | MODULE   [warning] Write attempt 1/3 failed for command "STATE?" to Module-module-1
14:29:52 | SERIAL   [error] Failed to write "STATE?
" to /dev/ttyUSB2: Bad file descriptor
14:29:52 | MODULE   [warning] Write attempt 2/3 failed for command "STATE?" to Module-module-1
14:29:52 | SERIAL   [error] Failed to write "STATE?
" to /dev/ttyUSB2: Bad file descriptor
14:29:52 | MODULE   [warning] Write attempt 3/3 failed for command "STATE?" to Module-module-1
14:29:52 | MODULE   [error] Failed to write command "STATE?" to Module-module-1 after 3 attempts
14:29:52 | MODULE   [warning] Query write attempt 1/1 failed for "STATE?" to Module-module-1
14:29:52 | MODULE   [error] Failed to query command "STATE?" from Module-module-1 after 1 attempts
14:29:52 | MODULE   [error] Module-module-1 did not return a state
14:29:52 | SERIAL   [error] Failed to write "STATE CHARGE
" to /dev/ttyUSB2: Bad file descriptor
14:29:52 | MODULE   [warning] Write attempt 1/3 failed for command "STATE CHARGE" to Module-module-1
14:29:52 | SERIAL   [error] Failed to write "STATE CHARGE
" to /dev/ttyUSB2: Bad file descriptor
14:29:52 | MODULE   [warning] Write attempt 2/3 failed for command "STATE CHARGE" to Module-module-1
14:29:52 | SERIAL   [error] Failed to write "STATE CHARGE
" to /dev/ttyUSB2: Bad file descriptor
14:29:52 | MODULE   [warning] Write attempt 3/3 failed for command "STATE CHARGE" to Module-module-1
14:29:52 | MODULE   [error] Failed to write command "STATE CHARGE" to Module-module-1 after 3 attempts
14:29:52 | MODULE   [error] Module-module-1 cannot be set to charging
14:29:52 | SERIAL   [error] Failed to write "CHAN 2
" to /dev/ttyUSB0: Bad file descriptor
14:29:52 | LOAD     [warning] Write attempt 1/3 failed for command "CHAN 2" to Load-load
14:29:52 | SERIAL   [error] Failed to write "CHAN 2
" to /dev/ttyUSB0: Bad file descriptor
14:29:52 | LOAD     [warning] Write attempt 2/3 failed for command "CHAN 2" to Load-load
14:29:52 | SERIAL   [error] Failed to write "CHAN 2
" to /dev/ttyUSB0: Bad file descriptor
14:29:52 | LOAD     [warning] Write attempt 3/3 failed for command "CHAN 2" to Load-load
14:29:52 | LOAD     [error] Failed to write command "CHAN 2" to Load-load after 3 attempts
14:29:52 | LOAD     [error] Failed to set channel at Load-load
14:29:52 | SERIAL   [error] Failed to write "MEAS:ALL?
" to /dev/ttyUSB1: Bad file descriptor
14:29:52 | SUPPLY   [warning] Write attempt 1/3 failed for command "MEAS:ALL?" to Supply-supply-1
14:29:52 | SERIAL   [error] Failed to write "MEAS:ALL?
" to /dev/ttyUSB1: Bad file descriptor
14:29:52 | SUPPLY   [warning] Write attempt 2/3 failed for command "MEAS:ALL?" to Supply-supply-1
14:29:52 | SERIAL   [error] Failed to write "MEAS:ALL?
" to /dev/ttyUSB1: Bad file descriptor
14:29:52 | SUPPLY   [warning] Write attempt 3/3 failed for command "MEAS:ALL?" to Supply-supply-1
14:29:52 | SUPPLY   [error] Failed to write command "MEAS:ALL?" to Supply-supply-1 after 3 attempts
14:29:52 | SUPPLY   [warning] Query write attempt 1/1 failed for "MEAS:ALL?" to Supply-supply-1
14:29:52 | SUPPLY   [error] Failed to query command "MEAS:ALL?" from Supply-supply-1 after 1 attempts
14:29:52 | SUPPLY   [error] Supply-supply-1 did not return any measurements
14:29:52 | SERIAL   [error] Failed to write "CHAN 1
" to /dev/ttyUSB0: Bad file descriptor
14:29:52 | LOAD     [warning] Write attempt 1/3 failed for command "CHAN 1" to Load-load
14:29:52 | SERIAL   [error] Failed to write "CHAN 1
" to /dev/ttyUSB0: Bad file descriptor
14:29:52 | LOAD     [warning] Write attempt 2/3 failed for command "CHAN 1" to Load-load
14:29:52 | SERIAL   [error] Failed to write "CHAN 1
" to /dev/ttyUSB0: Bad file descriptor
14:29:52 | LOAD     [warning] Write attempt 3/3 failed for command "CHAN 1" to Load-load
14:29:52 | LOAD     [error] Failed to write command "CHAN 1" to Load-load after 3 attempts
14:29:52 | LOAD     [error] Failed to set channel at Load-load
14:29:52 | SERIAL   [error] Failed to write "CHAN 1
" to /dev/ttyUSB0: Bad file descriptor
14:29:52 | LOAD     [warning] Write attempt 1/3 failed for command "CHAN 1" to Load-load
14:29:52 | SERIAL   [error] Failed to write "CHAN 1
" to /dev/ttyUSB0: Bad file descriptor
14:29:52 | LOAD     [warning] Write attempt 2/3 failed for command "CHAN 1" to Load-load
14:29:52 | SERIAL   [error] Failed to write "CHAN 1
" to /dev/ttyUSB0: Bad file descriptor
14:29:52 | LOAD     [warning] Write attempt 3/3 failed for command "CHAN 1" to Load-load
14:29:52 | LOAD     [error] Failed to write command "CHAN 1" to Load-load after 3 attempts
14:29:52 | LOAD     [error] Failed to set channel at Load-load
14:29:52 | SERIAL   [error] Failed to write "CHAN 2
" to /dev/ttyUSB0: Bad file descriptor
14:29:52 | LOAD     [warning] Write attempt 1/3 failed for command "CHAN 2" to Load-load
14:29:52 | SERIAL   [error] Failed to write "CHAN 2
" to /dev/ttyUSB0: Bad file descriptor
14:29:52 | LOAD     [warning] Write attempt 2/3 failed for command "CHAN 2" to Load-load
14:29:52 | SERIAL   [error] Failed to write "CHAN 2
" to /dev/ttyUSB0: Bad file descriptor
14:29:52 | LOAD     [warning] Write attempt 3/3 failed for command "CHAN 2" to Load-load
14:29:52 | LOAD     [error] Failed to write command "CHAN 2" to Load-load after 3 attempts
14:29:52 | LOAD     [error] Failed to set channel at Load-load
14:29:52 | SERIAL   [error] Failed to write "CHAN 2
" to /dev/ttyUSB0: Bad file descriptor
14:29:52 | LOAD     [warning] Write attempt 1/3 failed for command "CHAN 2" to Load-load
14:29:52 | SERIAL   [error] Failed to write "CHAN 2
" to /dev/ttyUSB0: Bad file descriptor
14:29:52 | LOAD     [warning] Write attempt 2/3 failed for command "CHAN 2" to Load-load
14:29:52 | SERIAL   [error] Failed to write "CHAN 2
" to /dev/ttyUSB0: Bad file descriptor
14:29:52 | LOAD     [warning] Write attempt 3/3 failed for command "CHAN 2" to Load-load
14:29:52 | LOAD     [error] Failed to write command "CHAN 2" to Load-load after 3 attempts
14:29:52 | LOAD     [error] Failed to set channel at Load-load
14:29:52 | SERIAL   [error] Failed to write "OUTP?
" to /dev/ttyUSB1: Bad file descriptor
14:29:52 | SUPPLY   [warning] Write attempt 1/3 failed for command "OUTP?" to Supply-supply-1
14:29:52 | SERIAL   [error] Failed to write "OUTP?
" to /dev/ttyUSB1: Bad file descriptor
14:29:52 | SUPPLY   [warning] Write attempt 2/3 failed for command "OUTP?" to Supply-supply-1
14:29:52 | SERIAL   [error] Failed to write "OUTP?
" to /dev/ttyUSB1: Bad file descriptor
14:29:52 | SUPPLY   [warning] Write attempt 3/3 failed for command "OUTP?" to Supply-supply-1
14:29:52 | SUPPLY   [error] Failed to write command "OUTP?" to Supply-supply-1 after 3 attempts
14:29:52 | SUPPLY   [warning] Query write attempt 1/1 failed for "OUTP?" to Supply-supply-1
14:29:52 | SUPPLY   [error] Failed to query command "OUTP?" from Supply-supply-1 after 1 attempts
14:29:52 | SUPPLY   [error] Supply-supply-1 did not return a valid state
14:29:52 | SERIAL   [error] Failed to write "VOLT?
" to /dev/ttyUSB1: Bad file descriptor
14:29:52 | SUPPLY   [warning] Write attempt 1/3 failed for command "VOLT?" to Supply-supply-1
14:29:52 | SERIAL   [error] Failed to write "VOLT?
" to /dev/ttyUSB1: Bad file descriptor
14:29:52 | SUPPLY   [warning] Write attempt 2/3 failed for command "VOLT?" to Supply-supply-1
14:29:52 | SERIAL   [error] Failed to write "VOLT?
" to /dev/ttyUSB1: Bad file descriptor
14:29:52 | SUPPLY   [warning] Write attempt 3/3 failed for command "VOLT?" to Supply-supply-1
14:29:52 | SUPPLY   [error] Failed to write command "VOLT?" to Supply-supply-1 after 3 attempts
14:29:52 | SUPPLY   [warning] Query write attempt 1/1 failed for "VOLT?" to Supply-supply-1
14:29:52 | SUPPLY   [error] Failed to query command "VOLT?" from Supply-supply-1 after 1 attempts
14:29:52 | SUPPLY   [error] Supply-supply-1 did not return a set voltage
14:29:52 | SERIAL   [error] Failed to write "CURR?
" to /dev/ttyUSB1: Bad file descriptor
14:29:52 | SUPPLY   [warning] Write attempt 1/3 failed for command "CURR?" to Supply-supply-1
14:29:52 | SERIAL   [error] Failed to write "CURR?
" to /dev/ttyUSB1: Bad file descriptor
14:29:52 | SUPPLY   [warning] Write attempt 2/3 failed for command "CURR?" to Supply-supply-1
14:29:52 | SERIAL   [error] Failed to write "CURR?
" to /dev/ttyUSB1: Bad file descriptor
14:29:52 | SUPPLY   [warning] Write attempt 3/3 failed for command "CURR?" to Supply-supply-1
14:29:52 | SUPPLY   [error] Failed to write command "CURR?" to Supply-supply-1 after 3 attempts
14:29:52 | SUPPLY   [warning] Query write attempt 1/1 failed for "CURR?" to Supply-supply-1
14:29:52 | SUPPLY   [error] Failed to query command "CURR?" from Supply-supply-1 after 1 attempts
14:29:52 | SUPPLY   [error] Supply-supply-1 did not return a set current
14:29:52 | SUPPLY   [error] Supply-supply-1 failed to query current state
14:29:52 | SERIAL   [error] Failed to write "STATE?
" to /dev/ttyUSB2: Bad file descriptor
14:29:52 | MODULE   [warning] Write attempt 1/3 failed for command "STATE?" to Module-module-1
14:29:52 | SERIAL   [error] Failed to write "STATE?
" to /dev/ttyUSB2: Bad file descriptor
14:29:52 | MODULE   [warning] Write attempt 2/3 failed for command "STATE?" to Module-module-1
14:29:52 | SERIAL   [error] Failed to write "STATE?
" to /dev/ttyUSB2: Bad file descriptor
14:29:52 | MODULE   [warning] Write attempt 3/3 failed for command "STATE?" to Module-module-1
14:29:52 | MODULE   [error] Failed to write command "STATE?" to Module-module-1 after 3 attempts
14:29:52 | MODULE   [warning] Query write attempt 1/1 failed for "STATE?" to Module-module-1
14:29:52 | MODULE   [error] Failed to query command "STATE?" from Module-module-1 after 1 attempts
14:29:52 | MODULE   [error] Module-module-1 did not return a state
14:29:52 | SERIAL   [error] Failed to write "STATE CHARGE
" to /dev/ttyUSB2: Bad file descriptor
14:29:52 | MODULE   [warning] Write attempt 1/3 failed for command "STATE CHARGE" to Module-module-1
14:29:52 | SERIAL   [error] Failed to write "STATE CHARGE
" to /dev/ttyUSB2: Bad file descriptor
14:29:52 | MODULE   [warning] Write attempt 2/3 failed for command "STATE CHARGE" to Module-module-1
14:29:52 | SERIAL   [error] Failed to write "STATE CHARGE
" to /dev/ttyUSB2: Bad file descriptor
14:29:52 | MODULE   [warning] Write attempt 3/3 failed for command "STATE CHARGE" to Module-module-1
14:29:52 | MODULE   [error] Failed to write command "STATE CHARGE" to Module-module-1 after 3 attempts
14:29:52 | MODULE   [error] Module-module-1 cannot be set to charging
14:29:52 | SERIAL   [error] Failed to write "CHAN 2
" to /dev/ttyUSB0: Bad file descriptor
14:29:52 | LOAD     [warning] Write attempt 1/3 failed for command "CHAN 2" to Load-load
14:29:52 | SERIAL   [error] Failed to write "CHAN 2
" to /dev/ttyUSB0: Bad file descriptor
14:29:52 | LOAD     [warning] Write attempt 2/3 failed for command "CHAN 2" to Load-load
14:29:52 | SERIAL   [error] Failed to write "CHAN 2
" to /dev/ttyUSB0: Bad file descriptor
14:29:52 | LOAD     [warning] Write attempt 3/3 failed for command "CHAN 2" to Load-load
14:29:52 | LOAD     [error] Failed to write command "CHAN 2" to Load-load after 3 attempts
14:29:52 | LOAD     [error] Failed to set channel at Load-load
14:29:52 | SERIAL   [error] Failed to write "MEAS:ALL?
" to /dev/ttyUSB1: Bad file descriptor
14:29:52 | SUPPLY   [warning] Write attempt 1/3 failed for command "MEAS:ALL?" to Supply-supply-1
14:29:52 | SERIAL   [error] Failed to write "MEAS:ALL?
" to /dev/ttyUSB1: Bad file descriptor
14:29:52 | SUPPLY   [warning] Write attempt 2/3 failed for command "MEAS:ALL?" to Supply-supply-1
14:29:52 | SERIAL   [error] Failed to write "MEAS:ALL?
" to /dev/ttyUSB1: Bad file descriptor
14:29:52 | SUPPLY   [warning] Write attempt 3/3 failed for command "MEAS:ALL?" to Supply-supply-1
14:29:52 | SUPPLY   [error] Failed to write command "MEAS:ALL?" to Supply-supply-1 after 3 attempts
14:29:52 | SUPPLY   [warning] Query write attempt 1/1 failed for "MEAS:ALL?" to Supply-supply-1
14:29:52 | SUPPLY   [error] Failed to query command "MEAS:ALL?" from Supply-supply-1 after 1 attempts
14:29:52 | SUPPLY   [error] Supply-supply-1 did not return any measurements
14:29:52 | SERIAL   [error] Failed to write "CHAN 1
" to /dev/ttyUSB0: Bad file descriptor
14:29:52 | LOAD     [warning] Write attempt 1/3 failed for command "CHAN 1" to Load-load
14:29:52 | SERIAL   [error] Failed to write "CHAN 1
" to /dev/ttyUSB0: Bad file descriptor
14:29:52 | LOAD     [warning] Write attempt 2/3 failed for command "CHAN 1" to Load-load
14:29:52 | SERIAL   [error] Failed to write "CHAN 1
" to /dev/ttyUSB0: Bad file descriptor
14:29:52 | LOAD     [warning] Write attempt 3/3 failed for command "CHAN 1" to Load-load
14:29:52 | LOAD     [error] Failed to write command "CHAN 1" to Load-load after 3 attempts
14:29:52 | LOAD     [error] Failed to set channel at Load-load
14:29:52 | SERIAL   [error] Failed to write "CHAN 1
" to /dev/ttyUSB0: Bad file descriptor
14:29:52 | LOAD     [warning] Write attempt 1/3 failed for command "CHAN 1" to Load-load
14:29:52 | SERIAL   [error] Failed to write "CHAN 1
" to /dev/ttyUSB0: Bad file descriptor
14:29:52 | LOAD     [warning] Write attempt 2/3 failed for command "CHAN 1" to Load-load
14:29:52 | SERIAL   [error] Failed to write "CHAN 1
" to /dev/ttyUSB0: Bad file descriptor
14:29:52 | LOAD     [warning] Write attempt 3/3 failed for command "CHAN 1" to Load-load
14:29:52 | LOAD     [error] Failed to write command "CHAN 1" to Load-load after 3 attempts
14:29:52 | LOAD     [error] Failed to set channel at Load-load
14:29:52 | SERIAL   [error] Failed to write "CHAN 2
" to /dev/ttyUSB0: Bad file descriptor
14:29:52 | LOAD     [warning] Write attempt 1/3 failed for command "CHAN 2" to Load-load
14:29:52 | SERIAL   [error] Failed to write "CHAN 2
" to /dev/ttyUSB0: Bad file descriptor
14:29:52 | LOAD     [warning] Write attempt 2/3 failed for command "CHAN 2" to Load-load
14:29:52 | SERIAL   [error] Failed to write "CHAN 2
" to /dev/ttyUSB0: Bad file descriptor
14:29:52 | LOAD     [warning] Write attempt 3/3 failed for command "CHAN 2" to Load-load
14:29:52 | LOAD     [error] Failed to write command "CHAN 2" to Load-load after 3 attempts
14:29:52 | LOAD     [error] Failed to set channel at Load-load
14:29:52 | SERIAL   [error] Failed to write "CHAN 2
" to /dev/ttyUSB0: Bad file descriptor
14:29:52 | LOAD     [warning] Write attempt 1/3 failed for command "CHAN 2" to Load-load
14:29:52 | SERIAL   [error] Failed to write "CHAN 2
" to /dev/ttyUSB0: Bad file descriptor
14:29:52 | LOAD     [warning] Write attempt 2/3 failed for command "CHAN 2" to Load-load
14:29:52 | SERIAL   [error] Failed to write "CHAN 2
" to /dev/ttyUSB0: Bad file descriptor
14:29:52 | LOAD     [warning] Write attempt 3/3 failed for command "CHAN 2" to Load-load
14:29:52 | LOAD     [error] Failed to write command "CHAN 2" to Load-load after 3 attempts
14:29:52 | LOAD     [error] Failed to set channel at Load-load
14:29:52 | SERIAL   [error] Failed to write "OUTP?
" to /dev/ttyUSB1: Bad file descriptor
14:29:52 | SUPPLY   [warning] Write attempt 1/3 failed for command "OUTP?" to Supply-supply-1
14:29:52 | SERIAL   [error] Failed to write "OUTP?
" to /dev/ttyUSB1: Bad file descriptor
14:29:52 | SUPPLY   [warning] Write attempt 2/3 failed for command "OUTP?" to Supply-supply-1
14:29:52 | SERIAL   [error] Failed to write "OUTP?
" to /dev/ttyUSB1: Bad file descriptor
14:29:52 | SUPPLY   [warning] Write attempt 3/3 failed for command "OUTP?" to Supply-supply-1
14:29:52 | SUPPLY   [error] Failed to write command "OUTP?" to Supply-supply-1 after 3 attempts
14:29:52 | SUPPLY   [warning] Query write attempt 1/1 failed for "OUTP?" to Supply-supply-1
14:29:52 | SUPPLY   [error] Failed to query command "OUTP?" from Supply-supply-1 after 1 attempts
14:29:52 | SUPPLY   [error] Supply-supply-1 did not return a valid state
14:29:52 | SERIAL   [error] Failed to write "VOLT?
" to /dev/ttyUSB1: Bad file descriptor
14:29:52 | SUPPLY   [warning] Write attempt 1/3 failed for command "VOLT?" to Supply-supply-1
14:29:52 | SERIAL   [error] Failed to write "VOLT?
" to /dev/ttyUSB1: Bad file descriptor
14:29:52 | SUPPLY   [warning] Write attempt 2/3 failed for command "VOLT?" to Supply-supply-1
14:29:52 | SERIAL   [error] Failed to write "VOLT?
" to /dev/ttyUSB1: Bad file descriptor
14:29:52 | SUPPLY   [warning] Write attempt 3/3 failed for command "VOLT?" to Supply-supply-1
14:29:52 | SUPPLY   [error] Failed to write command "VOLT?" to Supply-supply-1 after 3 attempts
14:29:52 | SUPPLY   [warning] Query write attempt 1/1 failed for "VOLT?" to Supply-supply-1
14:29:52 | SUPPLY   [error] Failed to query command "VOLT?" from Supply-supply-1 after 1 attempts
14:29:52 | SUPPLY   [error] Supply-supply-1 did not return a set voltage
14:29:52 | SERIAL   [error] Failed to write "CURR?
" to /dev/ttyUSB1: Bad file descriptor
14:29:52 | SUPPLY   [warning] Write attempt 1/3 failed for command "CURR?" to Supply-supply-1
14:29:52 | SERIAL   [error] Failed to write "CURR?
" to /dev/ttyUSB1: Bad file descriptor
14:29:52 | SUPPLY   [warning] Write attempt 2/3 failed for command "CURR?" to Supply-supply-1
14:29:52 | SERIAL   [error] Failed to write "CURR?
" to /dev/ttyUSB1: Bad file descriptor
14:29:52 | SUPPLY   [warning] Write attempt 3/3 failed for command "CURR?" to Supply-supply-1
14:29:52 | SUPPLY   [error] Failed to write command "CURR?" to Supply-supply-1 after 3 attempts
14:29:52 | SUPPLY   [warning] Query write attempt 1/1 failed for "CURR?" to Supply-supply-1
14:29:52 | SUPPLY   [error] Failed to query command "CURR?" from Supply-supply-1 after 1 attempts
14:29:52 | SUPPLY   [error] Supply-supply-1 did not return a set current
14:29:52 | SUPPLY   [error] Supply-supply-1 failed to query current state
14:29:52 | SERIAL   [error] Failed to write "STATE?
" to /dev/ttyUSB2: Bad file descriptor
14:29:52 | MODULE   [warning] Write attempt 1/3 failed for command "STATE?" to Module-module-1
14:29:52 | SERIAL   [error] Failed to write "STATE?
" to /dev/ttyUSB2: Bad file descriptor
14:29:52 | MODULE   [warning] Write attempt 2/3 failed for command "STATE?" to Module-module-1
14:29:52 | SERIAL   [error] Failed to write "STATE?
" to /dev/ttyUSB2: Bad file descriptor
14:29:52 | MODULE   [warning] Write attempt 3/3 failed for command "STATE?" to Module-module-1
14:29:52 | MODULE   [error] Failed to write command "STATE?" to Module-module-1 after 3 attempts
14:29:52 | MODULE   [warning] Query write attempt 1/1 failed for "STATE?" to Module-module-1
14:29:52 | MODULE   [error] Failed to query command "STATE?" from Module-module-1 after 1 attempts
14:29:52 | MODULE   [error] Module-module-1 did not return a state
14:29:52 | SERIAL   [error] Failed to write "STATE CHARGE
" to /dev/ttyUSB2: Bad file descriptor
14:29:52 | MODULE   [warning] Write attempt 1/3 failed for command "STATE CHARGE" to Module-module-1
14:29:52 | SERIAL   [error] Failed to write "STATE CHARGE
" to /dev/ttyUSB2: Bad file descriptor
14:29:52 | MODULE   [warning] Write attempt 2/3 failed for command "STATE CHARGE" to Module-module-1
14:29:52 | SERIAL   [error] Failed to write "STATE CHARGE
" to /dev/ttyUSB2: Bad file descriptor
14:29:52 | MODULE   [warning] Write attempt 3/3 failed for command "STATE CHARGE" to Module-module-1
14:29:52 | MODULE   [error] Failed to write command "STATE CHARGE" to Module-module-1 after 3 attempts
14:29:52 | MODULE   [error] Module-module-1 cannot be set to charging
14:29:52 | SERIAL   [error] Failed to write "CHAN 2
" to /dev/ttyUSB0: Bad file descriptor
14:29:52 | LOAD     [warning] Write attempt 1/3 failed for command "CHAN 2" to Load-load
14:29:52 | SERIAL   [error] Failed to write "CHAN 2
" to /dev/ttyUSB0: Bad file descriptor
14:29:52 | LOAD     [warning] Write attempt 2/3 failed for command "CHAN 2" to Load-load
14:29:52 | SERIAL   [error] Failed to write "CHAN 2
" to /dev/ttyUSB0: Bad file descriptor
14:29:52 | LOAD     [warning] Write attempt 3/3 failed for command "CHAN 2" to Load-load
14:29:52 | LOAD     [error] Failed to write command "CHAN 2" to Load-load after 3 attempts
14:29:52 | LOAD     [error] Failed to set channel at Load-load
14:29:52 | SERIAL   [error] Failed to write "MEAS:ALL?
" to /dev/ttyUSB1: Bad file descriptor
14:29:52 | SUPPLY   [warning] Write attempt 1/3 failed for command "MEAS:ALL?" to Supply-supply-1
14:29:52 | SERIAL   [error] Failed to write "MEAS:ALL?
" to /dev/ttyUSB1: Bad file descriptor
14:29:52 | SUPPLY   [warning] Write attempt 2/3 failed for command "MEAS:ALL?" to Supply-supply-1
14:29:52 | SERIAL   [error] Failed to write "MEAS:ALL?
" to /dev/ttyUSB1: Bad file descriptor
14:29:52 | SUPPLY   [warning] Write attempt 3/3 failed for command "MEAS:ALL?" to Supply-supply-1
14:29:52 | SUPPLY   [error] Failed to write command "MEAS:ALL?" to Supply-supply-1 after 3 attempts
14:29:52 | SUPPLY   [warning] Query write attempt 1/1 failed for "MEAS:ALL?" to Supply-supply-1
14:29:52 | SUPPLY   [error] Failed to query command "MEAS:ALL?" from Supply-supply-1 after 1 attempts
14:29:52 | SUPPLY   [error] Supply-supply-1 did not return any measurements
14:29:52 | SERIAL   [error] Failed to write "CHAN 1
" to /dev/ttyUSB0: Bad file descriptor
14:29:52 | LOAD     [warning] Write attempt 1/3 failed for command "CHAN 1" to Load-load
14:29:52 | SERIAL   [error] Failed to write "CHAN 1
" to /dev/ttyUSB0: Bad file descriptor
14:29:52 | LOAD     [warning] Write attempt 2/3 failed for command "CHAN 1" to Load-load
14:29:52 | SERIAL   [error] Failed to write "CHAN 1
" to /dev/ttyUSB0: Bad file descriptor
14:29:52 | LOAD     [warning] Write attempt 3/3 failed for command "CHAN 1" to Load-load
14:29:52 | LOAD     [error] Failed to write command "CHAN 1" to Load-load after 3 attempts
14:29:52 | LOAD     [error] Failed to set channel at Load-load
14:29:52 | SERIAL   [error] Failed to write "CHAN 1
" to /dev/ttyUSB0: Bad file descriptor
14:29:52 | LOAD     [warning] Write attempt 1/3 failed for command "CHAN 1" to Load-load
14:29:52 | SERIAL   [error] Failed to write "CHAN 1
" to /dev/ttyUSB0: Bad file descriptor
14:29:52 | LOAD     [warning] Write attempt 2/3 failed for command "CHAN 1" to Load-load
14:29:52 | SERIAL   [error] Failed to write "CHAN 1
" to /dev/ttyUSB0: Bad file descriptor
14:29:52 | LOAD     [warning] Write attempt 3/3 failed for command "CHAN 1" to Load-load
14:29:52 | LOAD     [error] Failed to write command "CHAN 1" to Load-load after 3 attempts
14:29:52 | LOAD     [error] Failed to set channel at Load-load
14:29:52 | SERIAL   [error] Failed to write "CHAN 2
" to /dev/ttyUSB0: Bad file descriptor
14:29:52 | LOAD     [warning] Write attempt 1/3 failed for command "CHAN 2" to Load-load
14:29:52 | SERIAL   [error] Failed to write "CHAN 2
" to /dev/ttyUSB0: Bad file descriptor
14:29:52 | LOAD     [warning] Write attempt 2/3 failed for command "CHAN 2" to Load-load
14:29:52 | SERIAL   [error] Failed to write "CHAN 2
" to /dev/ttyUSB0: Bad file descriptor
14:29:52 | LOAD     [warning] Write attempt 3/3 failed for command "CHAN 2" to Load-load
14:29:52 | LOAD     [error] Failed to write command "CHAN 2" to Load-load after 3 attempts
14:29:52 | LOAD     [error] Failed to set channel at Load-load
14:29:52 | SERIAL   [error] Failed to write "CHAN 2
" to /dev/ttyUSB0: Bad file descriptor
14:29:52 | LOAD     [warning] Write attempt 1/3 failed for command "CHAN 2" to Load-load
14:29:52 | SERIAL   [error] Failed to write "CHAN 2
" to /dev/ttyUSB0: Bad file descriptor
14:29:52 | LOAD     [warning] Write attempt 2/3 failed for command "CHAN 2" to Load-load
14:29:52 | SERIAL   [error] Failed to write "CHAN 2
" to /dev/ttyUSB0: Bad file descriptor
14:29:52 | LOAD     [warning] Write attempt 3/3 failed for command "CHAN 2" to Load-load
14:29:52 | LOAD     [error] Failed to write command "CHAN 2" to Load-load after 3 attempts
14:29:52 | LOAD     [error] Failed to set channel at Load-load
14:29:52 | SERIAL   [error] Failed to write "OUTP?
" to /dev/ttyUSB1: Bad file descriptor
14:29:52 | SUPPLY   [warning] Write attempt 1/3 failed for command "OUTP?" to Supply-supply-1
14:29:52 | SERIAL   [error] Failed to write "OUTP?
" to /dev/ttyUSB1: Bad file descriptor
14:29:52 | SUPPLY   [warning] Write attempt 2/3 failed for command "OUTP?" to Supply-supply-1
14:29:52 | SERIAL   [error] Failed to write "OUTP?
" to /dev/ttyUSB1: Bad file descriptor
14:29:52 | SUPPLY   [warning] Write attempt 3/3 failed for command "OUTP?" to Supply-supply-1
14:29:52 | SUPPLY   [error] Failed to write command "OUTP?" to Supply-supply-1 after 3 attempts
14:29:52 | SUPPLY   [warning] Query write attempt 1/1 failed for "OUTP?" to Supply-supply-1
14:29:52 | SUPPLY   [error] Failed to query command "OUTP?" from Supply-supply-1 after 1 attempts
14:29:52 | SUPPLY   [error] Supply-supply-1 did not return a valid state
14:29:52 | SERIAL   [error] Failed to write "VOLT?
" to /dev/ttyUSB1: Bad file descriptor
14:29:52 | SUPPLY   [warning] Write attempt 1/3 failed for command "VOLT?" to Supply-supply-1
14:29:52 | SERIAL   [error] Failed to write "VOLT?
" to /dev/ttyUSB1: Bad file descriptor
14:29:52 | SUPPLY   [warning] Write attempt 2/3 failed for command "VOLT?" to Supply-supply-1
14:29:52 | SERIAL   [error] Failed to write "VOLT?
" to /dev/ttyUSB1: Bad file descriptor
14:29:52 | SUPPLY   [warning] Write attempt 3/3 failed for command "VOLT?" to Supply-supply-1
14:29:52 | SUPPLY   [error] Failed to write command "VOLT?" to Supply-supply-1 after 3 attempts
14:29:52 | SUPPLY   [warning] Query write attempt 1/1 failed for "VOLT?" to Supply-supply-1
14:29:52 | SUPPLY   [error] Failed to query command "VOLT?" from Supply-supply-1 after 1 attempts
14:29:52 | SUPPLY   [error] Supply-supply-1 did not return a set voltage
14:29:52 | SERIAL   [error] Failed to write "CURR?
" to /dev/ttyUSB1: Bad file descriptor
14:29:52 | SUPPLY   [warning] Write attempt 1/3 failed for command "CURR?" to Supply-supply-1
14:29:52 | SERIAL   [error] Failed to write "CURR?
" to /dev/ttyUSB1: Bad file descriptor
14:29:52 | SUPPLY   [warning] Write attempt 2/3 failed for command "CURR?" to Supply-supply-1
14:29:52 | SERIAL   [error] Failed to write "CURR?
" to /dev/ttyUSB1: Bad file descriptor
14:29:52 | SUPPLY   [warning] Write attempt 3/3 failed for command "CURR?" to Supply-supply-1
14:29:52 | SUPPLY   [error] Failed to write command "CURR?" to Supply-supply-1 after 3 attempts
14:29:52 | SUPPLY   [warning] Query write attempt 1/1 failed for "CURR?" to Supply-supply-1
14:29:52 | SUPPLY   [error] Failed to query command "CURR?" from Supply-supply-1 after 1 attempts
14:29:52 | SUPPLY   [error] Supply-supply-1 did not return a set current
14:29:52 | SUPPLY   [error] Supply-supply-1 failed to query current state
14:29:52 | SERIAL   [error] Failed to write "STATE?
" to /dev/ttyUSB2: Bad file descriptor
14:29:52 | MODULE   [warning] Write attempt 1/3 failed for command "STATE?" to Module-module-1
14:29:52 | SERIAL   [error] Failed to write "STATE?
" to /dev/ttyUSB2: Bad file descriptor
14:29:52 | MODULE   [warning] Write attempt 2/3 failed for command "STATE?" to Module-module-1
14:29:52 | SERIAL   [error] Failed to write "STATE?
" to /dev/ttyUSB2: Bad file descriptor
14:29:52 | MODULE   [warning] Write attempt 3/3 failed for command "STATE?" to Module-module-1
14:29:52 | MODULE   [error] Failed to write command "STATE?" to Module-module-1 after 3 attempts
14:29:52 | MODULE   [warning] Query write attempt 1/1 failed for "STATE?" to Module-module-1
14:29:52 | MODULE   [error] Failed to query command "STATE?" from Module-module-1 after 1 attempts
14:29:52 | MODULE   [error] Module-module-1 did not return a state
14:29:52 | SERIAL   [error] Failed to write "STATE CHARGE
" to /dev/ttyUSB2: Bad file descriptor
14:29:52 | MODULE   [warning] Write attempt 1/3 failed for command "STATE CHARGE" to Module-module-1
14:29:52 | SERIAL   [error] Failed to write "STATE CHARGE
" to /dev/ttyUSB2: Bad file descriptor
14:29:52 | MODULE   [warning] Write attempt 2/3 failed for command "STATE CHARGE" to Module-module-1
14:29:52 | SERIAL   [error] Failed to write "STATE CHARGE
" to /dev/ttyUSB2: Bad file descriptor
14:29:52 | MODULE   [warning] Write attempt 3/3 failed for command "STATE CHARGE" to Module-module-1
14:29:52 | MODULE   [error] Failed to write command "STATE CHARGE" to Module-module-1 after 3 attempts
14:29:52 | MODULE   [error] Module-module-1 cannot be set to charging
14:29:52 | SERIAL   [error] Failed to write "CHAN 2
" to /dev/ttyUSB0: Bad file descriptor
14:29:52 | LOAD     [warning] Write attempt 1/3 failed for command "CHAN 2" to Load-load
14:29:52 | SERIAL   [error] Failed to write "CHAN 2
" to /dev/ttyUSB0: Bad file descriptor
14:29:52 | LOAD     [warning] Write attempt 2/3 failed for command "CHAN 2" to Load-load
14:29:52 | SERIAL   [error] Failed to write "CHAN 2
" to /dev/ttyUSB0: Bad file descriptor
14:29:52 | LOAD     [warning] Write attempt 3/3 failed for command "CHAN 2" to Load-load
14:29:52 | LOAD     [error] Failed to write command "CHAN 2" to Load-load after 3 attempts
14:29:52 | LOAD     [error] Failed to set channel at Load-load
14:29:52 | SERIAL   [error] Failed to write "MEAS:ALL?
" to /dev/ttyUSB1: Bad file descriptor
14:29:52 | SUPPLY   [warning] Write attempt 1/3 failed for command "MEAS:ALL?" to Supply-supply-1
14:29:52 | SERIAL   [error] Failed to write "MEAS:ALL?
" to /dev/ttyUSB1: Bad file descriptor
14:29:52 | SUPPLY   [warning] Write attempt 2/3 failed for command "MEAS:ALL?" to Supply-supply-1
14:29:52 | SERIAL   [error] Failed to write "MEAS:ALL?
" to /dev/ttyUSB1: Bad file descriptor
14:29:52 | SUPPLY   [warning] Write attempt 3/3 failed for command "MEAS:ALL?" to Supply-supply-1
14:29:52 | SUPPLY   [error] Failed to write command "MEAS:ALL?" to Supply-supply-1 after 3 attempts
14:29:52 | SUPPLY   [warning] Query write attempt 1/1 failed for "MEAS:ALL?" to Supply-supply-1
14:29:52 | SUPPLY   [error] Failed to query command "MEAS:ALL?" from Supply-supply-1 after 1 attempts
14:29:52 | SUPPLY   [error] Supply-supply-1 did not return any measurements
14:29:52 | SERIAL   [error] Failed to write "CHAN 1
" to /dev/ttyUSB0: Bad file descriptor
14:29:52 | LOAD     [warning] Write attempt 1/3 failed for command "CHAN 1" to Load-load
14:29:52 | SERIAL   [error] Failed to write "CHAN 1
" to /dev/ttyUSB0: Bad file descriptor
14:29:52 | LOAD     [warning] Write attempt 2/3 failed for command "CHAN 1" to Load-load
14:29:52 | SERIAL   [error] Failed to write "CHAN 1
" to /dev/ttyUSB0: Bad file descriptor
14:29:52 | LOAD     [warning] Write attempt 3/3 failed for command "CHAN 1" to Load-load
14:29:52 | LOAD     [error] Failed to write command "CHAN 1" to Load-load after 3 attempts
14:29:52 | LOAD     [error] Failed to set channel at Load-load
14:29:52 | SERIAL   [error] Failed to write "CHAN 1
" to /dev/ttyUSB0: Bad file descriptor
14:29:52 | LOAD     [warning] Write attempt 1/3 failed for command "CHAN 1" to Load-load
14:29:52 | SERIAL   [error] Failed to write "CHAN 1
" to /dev/ttyUSB0: Bad file descriptor
14:29:52 | LOAD     [warning] Write attempt 2/3 failed for command "CHAN 1" to Load-load
14:29:52 | SERIAL   [error] Failed to write "CHAN 1
" to /dev/ttyUSB0: Bad file descriptor
14:29:52 | LOAD     [warning] Write attempt 3/3 failed for command "CHAN 1" to Load-load
14:29:52 | LOAD     [error] Failed to write command "CHAN 1" to Load-load after 3 attempts
14:29:52 | LOAD     [error] Failed to set channel at Load-load
14:29:52 | SERIAL   [error] Failed to write "CHAN 2
" to /dev/ttyUSB0: Bad file descriptor
14:29:52 | LOAD     [warning] Write attempt 1/3 failed for command "CHAN 2" to Load-load
14:29:52 | SERIAL   [error] Failed to write "CHAN 2
" to /dev/ttyUSB0: Bad file descriptor
14:29:52 | LOAD     [warning] Write attempt 2/3 failed for command "CHAN 2" to Load-load
14:29:52 | SERIAL   [error] Failed to write "CHAN 2
" to /dev/ttyUSB0: Bad file descriptor
14:29:52 | LOAD     [warning] Write attempt 3/3 failed for command "CHAN 2" to Load-load
14:29:52 | LOAD     [error] Failed to write command "CHAN 2" to Load-load after 3 attempts
14:29:52 | LOAD     [error] Failed to set channel at Load-load
14:29:52 | SERIAL   [error] Failed to write "CHAN 2
" to /dev/ttyUSB0: Bad file descriptor
14:29:52 | LOAD     [warning] Write attempt 1/3 failed for command "CHAN 2" to Load-load
14:29:52 | SERIAL   [error] Failed to write "CHAN 2
" to /dev/ttyUSB0: Bad file descriptor
14:29:52 | LOAD     [warning] Write attempt 2/3 failed for command "CHAN 2" to Load-load
14:29:52 | SERIAL   [error] Failed to write "CHAN 2
" to /dev/ttyUSB0: Bad file descriptor
14:29:52 | LOAD     [warning] Write attempt 3/3 failed for command "CHAN 2" to Load-load
14:29:52 | LOAD     [error] Failed to write command "CHAN 2" to Load-load after 3 attempts
14:29:52 | LOAD     [error] Failed to set channel at Load-load
14:29:52 | SERIAL   [error] Failed to write "OUTP?
" to /dev/ttyUSB1: Bad file descriptor
14:29:52 | SUPPLY   [warning] Write attempt 1/3 failed for command "OUTP?" to Supply-supply-1
14:29:52 | SERIAL   [error] Failed to write "OUTP?
" to /dev/ttyUSB1: Bad file descriptor
14:29:52 | SUPPLY   [warning] Write attempt 2/3 failed for command "OUTP?" to Supply-supply-1
14:29:52 | SERIAL   [error] Failed to write "OUTP?
" to /dev/ttyUSB1: Bad file descriptor
14:29:52 | SUPPLY   [warning] Write attempt 3/3 failed for command "OUTP?" to Supply-supply-1
14:29:52 | SUPPLY   [error] Failed to write command "OUTP?" to Supply-supply-1 after 3 attempts
14:29:52 | SUPPLY   [warning] Query write attempt 1/1 failed for "OUTP?" to Supply-supply-1
14:29:52 | SUPPLY   [error] Failed to query command "OUTP?" from Supply-supply-1 after 1 attempts
14:29:52 | SUPPLY   [error] Supply-supply-1 did not return a valid state
14:29:52 | SERIAL   [error] Failed to write "VOLT?
" to /dev/ttyUSB1: Bad file descriptor
14:29:52 | SUPPLY   [warning] Write attempt 1/3 failed for command "VOLT?" to Supply-supply-1
14:29:52 | SERIAL   [error] Failed to write "VOLT?
" to /dev/ttyUSB1: Bad file descriptor
14:29:52 | SUPPLY   [warning] Write attempt 2/3 failed for command "VOLT?" to Supply-supply-1
14:29:52 | SERIAL   [error] Failed to write "VOLT?
" to /dev/ttyUSB1: Bad file descriptor
14:29:52 | SUPPLY   [warning] Write attempt 3/3 failed for command "VOLT?" to Supply-supply-1
14:29:52 | SUPPLY   [error] Failed to write command "VOLT?" to Supply-supply-1 after 3 attempts
14:29:52 | SUPPLY   [warning] Query write attempt 1/1 failed for "VOLT?" to Supply-supply-1
14:29:52 | SUPPLY   [error] Failed to query command "VOLT?" from Supply-supply-1 after 1 attempts
14:29:52 | SUPPLY   [error] Supply-supply-1 did not return a set voltage
14:29:52 | SERIAL   [error] Failed to write "CURR?
" to /dev/ttyUSB1: Bad file descriptor
14:29:52 | SUPPLY   [warning] Write attempt 1/3 failed for command "CURR?" to Supply-supply-1
14:29:52 | SERIAL   [error] Failed to write "CURR?
" to /dev/ttyUSB1: Bad file descriptor
14:29:52 | SUPPLY   [warning] Write attempt 2/3 failed for command "CURR?" to Supply-supply-1
14:29:52 | SERIAL   [error] Failed to write "CURR?
" to /dev/ttyUSB1: Bad file descriptor
14:29:52 | SUPPLY   [warning] Write attempt 3/3 failed for command "CURR?" to Supply-supply-1
14:29:52 | SUPPLY   [error] Failed to write command "CURR?" to Supply-supply-1 after 3 attempts
14:29:52 | SUPPLY   [warning] Query write attempt 1/1 failed for "CURR?" to Supply-supply-1
14:29:52 | SUPPLY   [error] Failed to query command "CURR?" from Supply-supply-1 after 1 attempts
14:29:52 | SUPPLY   [error] Supply-supply-1 did not return a set current
14:29:52 | SUPPLY   [error] Supply-supply-1 failed to query current state
14:29:52 | SERIAL   [error] Failed to write "STATE?
" to /dev/ttyUSB2: Bad file descriptor
14:29:52 | MODULE   [warning] Write attempt 1/3 failed for command "STATE?" to Module-module-1
14:29:52 | SERIAL   [error] Failed to write "STATE?
" to /dev/ttyUSB2: Bad file descriptor
14:29:52 | MODULE   [warning] Write attempt 2/3 failed for command "STATE?" to Module-module-1
14:29:52 | SERIAL   [error] Failed to write "STATE?
" to /dev/ttyUSB2: Bad file descriptor
14:29:52 | MODULE   [warning] Write attempt 3/3 failed for command "STATE?" to Module-module-1
14:29:52 | MODULE   [error] Failed to write command "STATE?" to Module-module-1 after 3 attempts
14:29:52 | MODULE   [warning] Query write attempt 1/1 failed for "STATE?" to Module-module-1
14:29:52 | MODULE   [error] Failed to query command "STATE?" from Module-module-1 after 1 attempts
14:29:52 | MODULE   [error] Module-module-1 did not return a state
14:29:52 | SERIAL   [error] Failed to write "STATE CHARGE
" to /dev/ttyUSB2: Bad file descriptor
14:29:52 | MODULE   [warning] Write attempt 1/3 failed for command "STATE CHARGE" to Module-module-1
14:29:52 | SERIAL   [error] Failed to write "STATE CHARGE
" to /dev/ttyUSB2: Bad file descriptor
14:29:52 | MODULE   [warning] Write attempt 2/3 failed for command "STATE CHARGE" to Module-module-1
14:29:52 | SERIAL   [error] Failed to write "STATE CHARGE
" to /dev/ttyUSB2: Bad file descriptor
14:29:52 | MODULE   [warning] Write attempt 3/3 failed for command "STATE CHARGE" to Module-module-1
14:29:52 | MODULE   [error] Failed to write command "STATE CHARGE" to Module-module-1 after 3 attempts
14:29:52 | MODULE   [error] Module-module-1 cannot be set to charging
14:29:52 | SERIAL   [error] Failed to write "CHAN 2
" to /dev/ttyUSB0: Bad file descriptor
14:29:52 | LOAD     [warning] Write attempt 1/3 failed for command "CHAN 2" to Load-load
14:29:52 | SERIAL   [error] Failed to write "CHAN 2
" to /dev/ttyUSB0: Bad file descriptor
14:29:52 | LOAD     [warning] Write attempt 2/3 failed for command "CHAN 2" to Load-load
14:29:52 | SERIAL   [error] Failed to write "CHAN 2
" to /dev/ttyUSB0: Bad file descriptor
14:29:52 | LOAD     [warning] Write attempt 3/3 failed for command "CHAN 2" to Load-load
14:29:52 | LOAD     [error] Failed to write command "CHAN 2" to Load-load after 3 attempts
14:29:52 | LOAD     [error] Failed to set channel at Load-load
14:29:52 | SERIAL   [error] Failed to write "MEAS:ALL?
" to /dev/ttyUSB1: Bad file descriptor
14:29:52 | SUPPLY   [warning] Write attempt 1/3 failed for command "MEAS:ALL?" to Supply-supply-1
14:29:52 | SERIAL   [error] Failed to write "MEAS:ALL?
" to /dev/ttyUSB1: Bad file descriptor
14:29:52 | SUPPLY   [warning] Write attempt 2/3 failed for command "MEAS:ALL?" to Supply-supply-1
14:29:52 | SERIAL   [error] Failed to write "MEAS:ALL?
" to /dev/ttyUSB1: Bad file descriptor
14:29:52 | SUPPLY   [warning] Write attempt 3/3 failed for command "MEAS:ALL?" to Supply-supply-1
14:29:52 | SUPPLY   [error] Failed to write command "MEAS:ALL?" to Supply-supply-1 after 3 attempts
14:29:52 | SUPPLY   [warning] Query write attempt 1/1 failed for "MEAS:ALL?" to Supply-supply-1
14:29:52 | SUPPLY   [error] Failed to query command "MEAS:ALL?" from Supply-supply-1 after 1 attempts
14:29:52 | SUPPLY   [error] Supply-supply-1 did not return any measurements
14:29:52 | SERIAL   [error] Failed to write "CHAN 1
" to /dev/ttyUSB0: Bad file descriptor
14:29:52 | LOAD     [warning] Write attempt 1/3 failed for command "CHAN 1" to Load-load
14:29:52 | SERIAL   [error] Failed to write "CHAN 1
" to /dev/ttyUSB0: Bad file descriptor
14:29:52 | LOAD     [warning] Write attempt 2/3 failed for command "CHAN 1" to Load-load
14:29:52 | SERIAL   [error] Failed to write "CHAN 1
" to /dev/ttyUSB0: Bad file descriptor
14:29:52 | LOAD     [warning] Write attempt 3/3 failed for command "CHAN 1" to Load-load
14:29:52 | LOAD     [error] Failed to write command "CHAN 1" to Load-load after 3 attempts
14:29:52 | LOAD     [error] Failed to set channel at Load-load
14:29:52 | SERIAL   [error] Failed to write "CHAN 1
" to /dev/ttyUSB0: Bad file descriptor
14:29:52 | LOAD     [warning] Write attempt 1/3 failed for command "CHAN 1" to Load-load
14:29:52 | SERIAL   [error] Failed to write "CHAN 1
" to /dev/ttyUSB0: Bad file descriptor
14:29:52 | LOAD     [warning] Write attempt 2/3 failed for command "CHAN 1" to Load-load
14:29:52 | SERIAL   [error] Failed to write "CHAN 1
" to /dev/ttyUSB0: Bad file descriptor
14:29:52 | LOAD     [warning] Write attempt 3/3 failed for command "CHAN 1" to Load-load
14:29:52 | LOAD     [error] Failed to write command "CHAN 1" to Load-load after 3 attempts
14:29:52 | LOAD     [error] Failed to set channel at Load-load
14:29:52 | SERIAL   [error] Failed to write "CHAN 2
" to /dev/ttyUSB0: Bad file descriptor
14:29:52 | LOAD     [warning] Write attempt 1/3 failed for command "CHAN 2" to Load-load
14:29:52 | SERIAL   [error] Failed to write "CHAN 2
" to /dev/ttyUSB0: Bad file descriptor
14:29:52 | LOAD     [warning] Write attempt 2/3 failed for command "CHAN 2" to Load-load
14:29:52 | SERIAL   [error] Failed to write "CHAN 2
" to /dev/ttyUSB0: Bad file descriptor
14:29:52 | LOAD     [warning] Write attempt 3/3 failed for command "CHAN 2" to Load-load
14:29:52 | LOAD     [error] Failed to write command "CHAN 2" to Load-load after 3 attempts
14:29:52 | LOAD     [error] Failed to set channel at Load-load
14:29:52 | SERIAL   [error] Failed to write "CHAN 2
" to /dev/ttyUSB0: Bad file descriptor
14:29:52 | LOAD     [warning] Write attempt 1/3 failed for command "CHAN 2" to Load-load
14:29:52 | SERIAL   [error] Failed to write "CHAN 2
" to /dev/ttyUSB0: Bad file descriptor
14:29:52 | LOAD     [warning] Write attempt 2/3 failed for command "CHAN 2" to Load-load
14:29:52 | SERIAL   [error] Failed to write "CHAN 2
" to /dev/ttyUSB0: Bad file descriptor
14:29:52 | LOAD     [warning] Write attempt 3/3 failed for command "CHAN 2" to Load-load
14:29:52 | LOAD     [error] Failed to write command "CHAN 2" to Load-load after 3 attempts
14:29:52 | LOAD     [error] Failed to set channel at Load-load
14:29:52 | SERIAL   [error] Failed to write "OUTP?
" to /dev/ttyUSB1: Bad file descriptor
14:29:52 | SUPPLY   [warning] Write attempt 1/3 failed for command "OUTP?" to Supply-supply-1
14:29:52 | SERIAL   [error] Failed to write "OUTP?
" to /dev/ttyUSB1: Bad file descriptor
14:29:52 | SUPPLY   [warning] Write attempt 2/3 failed for command "OUTP?" to Supply-supply-1
14:29:52 | SERIAL   [error] Failed to write "OUTP?
" to /dev/ttyUSB1: Bad file descriptor
14:29:52 | SUPPLY   [warning] Write attempt 3/3 failed for command "OUTP?" to Supply-supply-1
14:29:52 | SUPPLY   [error] Failed to write command "OUTP?" to Supply-supply-1 after 3 attempts
14:29:52 | SUPPLY   [warning] Query write attempt 1/1 failed for "OUTP?" to Supply-supply-1
14:29:52 | SUPPLY   [error] Failed to query command "OUTP?" from Supply-supply-1 after 1 attempts
14:29:52 | SUPPLY   [error] Supply-supply-1 did not return a valid state
14:29:52 | SERIAL   [error] Failed to write "VOLT?
" to /dev/ttyUSB1: Bad file descriptor
14:29:52 | SUPPLY   [warning] Write attempt 1/3 failed for command "VOLT?" to Supply-supply-1
14:29:52 | SERIAL   [error] Failed to write "VOLT?
" to /dev/ttyUSB1: Bad file descriptor
14:29:52 | SUPPLY   [warning] Write attempt 2/3 failed for command "VOLT?" to Supply-supply-1
14:29:52 | SERIAL   [error] Failed to write "VOLT?
" to /dev/ttyUSB1: Bad file descriptor
14:29:52 | SUPPLY   [warning] Write attempt 3/3 failed for command "VOLT?" to Supply-supply-1
14:29:52 | SUPPLY   [error] Failed to write command "VOLT?" to Supply-supply-1 after 3 attempts
14:29:52 | SUPPLY   [warning] Query write attempt 1/1 failed for "VOLT?" to Supply-supply-1
14:29:52 | SUPPLY   [error] Failed to query command "VOLT?" from Supply-supply-1 after 1 attempts
14:29:52 | SUPPLY   [error] Supply-supply-1 did not return a set voltage
14:29:52 | SERIAL   [error] Failed to write "CURR?
" to /dev/ttyUSB1: Bad file descriptor
14:29:52 | SUPPLY   [warning] Write attempt 1/3 failed for command "CURR?" to Supply-supply-1
14:29:52 | SERIAL   [error] Failed to write "CURR?
" to /dev/ttyUSB1: Bad file descriptor
14:29:52 | SUPPLY   [warning] Write attempt 2/3 failed for command "CURR?" to Supply-supply-1
14:29:52 | SERIAL   [error] Failed to write "CURR?
" to /dev/ttyUSB1: Bad file descriptor
14:29:52 | SUPPLY   [warning] Write attempt 3/3 failed for command "CURR?" to Supply-supply-1
14:29:52 | SUPPLY   [error] Failed to write command "CURR?" to Supply-supply-1 after 3 attempts
14:29:52 | SUPPLY   [warning] Query write attempt 1/1 failed for "CURR?" to Supply-supply-1
14:29:52 | SUPPLY   [error] Failed to query command "CURR?" from Supply-supply-1 after 1 attempts
14:29:52 | SUPPLY   [error] Supply-supply-1 did not return a set current
14:29:52 | SUPPLY   [error] Supply-supply-1 failed to query current state
14:29:52 | SERIAL   [error] Failed to write "STATE?
" to /dev/ttyUSB2: Bad file descriptor
14:29:52 | MODULE   [warning] Write attempt 1/3 failed for command "STATE?" to Module-module-1
14:29:52 | SERIAL   [error] Failed to write "STATE?
" to /dev/ttyUSB2: Bad file descriptor
14:29:52 | MODULE   [warning] Write attempt 2/3 failed for command "STATE?" to Module-module-1
14:29:52 | SERIAL   [error] Failed to write "STATE?
" to /dev/ttyUSB2: Bad file descriptor
14:29:52 | MODULE   [warning] Write attempt 3/3 failed for command "STATE?" to Module-module-1
14:29:52 | MODULE   [error] Failed to write command "STATE?" to Module-module-1 after 3 attempts
14:29:52 | MODULE   [warning] Query write attempt 1/1 failed for "STATE?" to Module-module-1
14:29:52 | MODULE   [error] Failed to query command "STATE?" from Module-module-1 after 1 attempts
14:29:52 | MODULE   [error] Module-module-1 did not return a state
14:29:52 | SERIAL   [error] Failed to write "STATE CHARGE
" to /dev/ttyUSB2: Bad file descriptor
14:29:52 | MODULE   [warning] Write attempt 1/3 failed for command "STATE CHARGE" to Module-module-1
14:29:52 | SERIAL   [error] Failed to write "STATE CHARGE
" to /dev/ttyUSB2: Bad file descriptor
14:29:52 | MODULE   [warning] Write attempt 2/3 failed for command "STATE CHARGE" to Module-module-1
14:29:52 | SERIAL   [error] Failed to write "STATE CHARGE
" to /dev/ttyUSB2: Bad file descriptor
14:29:52 | MODULE   [warning] Write attempt 3/3 failed for command "STATE CHARGE" to Module-module-1
14:29:52 | MODULE   [error] Failed to write command "STATE CHARGE" to Module-module-1 after 3 attempts
14:29:52 | MODULE   [error] Module-module-1 cannot be set to charging
14:29:52 | SERIAL   [error] Failed to write "CHAN 2
" to /dev/ttyUSB0: Bad file descriptor
14:29:52 | LOAD     [warning] Write attempt 1/3 failed for command "CHAN 2" to Load-load
14:29:52 | SERIAL   [error] Failed to write "CHAN 2
" to /dev/ttyUSB0: Bad file descriptor
14:29:52 | LOAD     [warning] Write attempt 2/3 failed for command "CHAN 2" to Load-load
14:29:52 | SERIAL   [error] Failed to write "CHAN 2
" to /dev/ttyUSB0: Bad file descriptor
14:29:52 | LOAD     [warning] Write attempt 3/3 failed for command "CHAN 2" to Load-load
14:29:52 | LOAD     [error] Failed to write command "CHAN 2" to Load-load after 3 attempts
14:29:52 | LOAD     [error] Failed to set channel at Load-load
14:29:52 | SERIAL   [error] Failed to write "MEAS:ALL?
" to /dev/ttyUSB1: Bad file descriptor
14:29:52 | SUPPLY   [warning] Write attempt 1/3 failed for command "MEAS:ALL?" to Supply-supply-1
14:29:52 | SERIAL   [error] Failed to write "MEAS:ALL?
" to /dev/ttyUSB1: Bad file descriptor
14:29:52 | SUPPLY   [warning] Write attempt 2/3 failed for command "MEAS:ALL?" to Supply-supply-1
14:29:52 | SERIAL   [error] Failed to write "MEAS:ALL?
" to /dev/ttyUSB1: Bad file descriptor
14:29:52 | SUPPLY   [warning] Write attempt 3/3 failed for command "MEAS:ALL?" to Supply-supply-1
14:29:52 | SUPPLY   [error] Failed to write command "MEAS:ALL?" to Supply-supply-1 after 3 attempts
14:29:52 | SUPPLY   [warning] Query write attempt 1/1 failed for "MEAS:ALL?" to Supply-supply-1
14:29:52 | SUPPLY   [error] Failed to query command "MEAS:ALL?" from Supply-supply-1 after 1 attempts
14:29:52 | SUPPLY   [error] Supply-supply-1 did not return any measurements
14:29:52 | SERIAL   [error] Failed to write "CHAN 1
" to /dev/ttyUSB0: Bad file descriptor
14:29:52 | LOAD     [warning] Write attempt 1/3 failed for command "CHAN 1" to Load-load
14:29:52 | SERIAL   [error] Failed to write "CHAN 1
" to /dev/ttyUSB0: Bad file descriptor
14:29:52 | LOAD     [warning] Write attempt 2/3 failed for command "CHAN 1" to Load-load
14:29:52 | SERIAL   [error] Failed to write "CHAN 1
" to /dev/ttyUSB0: Bad file descriptor
14:29:52 | LOAD     [warning] Write attempt 3/3 failed for command "CHAN 1" to Load-load
14:29:52 | LOAD     [error] Failed to write command "CHAN 1" to Load-load after 3 attempts
14:29:52 | LOAD     [error] Failed to set channel at Load-load
14:29:52 | SERIAL   [error] Failed to write "CHAN 1
" to /dev/ttyUSB0: Bad file descriptor
14:29:52 | LOAD     [warning] Write attempt 1/3 failed for command "CHAN 1" to Load-load
14:29:52 | SERIAL   [error] Failed to write "CHAN 1
" to /dev/ttyUSB0: Bad file descriptor
14:29:52 | LOAD     [warning] Write attempt 2/3 failed for command "CHAN 1" to Load-load
14:29:52 | SERIAL   [error] Failed to write "CHAN 1
" to /dev/ttyUSB0: Bad file descriptor
14:29:52 | LOAD     [warning] Write attempt 3/3 failed for command "CHAN 1" to Load-load
14:29:52 | LOAD     [error] Failed to write command "CHAN 1" to Load-load after 3 attempts
14:29:52 | LOAD     [error] Failed to set channel at Load-load
14:29:52 | SERIAL   [error] Failed to write "CHAN 2
" to /dev/ttyUSB0: Bad file descriptor
14:29:52 | LOAD     [warning] Write attempt 1/3 failed for command "CHAN 2" to Load-load
14:29:52 | SERIAL   [error] Failed to write "CHAN 2
" to /dev/ttyUSB0: Bad file descriptor
14:29:52 | LOAD     [warning] Write attempt 2/3 failed for command "CHAN 2" to Load-load
14:29:52 | SERIAL   [error] Failed to write "CHAN 2
" to /dev/ttyUSB0: Bad file descriptor
14:29:52 | LOAD     [warning] Write attempt 3/3 failed for command "CHAN 2" to Load-load
14:29:52 | LOAD     [error] Failed to write command "CHAN 2" to Load-load after 3 attempts
14:29:52 | LOAD     [error] Failed to set channel at Load-load
14:29:52 | SERIAL   [error] Failed to write "CHAN 2
" to /dev/ttyUSB0: Bad file descriptor
14:29:52 | LOAD     [warning] Write attempt 1/3 failed for command "CHAN 2" to Load-load
14:29:52 | SERIAL   [error] Failed to write "CHAN 2
" to /dev/ttyUSB0: Bad file descriptor
14:29:52 | LOAD     [warning] Write attempt 2/3 failed for command "CHAN 2" to Load-load
14:29:52 | SERIAL   [error] Failed to write "CHAN 2
" to /dev/ttyUSB0: Bad file descriptor
14:29:52 | LOAD     [warning] Write attempt 3/3 failed for command "CHAN 2" to Load-load
14:29:52 | LOAD     [error] Failed to write command "CHAN 2" to Load-load after 3 attempts
14:29:52 | LOAD     [error] Failed to set channel at Load-load
14:29:52 | SERIAL   [error] Failed to write "OUTP?
" to /dev/ttyUSB1: Bad file descriptor
14:29:52 | SUPPLY   [warning] Write attempt 1/3 failed for command "OUTP?" to Supply-supply-1
14:29:52 | SERIAL   [error] Failed to write "OUTP?
" to /dev/ttyUSB1: Bad file descriptor
14:29:52 | SUPPLY   [warning] Write attempt 2/3 failed for command "OUTP?" to Supply-supply-1
14:29:52 | SERIAL   [error] Failed to write "OUTP?
" to /dev/ttyUSB1: Bad file descriptor
14:29:52 | SUPPLY   [warning] Write attempt 3/3 failed for command "OUTP?" to Supply-supply-1
14:29:52 | SUPPLY   [error] Failed to write command "OUTP?" to Supply-supply-1 after 3 attempts
14:29:52 | SUPPLY   [warning] Query write attempt 1/1 failed for "OUTP?" to Supply-supply-1
14:29:52 | SUPPLY   [error] Failed to query command "OUTP?" from Supply-supply-1 after 1 attempts
14:29:52 | SUPPLY   [error] Supply-supply-1 did not return a valid state
14:29:52 | SERIAL   [error] Failed to write "VOLT?
" to /dev/ttyUSB1: Bad file descriptor
14:29:52 | SUPPLY   [warning] Write attempt 1/3 failed for command "VOLT?" to Supply-supply-1
14:29:52 | SERIAL   [error] Failed to write "VOLT?
" to /dev/ttyUSB1: Bad file descriptor
14:29:52 | SUPPLY   [warning] Write attempt 2/3 failed for command "VOLT?" to Supply-supply-1
14:29:52 | SERIAL   [error] Failed to write "VOLT?
" to /dev/ttyUSB1: Bad file descriptor
14:29:52 | SUPPLY   [warning] Write attempt 3/3 failed for command "VOLT?" to Supply-supply-1
14:29:52 | SUPPLY   [error] Failed to write command "VOLT?" to Supply-supply-1 after 3 attempts
14:29:52 | SUPPLY   [warning] Query write attempt 1/1 failed for "VOLT?" to Supply-supply-1
14:29:52 | SUPPLY   [error] Failed to query command "VOLT?" from Supply-supply-1 after 1 attempts
14:29:52 | SUPPLY   [error] Supply-supply-1 did not return a set voltage
14:29:52 | SERIAL   [error] Failed to write "CURR?
" to /dev/ttyUSB1: Bad file descriptor
14:29:52 | SUPPLY   [warning] Write attempt 1/3 failed for command "CURR?" to Supply-supply-1
14:29:52 | SERIAL   [error] Failed to write "CURR?
" to /dev/ttyUSB1: Bad file descriptor
14:29:52 | SUPPLY   [warning] Write attempt 2/3 failed for command "CURR?" to Supply-supply-1
14:29:52 | SERIAL   [error] Failed to write "CURR?
" to /dev/ttyUSB1: Bad file descriptor
14:29:52 | SUPPLY   [warning] Write attempt 3/3 failed for command "CURR?" to Supply-supply-1
14:29:52 | SUPPLY   [error] Failed to write command "CURR?" to Supply-supply-1 after 3 attempts
14:29:52 | SUPPLY   [warning] Query write attempt 1/1 failed for "CURR?" to Supply-supply-1
14:29:52 | SUPPLY   [error] Failed to query command "CURR?" from Supply-supply-1 after 1 attempts
14:29:52 | SUPPLY   [error] Supply-supply-1 did not return a set current
14:29:52 | SUPPLY   [error] Supply-supply-1 failed to query current state
14:29:52 | SERIAL   [error] Failed to write "STATE?
" to /dev/ttyUSB2: Bad file descriptor
14:29:52 | MODULE   [warning] Write attempt 1/3 failed for command "STATE?" to Module-module-1
14:29:52 | SERIAL   [error] Failed to write "STATE?
" to /dev/ttyUSB2: Bad file descriptor
14:29:52 | MODULE   [warning] Write attempt 2/3 failed for command "STATE?" to Module-module-1
14:29:52 | SERIAL   [error] Failed to write "STATE?
" to /dev/ttyUSB2: Bad file descriptor
14:29:52 | MODULE   [warning] Write attempt 3/3 failed for command "STATE?" to Module-module-1
14:29:52 | MODULE   [error] Failed to write command "STATE?" to Module-module-1 after 3 attempts
14:29:52 | MODULE   [warning] Query write attempt 1/1 failed for "STATE?" to Module-module-1
14:29:52 | MODULE   [error] Failed to query command "STATE?" from Module-module-1 after 1 attempts
14:29:52 | MODULE   [error] Module-module-1 did not return a state
14:29:52 | SERIAL   [error] Failed to write "STATE CHARGE
" to /dev/ttyUSB2: Bad file descriptor
14:29:52 | MODULE   [warning] Write attempt 1/3 failed for command "STATE CHARGE" to Module-module-1
14:29:52 | SERIAL   [error] Failed to write "STATE CHARGE
" to /dev/ttyUSB2: Bad file descriptor
14:29:52 | MODULE   [warning] Write attempt 2/3 failed for command "STATE CHARGE" to Module-module-1
14:29:52 | SERIAL   [error] Failed to write "STATE CHARGE
" to /dev/ttyUSB2: Bad file descriptor
14:29:52 | MODULE   [warning] Write attempt 3/3 failed for command "STATE CHARGE" to Module-module-1
14:29:52 | MODULE   [error] Failed to write command "STATE CHARGE" to Module-module-1 after 3 attempts
14:29:52 | MODULE   [error] Module-module-1 cannot be set to charging
14:29:52 | SERIAL   [error] Failed to write "CHAN 2
" to /dev/ttyUSB0: Bad file descriptor
14:29:52 | LOAD     [warning] Write attempt 1/3 failed for command "CHAN 2" to Load-load
14:29:52 | SERIAL   [error] Failed to write "CHAN 2
" to /dev/ttyUSB0: Bad file descriptor
14:29:52 | LOAD     [warning] Write attempt 2/3 failed for command "CHAN 2" to Load-load
14:29:52 | SERIAL   [error] Failed to write "CHAN 2
" to /dev/ttyUSB0: Bad file descriptor
14:29:52 | LOAD     [warning] Write attempt 3/3 failed for command "CHAN 2" to Load-load
14:29:52 | LOAD     [error] Failed to write command "CHAN 2" to Load-load after 3 attempts
14:29:52 | LOAD     [error] Failed to set channel at Load-load
14:29:52 | SERIAL   [error] Failed to write "MEAS:ALL?
" to /dev/ttyUSB1: Bad file descriptor
14:29:52 | SUPPLY   [warning] Write attempt 1/3 failed for command "MEAS:ALL?" to Supply-supply-1
14:29:52 | SERIAL   [error] Failed to write "MEAS:ALL?
" to /dev/ttyUSB1: Bad file descriptor
14:29:52 | SUPPLY   [warning] Write attempt 2/3 failed for command "MEAS:ALL?" to Supply-supply-1
14:29:52 | SERIAL   [error] Failed to write "MEAS:ALL?
" to /dev/ttyUSB1: Bad file descriptor
14:29:52 | SUPPLY   [warning] Write attempt 3/3 failed for command "MEAS:ALL?" to Supply-supply-1
14:29:52 | SUPPLY   [error] Failed to write command "MEAS:ALL?" to Supply-supply-1 after 3 attempts
14:29:52 | SUPPLY   [warning] Query write attempt 1/1 failed for "MEAS:ALL?" to Supply-supply-1
14:29:52 | SUPPLY   [error] Failed to query command "MEAS:ALL?" from Supply-supply-1 after 1 attempts
14:29:52 | SUPPLY   [error] Supply-supply-1 did not return any measurements
14:29:52 | SERIAL   [error] Failed to write "CHAN 1
" to /dev/ttyUSB0: Bad file descriptor
14:29:52 | LOAD     [warning] Write attempt 1/3 failed for command "CHAN 1" to Load-load
14:29:52 | SERIAL   [error] Failed to write "CHAN 1
" to /dev/ttyUSB0: Bad file descriptor
14:29:52 | LOAD     [warning] Write attempt 2/3 failed for command "CHAN 1" to Load-load
14:29:52 | SERIAL   [error] Failed to write "CHAN 1
" to /dev/ttyUSB0: Bad file descriptor
14:29:52 | LOAD     [warning] Write attempt 3/3 failed for command "CHAN 1" to Load-load
14:29:52 | LOAD     [error] Failed to write command "CHAN 1" to Load-load after 3 attempts
14:29:52 | LOAD     [error] Failed to set channel at Load-load
14:29:52 | SERIAL   [error] Failed to write "CHAN 1
" to /dev/ttyUSB0: Bad file descriptor
14:29:52 | LOAD     [warning] Write attempt 1/3 failed for command "CHAN 1" to Load-load
14:29:52 | SERIAL   [error] Failed to write "CHAN 1
" to /dev/ttyUSB0: Bad file descriptor
14:29:52 | LOAD     [warning] Write attempt 2/3 failed for command "CHAN 1" to Load-load
14:29:52 | SERIAL   [error] Failed to write "CHAN 1
" to /dev/ttyUSB0: Bad file descriptor
14:29:52 | LOAD     [warning] Write attempt 3/3 failed for command "CHAN 1" to Load-load
14:29:52 | LOAD     [error] Failed to write command "CHAN 1" to Load-load after 3 attempts
14:29:52 | LOAD     [error] Failed to set channel at Load-load
14:29:52 | SERIAL   [error] Failed to write "CHAN 2
" to /dev/ttyUSB0: Bad file descriptor
14:29:52 | LOAD     [warning] Write attempt 1/3 failed for command "CHAN 2" to Load-load
14:29:52 | SERIAL   [error] Failed to write "CHAN 2
" to /dev/ttyUSB0: Bad file descriptor
14:29:52 | LOAD     [warning] Write attempt 2/3 failed for command "CHAN 2" to Load-load
14:29:52 | SERIAL   [error] Failed to write "CHAN 2
" to /dev/ttyUSB0: Bad file descriptor
14:29:52 | LOAD     [warning] Write attempt 3/3 failed for command "CHAN 2" to Load-load
14:29:52 | LOAD     [error] Failed to write command "CHAN 2" to Load-load after 3 attempts
14:29:52 | LOAD     [error] Failed to set channel at Load-load
14:29:52 | SERIAL   [error] Failed to write "CHAN 2
" to /dev/ttyUSB0: Bad file descriptor
14:29:52 | LOAD     [warning] Write attempt 1/3 failed for command "CHAN 2" to Load-load
14:29:52 | SERIAL   [error] Failed to write "CHAN 2
" to /dev/ttyUSB0: Bad file descriptor
14:29:52 | LOAD     [warning] Write attempt 2/3 failed for command "CHAN 2" to Load-load
14:29:52 | SERIAL   [error] Failed to write "CHAN 2
" to /dev/ttyUSB0: Bad file descriptor
14:29:52 | LOAD     [warning] Write attempt 3/3 failed for command "CHAN 2" to Load-load
14:29:52 | LOAD     [error] Failed to write command "CHAN 2" to Load-load after 3 attempts
14:29:52 | LOAD     [error] Failed to set channel at Load-load
14:29:52 | SERIAL   [error] Failed to write "OUTP?
" to /dev/ttyUSB1: Bad file descriptor
14:29:52 | SUPPLY   [warning] Write attempt 1/3 failed for command "OUTP?" to Supply-supply-1
14:29:52 | SERIAL   [error] Failed to write "OUTP?
" to /dev/ttyUSB1: Bad file descriptor
14:29:52 | SUPPLY   [warning] Write attempt 2/3 failed for command "OUTP?" to Supply-supply-1
14:29:52 | SERIAL   [error] Failed to write "OUTP?
" to /dev/ttyUSB1: Bad file descriptor
14:29:52 | SUPPLY   [warning] Write attempt 3/3 failed for command "OUTP?" to Supply-supply-1
14:29:52 | SUPPLY   [error] Failed to write command "OUTP?" to Supply-supply-1 after 3 attempts
14:29:52 | SUPPLY   [warning] Query write attempt 1/1 failed for "OUTP?" to Supply-supply-1
14:29:52 | SUPPLY   [error] Failed to query command "OUTP?" from Supply-supply-1 after 1 attempts
14:29:52 | SUPPLY   [error] Supply-supply-1 did not return a valid state
14:29:52 | SERIAL   [error] Failed to write "VOLT?
" to /dev/ttyUSB1: Bad file descriptor
14:29:52 | SUPPLY   [warning] Write attempt 1/3 failed for command "VOLT?" to Supply-supply-1
14:29:52 | SERIAL   [error] Failed to write "VOLT?
" to /dev/ttyUSB1: Bad file descriptor
14:29:52 | SUPPLY   [warning] Write attempt 2/3 failed for command "VOLT?" to Supply-supply-1
14:29:52 | SERIAL   [error] Failed to write "VOLT?
" to /dev/ttyUSB1: Bad file descriptor
14:29:52 | SUPPLY   [warning] Write attempt 3/3 failed for command "VOLT?" to Supply-supply-1
14:29:52 | SUPPLY   [error] Failed to write command "VOLT?" to Supply-supply-1 after 3 attempts
14:29:52 | SUPPLY   [warning] Query write attempt 1/1 failed for "VOLT?" to Supply-supply-1
14:29:52 | SUPPLY   [error] Failed to query command "VOLT?" from Supply-supply-1 after 1 attempts
14:29:52 | SUPPLY   [error] Supply-supply-1 did not return a set voltage
14:29:52 | SERIAL   [error] Failed to write "CURR?
" to /dev/ttyUSB1: Bad file descriptor
14:29:52 | SUPPLY   [warning] Write attempt 1/3 failed for command "CURR?" to Supply-supply-1
14:29:52 | SERIAL   [error] Failed to write "CURR?
" to /dev/ttyUSB1: Bad file descriptor
14:29:52 | SUPPLY   [warning] Write attempt 2/3 failed for command "CURR?" to Supply-supply-1
14:29:52 | SERIAL   [error] Failed to write "CURR?
" to /dev/ttyUSB1: Bad file descriptor
14:29:52 | SUPPLY   [warning] Write attempt 3/3 failed for command "CURR?" to Supply-supply-1
14:29:52 | SUPPLY   [error] Failed to write command "CURR?" to Supply-supply-1 after 3 attempts
14:29:52 | SUPPLY   [warning] Query write attempt 1/1 failed for "CURR?" to Supply-supply-1
14:29:52 | SUPPLY   [error] Failed to query command "CURR?" from Supply-supply-1 after 1 attempts
14:29:52 | SUPPLY   [error] Supply-supply-1 did not return a set current
14:29:52 | SUPPLY   [error] Supply-supply-1 failed to query current state
14:29:52 | SERIAL   [error] Failed to write "STATE?
" to /dev/ttyUSB2: Bad file descriptor
14:29:52 | MODULE   [warning] Write attempt 1/3 failed for command "STATE?" to Module-module-1
14:29:52 | SERIAL   [error] Failed to write "STATE?
" to /dev/ttyUSB2: Bad file descriptor
14:29:52 | MODULE   [warning] Write attempt 2/3 failed for command "STATE?" to Module-module-1
14:29:52 | SERIAL   [error] Failed to write "STATE?
" to /dev/ttyUSB2: Bad file descriptor
14:29:52 | MODULE   [warning] Write attempt 3/3 failed for command "STATE?" to Module-module-1
14:29:52 | MODULE   [error] Failed to write command "STATE?" to Module-module-1 after 3 attempts
14:29:52 | MODULE   [warning] Query write attempt 1/1 failed for "STATE?" to Module-module-1
14:29:52 | MODULE   [error] Failed to query command "STATE?" from Module-module-1 after 1 attempts
14:29:52 | MODULE   [error] Module-module-1 did not return a state
14:29:52 | SERIAL   [error] Failed to write "STATE CHARGE
" to /dev/ttyUSB2: Bad file descriptor
14:29:52 | MODULE   [warning] Write attempt 1/3 failed for command "STATE CHARGE" to Module-module-1
14:29:52 | SERIAL   [error] Failed to write "STATE CHARGE
" to /dev/ttyUSB2: Bad file descriptor
14:29:52 | MODULE   [warning] Write attempt 2/3 failed for command "STATE CHARGE" to Module-module-1
14:29:52 | SERIAL   [error] Failed to write "STATE CHARGE
" to /dev/ttyUSB2: Bad file descriptor
14:29:52 | MODULE   [warning] Write attempt 3/3 failed for command "STATE CHARGE" to Module-module-1
14:29:52 | MODULE   [error] Failed to write command "STATE CHARGE" to Module-module-1 after 3 attempts
14:29:52 | MODULE   [error] Module-module-1 cannot be set to charging
14:29:52 | SERIAL   [error] Failed to write "CHAN 2
" to /dev/ttyUSB0: Bad file descriptor
14:29:52 | LOAD     [warning] Write attempt 1/3 failed for command "CHAN 2" to Load-load
14:29:52 | SERIAL   [error] Failed to write "CHAN 2
" to /dev/ttyUSB0: Bad file descriptor
14:29:52 | LOAD     [warning] Write attempt 2/3 failed for command "CHAN 2" to Load-load
14:29:52 | SERIAL   [error] Failed to write "CHAN 2
" to /dev/ttyUSB0: Bad file descriptor
14:29:52 | LOAD     [warning] Write attempt 3/3 failed for command "CHAN 2" to Load-load
14:29:52 | LOAD     [error] Failed to write command "CHAN 2" to Load-load after 3 attempts
14:29:52 | LOAD     [error] Failed to set channel at Load-load
14:29:52 | SERIAL   [error] Failed to write "MEAS:ALL?
" to /dev/ttyUSB1: Bad file descriptor
14:29:52 | SUPPLY   [warning] Write attempt 1/3 failed for command "MEAS:ALL?" to Supply-supply-1
14:29:52 | SERIAL   [error] Failed to write "MEAS:ALL?
" to /dev/ttyUSB1: Bad file descriptor
14:29:52 | SUPPLY   [warning] Write attempt 2/3 failed for command "MEAS:ALL?" to Supply-supply-1
14:29:52 | SERIAL   [error] Failed to write "MEAS:ALL?
" to /dev/ttyUSB1: Bad file descriptor
14:29:52 | SUPPLY   [warning] Write attempt 3/3 failed for command "MEAS:ALL?" to Supply-supply-1
14:29:52 | SUPPLY   [error] Failed to write command "MEAS:ALL?" to Supply-supply-1 after 3 attempts
14:29:52 | SUPPLY   [warning] Query write attempt 1/1 failed for "MEAS:ALL?" to Supply-supply-1
14:29:52 | SUPPLY   [error] Failed to query command "MEAS:ALL?" from Supply-supply-1 after 1 attempts
14:29:52 | SUPPLY   [error] Supply-supply-1 did not return any measurements
14:29:52 | SERIAL   [error] Failed to write "CHAN 1
" to /dev/ttyUSB0: Bad file descriptor
14:29:52 | LOAD     [warning] Write attempt 1/3 failed for command "CHAN 1" to Load-load
14:29:52 | SERIAL   [error] Failed to write "CHAN 1
" to /dev/ttyUSB0: Bad file descriptor
14:29:52 | LOAD     [warning] Write attempt 2/3 failed for command "CHAN 1" to Load-load
14:29:52 | SERIAL   [error] Failed to write "CHAN 1
" to /dev/ttyUSB0: Bad file descriptor
14:29:52 | LOAD     [warning] Write attempt 3/3 failed for command "CHAN 1" to Load-load
14:29:52 | LOAD     [error] Failed to write command "CHAN 1" to Load-load after 3 attempts
14:29:52 | LOAD     [error] Failed to set channel at Load-load
14:29:52 | SERIAL   [error] Failed to write "CHAN 1
" to /dev/ttyUSB0: Bad file descriptor
14:29:52 | LOAD     [warning] Write attempt 1/3 failed for command "CHAN 1" to Load-load
14:29:52 | SERIAL   [error] Failed to write "CHAN 1
" to /dev/ttyUSB0: Bad file descriptor
14:29:52 | LOAD     [warning] Write attempt 2/3 failed for command "CHAN 1" to Load-load
14:29:52 | SERIAL   [error] Failed to write "CHAN 1
" to /dev/ttyUSB0: Bad file descriptor
14:29:52 | LOAD     [warning] Write attempt 3/3 failed for command "CHAN 1" to Load-load
14:29:52 | LOAD     [error] Failed to write command "CHAN 1" to Load-load after 3 attempts
14:29:52 | LOAD     [error] Failed to set channel at Load-load
14:29:52 | SERIAL   [error] Failed to write "CHAN 2
" to /dev/ttyUSB0: Bad file descriptor
14:29:52 | LOAD     [warning] Write attempt 1/3 failed for command "CHAN 2" to Load-load
14:29:52 | SERIAL   [error] Failed to write "CHAN 2
" to /dev/ttyUSB0: Bad file descriptor
14:29:52 | LOAD     [warning] Write attempt 2/3 failed for command "CHAN 2" to Load-load
14:29:52 | SERIAL   [error] Failed to write "CHAN 2
" to /dev/ttyUSB0: Bad file descriptor
14:29:52 | LOAD     [warning] Write attempt 3/3 failed for command "CHAN 2" to Load-load
14:29:52 | LOAD     [error] Failed to write command "CHAN 2" to Load-load after 3 attempts
14:29:52 | LOAD     [error] Failed to set channel at Load-load
14:29:52 | SERIAL   [error] Failed to write "CHAN 2
" to /dev/ttyUSB0: Bad file descriptor
14:29:52 | LOAD     [warning] Write attempt 1/3 failed for command "CHAN 2" to Load-load
14:29:52 | SERIAL   [error] Failed to write "CHAN 2
" to /dev/ttyUSB0: Bad file descriptor
14:29:52 | LOAD     [warning] Write attempt 2/3 failed for command "CHAN 2" to Load-load
14:29:52 | SERIAL   [error] Failed to write "CHAN 2
" to /dev/ttyUSB0: Bad file descriptor
14:29:52 | LOAD     [warning] Write attempt 3/3 failed for command "CHAN 2" to Load-load
14:29:52 | LOAD     [error] Failed to write command "CHAN 2" to Load-load after 3 attempts
14:29:52 | LOAD     [error] Failed to set channel at Load-load
14:29:52 | SERIAL   [error] Failed to write "OUTP?
" to /dev/ttyUSB1: Bad file descriptor
14:29:52 | SUPPLY   [warning] Write attempt 1/3 failed for command "OUTP?" to Supply-supply-1
14:29:52 | SERIAL   [error] Failed to write "OUTP?
" to /dev/ttyUSB1: Bad file descriptor
14:29:52 | SUPPLY   [warning] Write attempt 2/3 failed for command "OUTP?" to Supply-supply-1
14:29:52 | SERIAL   [error] Failed to write "OUTP?
" to /dev/ttyUSB1: Bad file descriptor
14:29:52 | SUPPLY   [warning] Write attempt 3/3 failed for command "OUTP?" to Supply-supply-1
14:29:52 | SUPPLY   [error] Failed to write command "OUTP?" to Supply-supply-1 after 3 attempts
14:29:52 | SUPPLY   [warning] Query write attempt 1/1 failed for "OUTP?" to Supply-supply-1
14:29:52 | SUPPLY   [error] Failed to query command "OUTP?" from Supply-supply-1 after 1 attempts
14:29:52 | SUPPLY   [error] Supply-supply-1 did not return a valid state
14:29:52 | SERIAL   [error] Failed to write "VOLT?
" to /dev/ttyUSB1: Bad file descriptor
14:29:52 | SUPPLY   [warning] Write attempt 1/3 failed for command "VOLT?" to Supply-supply-1
14:29:52 | SERIAL   [error] Failed to write "VOLT?
" to /dev/ttyUSB1: Bad file descriptor
14:29:52 | SUPPLY   [warning] Write attempt 2/3 failed for command "VOLT?" to Supply-supply-1
14:29:52 | SERIAL   [error] Failed to write "VOLT?
" to /dev/ttyUSB1: Bad file descriptor
14:29:52 | SUPPLY   [warning] Write attempt 3/3 failed for command "VOLT?" to Supply-supply-1
14:29:52 | SUPPLY   [error] Failed to write command "VOLT?" to Supply-supply-1 after 3 attempts
14:29:52 | SUPPLY   [warning] Query write attempt 1/1 failed for "VOLT?" to Supply-supply-1
14:29:52 | SUPPLY   [error] Failed to query command "VOLT?" from Supply-supply-1 after 1 attempts
14:29:52 | SUPPLY   [error] Supply-supply-1 did not return a set voltage
14:29:52 | SERIAL   [error] Failed to write "CURR?
" to /dev/ttyUSB1: Bad file descriptor
14:29:52 | SUPPLY   [warning] Write attempt 1/3 failed for command "CURR?" to Supply-supply-1
14:29:52 | SERIAL   [error] Failed to write "CURR?
" to /dev/ttyUSB1: Bad file descriptor
14:29:52 | SUPPLY   [warning] Write attempt 2/3 failed for command "CURR?" to Supply-supply-1
14:29:52 | SERIAL   [error] Failed to write "CURR?
" to /dev/ttyUSB1: Bad file descriptor
14:29:52 | SUPPLY   [warning] Write attempt 3/3 failed for command "CURR?" to Supply-supply-1
14:29:52 | SUPPLY   [error] Failed to write command "CURR?" to Supply-supply-1 after 3 attempts
14:29:52 | SUPPLY   [warning] Query write attempt 1/1 failed for "CURR?" to Supply-supply-1
14:29:52 | SUPPLY   [error] Failed to query command "CURR?" from Supply-supply-1 after 1 attempts
14:29:52 | SUPPLY   [error] Supply-supply-1 did not return a set current
14:29:52 | SUPPLY   [error] Supply-supply-1 failed to query current state
14:29:52 | SERIAL   [error] Failed to write "STATE?
" to /dev/ttyUSB2: Bad file descriptor
14:29:52 | MODULE   [warning] Write attempt 1/3 failed for command "STATE?" to Module-module-1
14:29:52 | SERIAL   [error] Failed to write "STATE?
" to /dev/ttyUSB2: Bad file descriptor
14:29:52 | MODULE   [warning] Write attempt 2/3 failed for command "STATE?" to Module-module-1
14:29:52 | SERIAL   [error] Failed to write "STATE?
" to /dev/ttyUSB2: Bad file descriptor
14:29:52 | MODULE   [warning] Write attempt 3/3 failed for command "STATE?" to Module-module-1
14:29:52 | MODULE   [error] Failed to write command "STATE?" to Module-module-1 after 3 attempts
14:29:52 | MODULE   [warning] Query write attempt 1/1 failed for "STATE?" to Module-module-1
14:29:52 | MODULE   [error] Failed to query command "STATE?" from Module-module-1 after 1 attempts
14:29:52 | MODULE   [error] Module-module-1 did not return a state
14:29:52 | SERIAL   [error] Failed to write "STATE CHARGE
" to /dev/ttyUSB2: Bad file descriptor
14:29:52 | MODULE   [warning] Write attempt 1/3 failed for command "STATE CHARGE" to Module-module-1
14:29:52 | SERIAL   [error] Failed to write "STATE CHARGE
" to /dev/ttyUSB2: Bad file descriptor
14:29:52 | MODULE   [warning] Write attempt 2/3 failed for command "STATE CHARGE" to Module-module-1
14:29:52 | SERIAL   [error] Failed to write "STATE CHARGE
" to /dev/ttyUSB2: Bad file descriptor
14:29:52 | MODULE   [warning] Write attempt 3/3 failed for command "STATE CHARGE" to Module-module-1
14:29:52 | MODULE   [error] Failed to write command "STATE CHARGE" to Module-module-1 after 3 attempts
14:29:52 | MODULE   [error] Module-module-1 cannot be set to charging
14:29:52 | SERIAL   [error] Failed to write "CHAN 2
" to /dev/ttyUSB0: Bad file descriptor
14:29:52 | LOAD     [warning] Write attempt 1/3 failed for command "CHAN 2" to Load-load
14:29:52 | SERIAL   [error] Failed to write "CHAN 2
" to /dev/ttyUSB0: Bad file descriptor
14:29:52 | LOAD     [warning] Write attempt 2/3 failed for command "CHAN 2" to Load-load
14:29:52 | SERIAL   [error] Failed to write "CHAN 2
" to /dev/ttyUSB0: Bad file descriptor
14:29:52 | LOAD     [warning] Write attempt 3/3 failed for command "CHAN 2" to Load-load
14:29:52 | LOAD     [error] Failed to write command "CHAN 2" to Load-load after 3 attempts
14:29:52 | LOAD     [error] Failed to set channel at Load-load
14:29:52 | SERIAL   [error] Failed to write "MEAS:ALL?
" to /dev/ttyUSB1: Bad file descriptor
14:29:52 | SUPPLY   [warning] Write attempt 1/3 failed for command "MEAS:ALL?" to Supply-supply-1
14:29:52 | SERIAL   [error] Failed to write "MEAS:ALL?
" to /dev/ttyUSB1: Bad file descriptor
14:29:52 | SUPPLY   [warning] Write attempt 2/3 failed for command "MEAS:ALL?" to Supply-supply-1
14:29:52 | SERIAL   [error] Failed to write "MEAS:ALL?
" to /dev/ttyUSB1: Bad file descriptor
14:29:52 | SUPPLY   [warning] Write attempt 3/3 failed for command "MEAS:ALL?" to Supply-supply-1
14:29:52 | SUPPLY   [error] Failed to write command "MEAS:ALL?" to Supply-supply-1 after 3 attempts
14:29:52 | SUPPLY   [warning] Query write attempt 1/1 failed for "MEAS:ALL?" to Supply-supply-1
14:29:52 | SUPPLY   [error] Failed to query command "MEAS:ALL?" from Supply-supply-1 after 1 attempts
14:29:52 | SUPPLY   [error] Supply-supply-1 did not return any measurements
14:29:52 | SERIAL   [error] Failed to write "CHAN 1
" to /dev/ttyUSB0: Bad file descriptor
14:29:52 | LOAD     [warning] Write attempt 1/3 failed for command "CHAN 1" to Load-load
14:29:52 | SERIAL   [error] Failed to write "CHAN 1
" to /dev/ttyUSB0: Bad file descriptor
14:29:52 | LOAD     [warning] Write attempt 2/3 failed for command "CHAN 1" to Load-load
14:29:52 | SERIAL   [error] Failed to write "CHAN 1
" to /dev/ttyUSB0: Bad file descriptor
14:29:52 | LOAD     [warning] Write attempt 3/3 failed for command "CHAN 1" to Load-load
14:29:52 | LOAD     [error] Failed to write command "CHAN 1" to Load-load after 3 attempts
14:29:52 | LOAD     [error] Failed to set channel at Load-load
14:29:52 | SERIAL   [error] Failed to write "CHAN 1
" to /dev/ttyUSB0: Bad file descriptor
14:29:52 | LOAD     [warning] Write attempt 1/3 failed for command "CHAN 1" to Load-load
14:29:52 | SERIAL   [error] Failed to write "CHAN 1
" to /dev/ttyUSB0: Bad file descriptor
14:29:52 | LOAD     [warning] Write attempt 2/3 failed for command "CHAN 1" to Load-load
14:29:52 | SERIAL   [error] Failed to write "CHAN 1
" to /dev/ttyUSB0: Bad file descriptor
14:29:52 | LOAD     [warning] Write attempt 3/3 failed for command "CHAN 1" to Load-load
14:29:52 | LOAD     [error] Failed to write command "CHAN 1" to Load-load after 3 attempts
14:29:52 | LOAD     [error] Failed to set channel at Load-load
14:29:52 | SERIAL   [error] Failed to write "CHAN 2
" to /dev/ttyUSB0: Bad file descriptor
14:29:52 | LOAD     [warning] Write attempt 1/3 failed for command "CHAN 2" to Load-load
14:29:52 | SERIAL   [error] Failed to write "CHAN 2
" to /dev/ttyUSB0: Bad file descriptor
14:29:52 | LOAD     [warning] Write attempt 2/3 failed for command "CHAN 2" to Load-load
14:29:52 | SERIAL   [error] Failed to write "CHAN 2
" to /dev/ttyUSB0: Bad file descriptor
14:29:52 | LOAD     [warning] Write attempt 3/3 failed for command "CHAN 2" to Load-load
14:29:52 | LOAD     [error] Failed to write command "CHAN 2" to Load-load after 3 attempts
14:29:52 | LOAD     [error] Failed to set channel at Load-load
14:29:52 | SERIAL   [error] Failed to write "CHAN 2
" to /dev/ttyUSB0: Bad file descriptor
14:29:52 | LOAD     [warning] Write attempt 1/3 failed for command "CHAN 2" to Load-load
14:29:52 | SERIAL   [error] Failed to write "CHAN 2
" to /dev/ttyUSB0: Bad file descriptor
14:29:52 | LOAD     [warning] Write attempt 2/3 failed for command "CHAN 2" to Load-load
14:29:52 | SERIAL   [error] Failed to write "CHAN 2
" to /dev/ttyUSB0: Bad file descriptor
14:29:52 | LOAD     [warning] Write attempt 3/3 failed for command "CHAN 2" to Load-load
14:29:52 | LOAD     [error] Failed to write command "CHAN 2" to Load-load after 3 attempts
14:29:52 | LOAD     [error] Failed to set channel at Load-load
14:29:52 | SERIAL   [error] Failed to write "OUTP?
" to /dev/ttyUSB1: Bad file descriptor
14:29:52 | SUPPLY   [warning] Write attempt 1/3 failed for command "OUTP?" to Supply-supply-1
14:29:52 | SERIAL   [error] Failed to write "OUTP?
" to /dev/ttyUSB1: Bad file descriptor
14:29:52 | SUPPLY   [warning] Write attempt 2/3 failed for command "OUTP?" to Supply-supply-1
14:29:52 | SERIAL   [error] Failed to write "OUTP?
" to /dev/ttyUSB1: Bad file descriptor
14:29:52 | SUPPLY   [warning] Write attempt 3/3 failed for command "OUTP?" to Supply-supply-1
14:29:52 | SUPPLY   [error] Failed to write command "OUTP?" to Supply-supply-1 after 3 attempts
14:29:52 | SUPPLY   [warning] Query write attempt 1/1 failed for "OUTP?" to Supply-supply-1
14:29:52 | SUPPLY   [error] Failed to query command "OUTP?" from Supply-supply-1 after 1 attempts
14:29:52 | SUPPLY   [error] Supply-supply-1 did not return a valid state
14:29:52 | SERIAL   [error] Failed to write "VOLT?
" to /dev/ttyUSB1: Bad file descriptor
14:29:52 | SUPPLY   [warning] Write attempt 1/3 failed for command "VOLT?" to Supply-supply-1
14:29:52 | SERIAL   [error] Failed to write "VOLT?
" to /dev/ttyUSB1: Bad file descriptor
14:29:52 | SUPPLY   [warning] Write attempt 2/3 failed for command "VOLT?" to Supply-supply-1
14:29:52 | SERIAL   [error] Failed to write "VOLT?
" to /dev/ttyUSB1: Bad file descriptor
14:29:52 | SUPPLY   [warning] Write attempt 3/3 failed for command "VOLT?" to Supply-supply-1
14:29:52 | SUPPLY   [error] Failed to write command "VOLT?" to Supply-supply-1 after 3 attempts
14:29:52 | SUPPLY   [warning] Query write attempt 1/1 failed for "VOLT?" to Supply-supply-1
14:29:52 | SUPPLY   [error] Failed to query command "VOLT?" from Supply-supply-1 after 1 attempts
14:29:52 | SUPPLY   [error] Supply-supply-1 did not return a set voltage
14:29:52 | SERIAL   [error] Failed to write "CURR?
" to /dev/ttyUSB1: Bad file descriptor
14:29:52 | SUPPLY   [warning] Write attempt 1/3 failed for command "CURR?" to Supply-supply-1
14:29:52 | SERIAL   [error] Failed to write "CURR?
" to /dev/ttyUSB1: Bad file descriptor
14:29:52 | SUPPLY   [warning] Write attempt 2/3 failed for command "CURR?" to Supply-supply-1
14:29:52 | SERIAL   [error] Failed to write "CURR?
" to /dev/ttyUSB1: Bad file descriptor
14:29:52 | SUPPLY   [warning] Write attempt 3/3 failed for command "CURR?" to Supply-supply-1
14:29:52 | SUPPLY   [error] Failed to write command "CURR?" to Supply-supply-1 after 3 attempts
14:29:52 | SUPPLY   [warning] Query write attempt 1/1 failed for "CURR?" to Supply-supply-1
14:29:52 | SUPPLY   [error] Failed to query command "CURR?" from Supply-supply-1 after 1 attempts
14:29:52 | SUPPLY   [error] Supply-supply-1 did not return a set current
14:29:52 | SUPPLY   [error] Supply-supply-1 failed to query current state
14:29:52 | SERIAL   [error] Failed to write "STATE?
" to /dev/ttyUSB2: Bad file descriptor
14:29:52 | MODULE   [warning] Write attempt 1/3 failed for command "STATE?" to Module-module-1
14:29:52 | SERIAL   [error] Failed to write "STATE?
" to /dev/ttyUSB2: Bad file descriptor
14:29:52 | MODULE   [warning] Write attempt 2/3 failed for command "STATE?" to Module-module-1
14:29:52 | SERIAL   [error] Failed to write "STATE?
" to /dev/ttyUSB2: Bad file descriptor
14:29:52 | MODULE   [warning] Write attempt 3/3 failed for command "STATE?" to Module-module-1
14:29:52 | MODULE   [error] Failed to write command "STATE?" to Module-module-1 after 3 attempts
14:29:52 | MODULE   [warning] Query write attempt 1/1 failed for "STATE?" to Module-module-1
14:29:52 | MODULE   [error] Failed to query command "STATE?" from Module-module-1 after 1 attempts
14:29:52 | MODULE   [error] Module-module-1 did not return a state
14:29:52 | SERIAL   [error] Failed to write "STATE CHARGE
" to /dev/ttyUSB2: Bad file descriptor
14:29:52 | MODULE   [warning] Write attempt 1/3 failed for command "STATE CHARGE" to Module-module-1
14:29:52 | SERIAL   [error] Failed to write "STATE CHARGE
" to /dev/ttyUSB2: Bad file descriptor
14:29:52 | MODULE   [warning] Write attempt 2/3 failed for command "STATE CHARGE" to Module-module-1
14:29:52 | SERIAL   [error] Failed to write "STATE CHARGE
" to /dev/ttyUSB2: Bad file descriptor
14:29:52 | MODULE   [warning] Write attempt 3/3 failed for command "STATE CHARGE" to Module-module-1
14:29:52 | MODULE   [error] Failed to write command "STATE CHARGE" to Module-module-1 after 3 attempts
14:29:52 | MODULE   [error] Module-module-1 cannot be set to charging
14:29:52 | SERIAL   [error] Failed to write "CHAN 2
" to /dev/ttyUSB0: Bad file descriptor
14:29:52 | LOAD     [warning] Write attempt 1/3 failed for command "CHAN 2" to Load-load
14:29:52 | SERIAL   [error] Failed to write "CHAN 2
" to /dev/ttyUSB0: Bad file descriptor
14:29:52 | LOAD     [warning] Write attempt 2/3 failed for command "CHAN 2" to Load-load
14:29:52 | SERIAL   [error] Failed to write "CHAN 2
" to /dev/ttyUSB0: Bad file descriptor
14:29:52 | LOAD     [warning] Write attempt 3/3 failed for command "CHAN 2" to Load-load
14:29:52 | LOAD     [error] Failed to write command "CHAN 2" to Load-load after 3 attempts
14:29:52 | LOAD     [error] Failed to set channel at Load-load
14:29:52 | SERIAL   [error] Failed to write "MEAS:ALL?
" to /dev/ttyUSB1: Bad file descriptor
14:29:52 | SUPPLY   [warning] Write attempt 1/3 failed for command "MEAS:ALL?" to Supply-supply-1
14:29:52 | SERIAL   [error] Failed to write "MEAS:ALL?
" to /dev/ttyUSB1: Bad file descriptor
14:29:52 | SUPPLY   [warning] Write attempt 2/3 failed for command "MEAS:ALL?" to Supply-supply-1
14:29:52 | SERIAL   [error] Failed to write "MEAS:ALL?
" to /dev/ttyUSB1: Bad file descriptor
14:29:52 | SUPPLY   [warning] Write attempt 3/3 failed for command "MEAS:ALL?" to Supply-supply-1
14:29:52 | SUPPLY   [error] Failed to write command "MEAS:ALL?" to Supply-supply-1 after 3 attempts
14:29:52 | SUPPLY   [warning] Query write attempt 1/1 failed for "MEAS:ALL?" to Supply-supply-1
14:29:52 | SUPPLY   [error] Failed to query command "MEAS:ALL?" from Supply-supply-1 after 1 attempts
14:29:52 | SUPPLY   [error] Supply-supply-1 did not return any measurements
14:29:52 | SERIAL   [error] Failed to write "CHAN 1
" to /dev/ttyUSB0: Bad file descriptor
14:29:52 | LOAD     [warning] Write attempt 1/3 failed for command "CHAN 1" to Load-load
14:29:52 | SERIAL   [error] Failed to write "CHAN 1
" to /dev/ttyUSB0: Bad file descriptor
14:29:52 | LOAD     [warning] Write attempt 2/3 failed for command "CHAN 1" to Load-load
14:29:52 | SERIAL   [error] Failed to write "CHAN 1
" to /dev/ttyUSB0: Bad file descriptor
14:29:52 | LOAD     [warning] Write attempt 3/3 failed for command "CHAN 1" to Load-load
14:29:52 | LOAD     [error] Failed to write command "CHAN 1" to Load-load after 3 attempts
14:29:52 | LOAD     [error] Failed to set channel at Load-load
14:29:52 | SERIAL   [error] Failed to write "CHAN 1
" to /dev/ttyUSB0: Bad file descriptor
14:29:52 | LOAD     [warning] Write attempt 1/3 failed for command "CHAN 1" to Load-load
14:29:52 | SERIAL   [error] Failed to write "CHAN 1
" to /dev/ttyUSB0: Bad file descriptor
14:29:52 | LOAD     [warning] Write attempt 2/3 failed for command "CHAN 1" to Load-load
14:29:52 | SERIAL   [error] Failed to write "CHAN 1
" to /dev/ttyUSB0: Bad file descriptor
14:29:52 | LOAD     [warning] Write attempt 3/3 failed for command "CHAN 1" to Load-load
14:29:52 | LOAD     [error] Failed to write command "CHAN 1" to Load-load after 3 attempts
14:29:52 | LOAD     [error] Failed to set channel at Load-load
14:29:52 | SERIAL   [error] Failed to write "CHAN 2
" to /dev/ttyUSB0: Bad file descriptor
14:29:52 | LOAD     [warning] Write attempt 1/3 failed for command "CHAN 2" to Load-load
14:29:52 | SERIAL   [error] Failed to write "CHAN 2
" to /dev/ttyUSB0: Bad file descriptor
14:29:52 | LOAD     [warning] Write attempt 2/3 failed for command "CHAN 2" to Load-load
14:29:52 | SERIAL   [error] Failed to write "CHAN 2
" to /dev/ttyUSB0: Bad file descriptor
14:29:52 | LOAD     [warning] Write attempt 3/3 failed for command "CHAN 2" to Load-load
14:29:52 | LOAD     [error] Failed to write command "CHAN 2" to Load-load after 3 attempts
14:29:52 | LOAD     [error] Failed to set channel at Load-load
14:29:52 | SERIAL   [error] Failed to write "CHAN 2
" to /dev/ttyUSB0: Bad file descriptor
14:29:52 | LOAD     [warning] Write attempt 1/3 failed for command "CHAN 2" to Load-load
14:29:52 | SERIAL   [error] Failed to write "CHAN 2
" to /dev/ttyUSB0: Bad file descriptor
14:29:52 | LOAD     [warning] Write attempt 2/3 failed for command "CHAN 2" to Load-load
14:29:52 | SERIAL   [error] Failed to write "CHAN 2
" to /dev/ttyUSB0: Bad file descriptor
14:29:52 | LOAD     [warning] Write attempt 3/3 failed for command "CHAN 2" to Load-load
14:29:52 | LOAD     [error] Failed to write command "CHAN 2" to Load-load after 3 attempts
14:29:52 | LOAD     [error] Failed to set channel at Load-load
14:29:52 | SERIAL   [error] Failed to write "OUTP?
" to /dev/ttyUSB1: Bad file descriptor
14:29:52 | SUPPLY   [warning] Write attempt 1/3 failed for command "OUTP?" to Supply-supply-1
14:29:52 | SERIAL   [error] Failed to write "OUTP?
" to /dev/ttyUSB1: Bad file descriptor
14:29:52 | SUPPLY   [warning] Write attempt 2/3 failed for command "OUTP?" to Supply-supply-1
14:29:52 | SERIAL   [error] Failed to write "OUTP?
" to /dev/ttyUSB1: Bad file descriptor
14:29:52 | SUPPLY   [warning] Write attempt 3/3 failed for command "OUTP?" to Supply-supply-1
14:29:52 | SUPPLY   [error] Failed to write command "OUTP?" to Supply-supply-1 after 3 attempts
14:29:52 | SUPPLY   [warning] Query write attempt 1/1 failed for "OUTP?" to Supply-supply-1
14:29:52 | SUPPLY   [error] Failed to query command "OUTP?" from Supply-supply-1 after 1 attempts
14:29:52 | SUPPLY   [error] Supply-supply-1 did not return a valid state
14:29:52 | SERIAL   [error] Failed to write "VOLT?
" to /dev/ttyUSB1: Bad file descriptor
14:29:52 | SUPPLY   [warning] Write attempt 1/3 failed for command "VOLT?" to Supply-supply-1
14:29:52 | SERIAL   [error] Failed to write "VOLT?
" to /dev/ttyUSB1: Bad file descriptor
14:29:52 | SUPPLY   [warning] Write attempt 2/3 failed for command "VOLT?" to Supply-supply-1
14:29:52 | SERIAL   [error] Failed to write "VOLT?
" to /dev/ttyUSB1: Bad file descriptor
14:29:52 | SUPPLY   [warning] Write attempt 3/3 failed for command "VOLT?" to Supply-supply-1
14:29:52 | SUPPLY   [error] Failed to write command "VOLT?" to Supply-supply-1 after 3 attempts
14:29:52 | SUPPLY   [warning] Query write attempt 1/1 failed for "VOLT?" to Supply-supply-1
14:29:52 | SUPPLY   [error] Failed to query command "VOLT?" from Supply-supply-1 after 1 attempts
14:29:52 | SUPPLY   [error] Supply-supply-1 did not return a set voltage
14:29:52 | SERIAL   [error] Failed to write "CURR?
" to /dev/ttyUSB1: Bad file descriptor
14:29:52 | SUPPLY   [warning] Write attempt 1/3 failed for command "CURR?" to Supply-supply-1
14:29:52 | SERIAL   [error] Failed to write "CURR?
" to /dev/ttyUSB1: Bad file descriptor
14:29:52 | SUPPLY   [warning] Write attempt 2/3 failed for command "CURR?" to Supply-supply-1
14:29:52 | SERIAL   [error] Failed to write "CURR?
" to /dev/ttyUSB1: Bad file descriptor
14:29:52 | SUPPLY   [warning] Write attempt 3/3 failed for command "CURR?" to Supply-supply-1
14:29:52 | SUPPLY   [error] Failed to write command "CURR?" to Supply-supply-1 after 3 attempts
14:29:52 | SUPPLY   [warning] Query write attempt 1/1 failed for "CURR?" to Supply-supply-1
14:29:52 | SUPPLY   [error] Failed to query command "CURR?" from Supply-supply-1 after 1 attempts
14:29:52 | SUPPLY   [error] Supply-supply-1 did not return a set current
14:29:52 | SUPPLY   [error] Supply-supply-1 failed to query current state
14:29:52 | SERIAL   [error] Failed to write "STATE?
" to /dev/ttyUSB2: Bad file descriptor
14:29:52 | MODULE   [warning] Write attempt 1/3 failed for command "STATE?" to Module-module-1
14:29:52 | SERIAL   [error] Failed to write "STATE?
" to /dev/ttyUSB2: Bad file descriptor
14:29:52 | MODULE   [warning] Write attempt 2/3 failed for command "STATE?" to Module-module-1
14:29:52 | SERIAL   [error] Failed to write "STATE?
" to /dev/ttyUSB2: Bad file descriptor
14:29:52 | MODULE   [warning] Write attempt 3/3 failed for command "STATE?" to Module-module-1
14:29:52 | MODULE   [error] Failed to write command "STATE?" to Module-module-1 after 3 attempts
14:29:52 | MODULE   [warning] Query write attempt 1/1 failed for "STATE?" to Module-module-1
14:29:52 | MODULE   [error] Failed to query command "STATE?" from Module-module-1 after 1 attempts
14:29:52 | MODULE   [error] Module-module-1 did not return a state
14:29:52 | SERIAL   [error] Failed to write "STATE CHARGE
" to /dev/ttyUSB2: Bad file descriptor
14:29:52 | MODULE   [warning] Write attempt 1/3 failed for command "STATE CHARGE" to Module-module-1
14:29:52 | SERIAL   [error] Failed to write "STATE CHARGE
" to /dev/ttyUSB2: Bad file descriptor
14:29:52 | MODULE   [warning] Write attempt 2/3 failed for command "STATE CHARGE" to Module-module-1
14:29:52 | SERIAL   [error] Failed to write "STATE CHARGE
" to /dev/ttyUSB2: Bad file descriptor
14:29:52 | MODULE   [warning] Write attempt 3/3 failed for command "STATE CHARGE" to Module-module-1
14:29:52 | MODULE   [error] Failed to write command "STATE CHARGE" to Module-module-1 after 3 attempts
14:29:52 | MODULE   [error] Module-module-1 cannot be set to charging
14:29:52 | SERIAL   [error] Failed to write "CHAN 2
" to /dev/ttyUSB0: Bad file descriptor
14:29:52 | LOAD     [warning] Write attempt 1/3 failed for command "CHAN 2" to Load-load
14:29:52 | SERIAL   [error] Failed to write "CHAN 2
" to /dev/ttyUSB0: Bad file descriptor
14:29:52 | LOAD     [warning] Write attempt 2/3 failed for command "CHAN 2" to Load-load
14:29:52 | SERIAL   [error] Failed to write "CHAN 2
" to /dev/ttyUSB0: Bad file descriptor
14:29:52 | LOAD     [warning] Write attempt 3/3 failed for command "CHAN 2" to Load-load
14:29:52 | LOAD     [error] Failed to write command "CHAN 2" to Load-load after 3 attempts
14:29:52 | LOAD     [error] Failed to set channel at Load-load
14:29:52 | SERIAL   [error] Failed to write "MEAS:ALL?
" to /dev/ttyUSB1: Bad file descriptor
14:29:52 | SUPPLY   [warning] Write attempt 1/3 failed for command "MEAS:ALL?" to Supply-supply-1
14:29:52 | SERIAL   [error] Failed to write "MEAS:ALL?
" to /dev/ttyUSB1: Bad file descriptor
14:29:52 | SUPPLY   [warning] Write attempt 2/3 failed for command "MEAS:ALL?" to Supply-supply-1
14:29:52 | SERIAL   [error] Failed to write "MEAS:ALL?
" to /dev/ttyUSB1: Bad file descriptor
14:29:52 | SUPPLY   [warning] Write attempt 3/3 failed for command "MEAS:ALL?" to Supply-supply-1
14:29:52 | SUPPLY   [error] Failed to write command "MEAS:ALL?" to Supply-supply-1 after 3 attempts
14:29:52 | SUPPLY   [warning] Query write attempt 1/1 failed for "MEAS:ALL?" to Supply-supply-1
14:29:52 | SUPPLY   [error] Failed to query command "MEAS:ALL?" from Supply-supply-1 after 1 attempts
14:29:52 | SUPPLY   [error] Supply-supply-1 did not return any measurements
14:29:52 | SERIAL   [error] Failed to write "CHAN 1
" to /dev/ttyUSB0: Bad file descriptor
14:29:52 | LOAD     [warning] Write attempt 1/3 failed for command "CHAN 1" to Load-load
14:29:52 | SERIAL   [error] Failed to write "CHAN 1
" to /dev/ttyUSB0: Bad file descriptor
14:29:52 | LOAD     [warning] Write attempt 2/3 failed for command "CHAN 1" to Load-load
14:29:52 | SERIAL   [error] Failed to write "CHAN 1
" to /dev/ttyUSB0: Bad file descriptor
14:29:52 | LOAD     [warning] Write attempt 3/3 failed for command "CHAN 1" to Load-load
14:29:52 | LOAD     [error] Failed to write command "CHAN 1" to Load-load after 3 attempts
14:29:52 | LOAD     [error] Failed to set channel at Load-load
14:29:52 | SERIAL   [error] Failed to write "CHAN 1
" to /dev/ttyUSB0: Bad file descriptor
14:29:52 | LOAD     [warning] Write attempt 1/3 failed for command "CHAN 1" to Load-load
14:29:52 | SERIAL   [error] Failed to write "CHAN 1
" to /dev/ttyUSB0: Bad file descriptor
14:29:52 | LOAD     [warning] Write attempt 2/3 failed for command "CHAN 1" to Load-load
14:29:52 | SERIAL   [error] Failed to write "CHAN 1
" to /dev/ttyUSB0: Bad file descriptor
14:29:52 | LOAD     [warning] Write attempt 3/3 failed for command "CHAN 1" to Load-load
14:29:52 | LOAD     [error] Failed to write command "CHAN 1" to Load-load after 3 attempts
14:29:52 | LOAD     [error] Failed to set channel at Load-load
14:29:52 | SERIAL   [error] Failed to write "CHAN 2
" to /dev/ttyUSB0: Bad file descriptor
14:29:52 | LOAD     [warning] Write attempt 1/3 failed for command "CHAN 2" to Load-load
14:29:52 | SERIAL   [error] Failed to write "CHAN 2
" to /dev/ttyUSB0: Bad file descriptor
14:29:52 | LOAD     [warning] Write attempt 2/3 failed for command "CHAN 2" to Load-load
14:29:52 | SERIAL   [error] Failed to write "CHAN 2
" to /dev/ttyUSB0: Bad file descriptor
14:29:52 | LOAD     [warning] Write attempt 3/3 failed for command "CHAN 2" to Load-load
14:29:52 | LOAD     [error] Failed to write command "CHAN 2" to Load-load after 3 attempts
14:29:52 | LOAD     [error] Failed to set channel at Load-load
14:29:52 | SERIAL   [error] Failed to write "CHAN 2
" to /dev/ttyUSB0: Bad file descriptor
14:29:52 | LOAD     [warning] Write attempt 1/3 failed for command "CHAN 2" to Load-load
14:29:52 | SERIAL   [error] Failed to write "CHAN 2
" to /dev/ttyUSB0: Bad file descriptor
14:29:52 | LOAD     [warning] Write attempt 2/3 failed for command "CHAN 2" to Load-load
14:29:52 | SERIAL   [error] Failed to write "CHAN 2
" to /dev/ttyUSB0: Bad file descriptor
14:29:52 | LOAD     [warning] Write attempt 3/3 failed for command "CHAN 2" to Load-load
14:29:52 | LOAD     [error] Failed to write command "CHAN 2" to Load-load after 3 attempts
14:29:52 | LOAD     [error] Failed to set channel at Load-load
14:29:52 | SERIAL   [error] Failed to write "OUTP?
" to /dev/ttyUSB1: Bad file descriptor
14:29:52 | SUPPLY   [warning] Write attempt 1/3 failed for command "OUTP?" to Supply-supply-1
14:29:52 | SERIAL   [error] Failed to write "OUTP?
" to /dev/ttyUSB1: Bad file descriptor
14:29:52 | SUPPLY   [warning] Write attempt 2/3 failed for command "OUTP?" to Supply-supply-1
14:29:52 | SERIAL   [error] Failed to write "OUTP?
" to /dev/ttyUSB1: Bad file descriptor
14:29:52 | SUPPLY   [warning] Write attempt 3/3 failed for command "OUTP?" to Supply-supply-1
14:29:52 | SUPPLY   [error] Failed to write command "OUTP?" to Supply-supply-1 after 3 attempts
14:29:52 | SUPPLY   [warning] Query write attempt 1/1 failed for "OUTP?" to Supply-supply-1
14:29:52 | SUPPLY   [error] Failed to query command "OUTP?" from Supply-supply-1 after 1 attempts
14:29:52 | SUPPLY   [error] Supply-supply-1 did not return a valid state
14:29:52 | SERIAL   [error] Failed to write "VOLT?
" to /dev/ttyUSB1: Bad file descriptor
14:29:52 | SUPPLY   [warning] Write attempt 1/3 failed for command "VOLT?" to Supply-supply-1
14:29:52 | SERIAL   [error] Failed to write "VOLT?
" to /dev/ttyUSB1: Bad file descriptor
14:29:52 | SUPPLY   [warning] Write attempt 2/3 failed for command "VOLT?" to Supply-supply-1
14:29:52 | SERIAL   [error] Failed to write "VOLT?
" to /dev/ttyUSB1: Bad file descriptor
14:29:52 | SUPPLY   [warning] Write attempt 3/3 failed for command "VOLT?" to Supply-supply-1
14:29:52 | SUPPLY   [error] Failed to write command "VOLT?" to Supply-supply-1 after 3 attempts
14:29:52 | SUPPLY   [warning] Query write attempt 1/1 failed for "VOLT?" to Supply-supply-1
14:29:52 | SUPPLY   [error] Failed to query command "VOLT?" from Supply-supply-1 after 1 attempts
14:29:52 | SUPPLY   [error] Supply-supply-1 did not return a set voltage
14:29:52 | SERIAL   [error] Failed to write "CURR?
" to /dev/ttyUSB1: Bad file descriptor
14:29:52 | SUPPLY   [warning] Write attempt 1/3 failed for command "CURR?" to Supply-supply-1
14:29:52 | SERIAL   [error] Failed to write "CURR?
" to /dev/ttyUSB1: Bad file descriptor
14:29:52 | SUPPLY   [warning] Write attempt 2/3 failed for command "CURR?" to Supply-supply-1
14:29:52 | SERIAL   [error] Failed to write "CURR?
" to /dev/ttyUSB1: Bad file descriptor
14:29:52 | SUPPLY   [warning] Write attempt 3/3 failed for command "CURR?" to Supply-supply-1
14:29:52 | SUPPLY   [error] Failed to write command "CURR?" to Supply-supply-1 after 3 attempts
14:29:52 | SUPPLY   [warning] Query write attempt 1/1 failed for "CURR?" to Supply-supply-1
14:29:52 | SUPPLY   [error] Failed to query command "CURR?" from Supply-supply-1 after 1 attempts
14:29:52 | SUPPLY   [error] Supply-supply-1 did not return a set current
14:29:52 | SUPPLY   [error] Supply-supply-1 failed to query current state
14:29:52 | SERIAL   [error] Failed to write "STATE?
" to /dev/ttyUSB2: Bad file descriptor
14:29:52 | MODULE   [warning] Write attempt 1/3 failed for command "STATE?" to Module-module-1
14:29:52 | SERIAL   [error] Failed to write "STATE?
" to /dev/ttyUSB2: Bad file descriptor
14:29:52 | MODULE   [warning] Write attempt 2/3 failed for command "STATE?" to Module-module-1
14:29:52 | SERIAL   [error] Failed to write "STATE?
" to /dev/ttyUSB2: Bad file descriptor
14:29:52 | MODULE   [warning] Write attempt 3/3 failed for command "STATE?" to Module-module-1
14:29:52 | MODULE   [error] Failed to write command "STATE?" to Module-module-1 after 3 attempts
14:29:52 | MODULE   [warning] Query write attempt 1/1 failed for "STATE?" to Module-module-1
14:29:52 | MODULE   [error] Failed to query command "STATE?" from Module-module-1 after 1 attempts
14:29:52 | MODULE   [error] Module-module-1 did not return a state
14:29:52 | SERIAL   [error] Failed to write "STATE CHARGE
" to /dev/ttyUSB2: Bad file descriptor
14:29:52 | MODULE   [warning] Write attempt 1/3 failed for command "STATE CHARGE" to Module-module-1
14:29:52 | SERIAL   [error] Failed to write "STATE CHARGE
" to /dev/ttyUSB2: Bad file descriptor
14:29:52 | MODULE   [warning] Write attempt 2/3 failed for command "STATE CHARGE" to Module-module-1
14:29:52 | SERIAL   [error] Failed to write "STATE CHARGE
" to /dev/ttyUSB2: Bad file descriptor
14:29:52 | MODULE   [warning] Write attempt 3/3 failed for command "STATE CHARGE" to Module-module-1
14:29:52 | MODULE   [error] Failed to write command "STATE CHARGE" to Module-module-1 after 3 attempts
14:29:52 | MODULE   [error] Module-module-1 cannot be set to charging
14:29:52 | SERIAL   [error] Failed to write "CHAN 2
" to /dev/ttyUSB0: Bad file descriptor
14:29:52 | LOAD     [warning] Write attempt 1/3 failed for command "CHAN 2" to Load-load
14:29:52 | SERIAL   [error] Failed to write "CHAN 2
" to /dev/ttyUSB0: Bad file descriptor
14:29:52 | LOAD     [warning] Write attempt 2/3 failed for command "CHAN 2" to Load-load
14:29:52 | SERIAL   [error] Failed to write "CHAN 2
" to /dev/ttyUSB0: Bad file descriptor
14:29:52 | LOAD     [warning] Write attempt 3/3 failed for command "CHAN 2" to Load-load
14:29:52 | LOAD     [error] Failed to write command "CHAN 2" to Load-load after 3 attempts
14:29:52 | LOAD     [error] Failed to set channel at Load-load
14:29:52 | SERIAL   [error] Failed to write "MEAS:ALL?
" to /dev/ttyUSB1: Bad file descriptor
14:29:52 | SUPPLY   [warning] Write attempt 1/3 failed for command "MEAS:ALL?" to Supply-supply-1
14:29:52 | SERIAL   [error] Failed to write "MEAS:ALL?
" to /dev/ttyUSB1: Bad file descriptor
14:29:52 | SUPPLY   [warning] Write attempt 2/3 failed for command "MEAS:ALL?" to Supply-supply-1
14:29:52 | SERIAL   [error] Failed to write "MEAS:ALL?
" to /dev/ttyUSB1: Bad file descriptor
14:29:52 | SUPPLY   [warning] Write attempt 3/3 failed for command "MEAS:ALL?" to Supply-supply-1
14:29:52 | SUPPLY   [error] Failed to write command "MEAS:ALL?" to Supply-supply-1 after 3 attempts
14:29:52 | SUPPLY   [warning] Query write attempt 1/1 failed for "MEAS:ALL?" to Supply-supply-1
14:29:52 | SUPPLY   [error] Failed to query command "MEAS:ALL?" from Supply-supply-1 after 1 attempts
14:29:52 | SUPPLY   [error] Supply-supply-1 did not return any measurements
14:29:52 | SERIAL   [error] Failed to write "CHAN 1
" to /dev/ttyUSB0: Bad file descriptor
14:29:52 | LOAD     [warning] Write attempt 1/3 failed for command "CHAN 1" to Load-load
14:29:52 | SERIAL   [error] Failed to write "CHAN 1
" to /dev/ttyUSB0: Bad file descriptor
14:29:52 | LOAD     [warning] Write attempt 2/3 failed for command "CHAN 1" to Load-load
14:29:52 | SERIAL   [error] Failed to write "CHAN 1
" to /dev/ttyUSB0: Bad file descriptor
14:29:52 | LOAD     [warning] Write attempt 3/3 failed for command "CHAN 1" to Load-load
14:29:52 | LOAD     [error] Failed to write command "CHAN 1" to Load-load after 3 attempts
14:29:52 | LOAD     [error] Failed to set channel at Load-load
14:29:52 | SERIAL   [error] Failed to write "CHAN 1
" to /dev/ttyUSB0: Bad file descriptor
14:29:52 | LOAD     [warning] Write attempt 1/3 failed for command "CHAN 1" to Load-load
14:29:52 | SERIAL   [error] Failed to write "CHAN 1
" to /dev/ttyUSB0: Bad file descriptor
14:29:52 | LOAD     [warning] Write attempt 2/3 failed for command "CHAN 1" to Load-load
14:29:52 | SERIAL   [error] Failed to write "CHAN 1
" to /dev/ttyUSB0: Bad file descriptor
14:29:52 | LOAD     [warning] Write attempt 3/3 failed for command "CHAN 1" to Load-load
14:29:52 | LOAD     [error] Failed to write command "CHAN 1" to Load-load after 3 attempts
14:29:52 | LOAD     [error] Failed to set channel at Load-load
14:29:52 | SERIAL   [error] Failed to write "CHAN 2
" to /dev/ttyUSB0: Bad file descriptor
14:29:52 | LOAD     [warning] Write attempt 1/3 failed for command "CHAN 2" to Load-load
14:29:52 | SERIAL   [error] Failed to write "CHAN 2
" to /dev/ttyUSB0: Bad file descriptor
14:29:52 | LOAD     [warning] Write attempt 2/3 failed for command "CHAN 2" to Load-load
14:29:52 | SERIAL   [error] Failed to write "CHAN 2
" to /dev/ttyUSB0: Bad file descriptor
14:29:52 | LOAD     [warning] Write attempt 3/3 failed for command "CHAN 2" to Load-load
14:29:52 | LOAD     [error] Failed to write command "CHAN 2" to Load-load after 3 attempts
14:29:52 | LOAD     [error] Failed to set channel at Load-load
14:29:52 | SERIAL   [error] Failed to write "CHAN 2
" to /dev/ttyUSB0: Bad file descriptor
14:29:52 | LOAD     [warning] Write attempt 1/3 failed for command "CHAN 2" to Load-load
14:29:52 | SERIAL   [error] Failed to write "CHAN 2
" to /dev/ttyUSB0: Bad file descriptor
14:29:52 | LOAD     [warning] Write attempt 2/3 failed for command "CHAN 2" to Load-load
14:29:52 | SERIAL   [error] Failed to write "CHAN 2
" to /dev/ttyUSB0: Bad file descriptor
14:29:52 | LOAD     [warning] Write attempt 3/3 failed for command "CHAN 2" to Load-load
14:29:52 | LOAD     [error] Failed to write command "CHAN 2" to Load-load after 3 attempts
14:29:52 | LOAD     [error] Failed to set channel at Load-load
14:29:52 | SERIAL   [error] Failed to write "OUTP?
" to /dev/ttyUSB1: Bad file descriptor
14:29:52 | SUPPLY   [warning] Write attempt 1/3 failed for command "OUTP?" to Supply-supply-1
14:29:52 | SERIAL   [error] Failed to write "OUTP?
" to /dev/ttyUSB1: Bad file descriptor
14:29:52 | SUPPLY   [warning] Write attempt 2/3 failed for command "OUTP?" to Supply-supply-1
14:29:52 | SERIAL   [error] Failed to write "OUTP?
" to /dev/ttyUSB1: Bad file descriptor
14:29:52 | SUPPLY   [warning] Write attempt 3/3 failed for command "OUTP?" to Supply-supply-1
14:29:52 | SUPPLY   [error] Failed to write command "OUTP?" to Supply-supply-1 after 3 attempts
14:29:52 | SUPPLY   [warning] Query write attempt 1/1 failed for "OUTP?" to Supply-supply-1
14:29:52 | SUPPLY   [error] Failed to query command "OUTP?" from Supply-supply-1 after 1 attempts
14:29:52 | SUPPLY   [error] Supply-supply-1 did not return a valid state
14:29:52 | SERIAL   [error] Failed to write "VOLT?
" to /dev/ttyUSB1: Bad file descriptor
14:29:52 | SUPPLY   [warning] Write attempt 1/3 failed for command "VOLT?" to Supply-supply-1
14:29:52 | SERIAL   [error] Failed to write "VOLT?
" to /dev/ttyUSB1: Bad file descriptor
14:29:52 | SUPPLY   [warning] Write attempt 2/3 failed for command "VOLT?" to Supply-supply-1
14:29:52 | SERIAL   [error] Failed to write "VOLT?
" to /dev/ttyUSB1: Bad file descriptor
14:29:52 | SUPPLY   [warning] Write attempt 3/3 failed for command "VOLT?" to Supply-supply-1
14:29:52 | SUPPLY   [error] Failed to write command "VOLT?" to Supply-supply-1 after 3 attempts
14:29:52 | SUPPLY   [warning] Query write attempt 1/1 failed for "VOLT?" to Supply-supply-1
14:29:52 | SUPPLY   [error] Failed to query command "VOLT?" from Supply-supply-1 after 1 attempts
14:29:52 | SUPPLY   [error] Supply-supply-1 did not return a set voltage
14:29:52 | SERIAL   [error] Failed to write "CURR?
" to /dev/ttyUSB1: Bad file descriptor
14:29:52 | SUPPLY   [warning] Write attempt 1/3 failed for command "CURR?" to Supply-supply-1
14:29:52 | SERIAL   [error] Failed to write "CURR?
" to /dev/ttyUSB1: Bad file descriptor
14:29:52 | SUPPLY   [warning] Write attempt 2/3 failed for command "CURR?" to Supply-supply-1
14:29:52 | SERIAL   [error] Failed to write "CURR?
" to /dev/ttyUSB1: Bad file descriptor
14:29:52 | SUPPLY   [warning] Write attempt 3/3 failed for command "CURR?" to Supply-supply-1
14:29:52 | SUPPLY   [error] Failed to write command "CURR?" to Supply-supply-1 after 3 attempts
14:29:52 | SUPPLY   [warning] Query write attempt 1/1 failed for "CURR?" to Supply-supply-1
14:29:52 | SUPPLY   [error] Failed to query command "CURR?" from Supply-supply-1 after 1 attempts
14:29:52 | SUPPLY   [error] Supply-supply-1 did not return a set current
14:29:52 | SUPPLY   [error] Supply-supply-1 failed to query current state
14:29:52 | SERIAL   [error] Failed to write "STATE?
" to /dev/ttyUSB2: Bad file descriptor
14:29:52 | MODULE   [warning] Write attempt 1/3 failed for command "STATE?" to Module-module-1
14:29:52 | SERIAL   [error] Failed to write "STATE?
" to /dev/ttyUSB2: Bad file descriptor
14:29:52 | MODULE   [warning] Write attempt 2/3 failed for command "STATE?" to Module-module-1
14:29:52 | SERIAL   [error] Failed to write "STATE?
" to /dev/ttyUSB2: Bad file descriptor
14:29:52 | MODULE   [warning] Write attempt 3/3 failed for command "STATE?" to Module-module-1
14:29:52 | MODULE   [error] Failed to write command "STATE?" to Module-module-1 after 3 attempts
14:29:52 | MODULE   [warning] Query write attempt 1/1 failed for "STATE?" to Module-module-1
14:29:52 | MODULE   [error] Failed to query command "STATE?" from Module-module-1 after 1 attempts
14:29:52 | MODULE   [error] Module-module-1 did not return a state
14:29:52 | SERIAL   [error] Failed to write "STATE CHARGE
" to /dev/ttyUSB2: Bad file descriptor
14:29:52 | MODULE   [warning] Write attempt 1/3 failed for command "STATE CHARGE" to Module-module-1
14:29:52 | SERIAL   [error] Failed to write "STATE CHARGE
" to /dev/ttyUSB2: Bad file descriptor
14:29:52 | MODULE   [warning] Write attempt 2/3 failed for command "STATE CHARGE" to Module-module-1
14:29:52 | SERIAL   [error] Failed to write "STATE CHARGE
" to /dev/ttyUSB2: Bad file descriptor
14:29:52 | MODULE   [warning] Write attempt 3/3 failed for command "STATE CHARGE" to Module-module-1
14:29:52 | MODULE   [error] Failed to write command "STATE CHARGE" to Module-module-1 after 3 attempts
14:29:52 | MODULE   [error] Module-module-1 cannot be set to charging
14:29:52 | SERIAL   [error] Failed to write "CHAN 2
" to /dev/ttyUSB0: Bad file descriptor
14:29:52 | LOAD     [warning] Write attempt 1/3 failed for command "CHAN 2" to Load-load
14:29:52 | SERIAL   [error] Failed to write "CHAN 2
" to /dev/ttyUSB0: Bad file descriptor
14:29:52 | LOAD     [warning] Write attempt 2/3 failed for command "CHAN 2" to Load-load
14:29:52 | SERIAL   [error] Failed to write "CHAN 2
" to /dev/ttyUSB0: Bad file descriptor
14:29:52 | LOAD     [warning] Write attempt 3/3 failed for command "CHAN 2" to Load-load
14:29:52 | LOAD     [error] Failed to write command "CHAN 2" to Load-load after 3 attempts
14:29:52 | LOAD     [error] Failed to set channel at Load-load
14:29:52 | SERIAL   [error] Failed to write "MEAS:ALL?
" to /dev/ttyUSB1: Bad file descriptor
14:29:52 | SUPPLY   [warning] Write attempt 1/3 failed for command "MEAS:ALL?" to Supply-supply-1
14:29:52 | SERIAL   [error] Failed to write "MEAS:ALL?
" to /dev/ttyUSB1: Bad file descriptor
14:29:52 | SUPPLY   [warning] Write attempt 2/3 failed for command "MEAS:ALL?" to Supply-supply-1
14:29:52 | SERIAL   [error] Failed to write "MEAS:ALL?
" to /dev/ttyUSB1: Bad file descriptor
14:29:52 | SUPPLY   [warning] Write attempt 3/3 failed for command "MEAS:ALL?" to Supply-supply-1
14:29:52 | SUPPLY   [error] Failed to write command "MEAS:ALL?" to Supply-supply-1 after 3 attempts
14:29:52 | SUPPLY   [warning] Query write attempt 1/1 failed for "MEAS:ALL?" to Supply-supply-1
14:29:52 | SUPPLY   [error] Failed to query command "MEAS:ALL?" from Supply-supply-1 after 1 attempts
14:29:52 | SUPPLY   [error] Supply-supply-1 did not return any measurements
14:29:52 | SERIAL   [error] Failed to write "CHAN 1
" to /dev/ttyUSB0: Bad file descriptor
14:29:52 | LOAD     [warning] Write attempt 1/3 failed for command "CHAN 1" to Load-load
14:29:52 | SERIAL   [error] Failed to write "CHAN 1
" to /dev/ttyUSB0: Bad file descriptor
14:29:52 | LOAD     [warning] Write attempt 2/3 failed for command "CHAN 1" to Load-load
14:29:52 | SERIAL   [error] Failed to write "CHAN 1
" to /dev/ttyUSB0: Bad file descriptor
14:29:52 | LOAD     [warning] Write attempt 3/3 failed for command "CHAN 1" to Load-load
14:29:52 | LOAD     [error] Failed to write command "CHAN 1" to Load-load after 3 attempts
14:29:52 | LOAD     [error] Failed to set channel at Load-load
14:29:52 | SERIAL   [error] Failed to write "CHAN 1
" to /dev/ttyUSB0: Bad file descriptor
14:29:52 | LOAD     [warning] Write attempt 1/3 failed for command "CHAN 1" to Load-load
14:29:52 | SERIAL   [error] Failed to write "CHAN 1
" to /dev/ttyUSB0: Bad file descriptor
14:29:52 | LOAD     [warning] Write attempt 2/3 failed for command "CHAN 1" to Load-load
14:29:52 | SERIAL   [error] Failed to write "CHAN 1
" to /dev/ttyUSB0: Bad file descriptor
14:29:52 | LOAD     [warning] Write attempt 3/3 failed for command "CHAN 1" to Load-load
14:29:52 | LOAD     [error] Failed to write command "CHAN 1" to Load-load after 3 attempts
14:29:52 | LOAD     [error] Failed to set channel at Load-load
14:29:52 | SERIAL   [error] Failed to write "CHAN 2
" to /dev/ttyUSB0: Bad file descriptor
14:29:52 | LOAD     [warning] Write attempt 1/3 failed for command "CHAN 2" to Load-load
14:29:52 | SERIAL   [error] Failed to write "CHAN 2
" to /dev/ttyUSB0: Bad file descriptor
14:29:52 | LOAD     [warning] Write attempt 2/3 failed for command "CHAN 2" to Load-load
14:29:52 | SERIAL   [error] Failed to write "CHAN 2
" to /dev/ttyUSB0: Bad file descriptor
14:29:52 | LOAD     [warning] Write attempt 3/3 failed for command "CHAN 2" to Load-load
14:29:52 | LOAD     [error] Failed to write command "CHAN 2" to Load-load after 3 attempts
14:29:52 | LOAD     [error] Failed to set channel at Load-load
14:29:52 | SERIAL   [error] Failed to write "CHAN 2
" to /dev/ttyUSB0: Bad file descriptor
14:29:52 | LOAD     [warning] Write attempt 1/3 failed for command "CHAN 2" to Load-load
14:29:52 | SERIAL   [error] Failed to write "CHAN 2
" to /dev/ttyUSB0: Bad file descriptor
14:29:52 | LOAD     [warning] Write attempt 2/3 failed for command "CHAN 2" to Load-load
14:29:52 | SERIAL   [error] Failed to write "CHAN 2
" to /dev/ttyUSB0: Bad file descriptor
14:29:52 | LOAD     [warning] Write attempt 3/3 failed for command "CHAN 2" to Load-load
14:29:52 | LOAD     [error] Failed to write command "CHAN 2" to Load-load after 3 attempts
14:29:52 | LOAD     [error] Failed to set channel at Load-load
14:29:52 | SERIAL   [error] Failed to write "OUTP?
" to /dev/ttyUSB1: Bad file descriptor
14:29:52 | SUPPLY   [warning] Write attempt 1/3 failed for command "OUTP?" to Supply-supply-1
14:29:52 | SERIAL   [error] Failed to write "OUTP?
" to /dev/ttyUSB1: Bad file descriptor
14:29:52 | SUPPLY   [warning] Write attempt 2/3 failed for command "OUTP?" to Supply-supply-1
14:29:52 | SERIAL   [error] Failed to write "OUTP?
" to /dev/ttyUSB1: Bad file descriptor
14:29:52 | SUPPLY   [warning] Write attempt 3/3 failed for command "OUTP?" to Supply-supply-1
14:29:52 | SUPPLY   [error] Failed to write command "OUTP?" to Supply-supply-1 after 3 attempts
14:29:52 | SUPPLY   [warning] Query write attempt 1/1 failed for "OUTP?" to Supply-supply-1
14:29:52 | SUPPLY   [error] Failed to query command "OUTP?" from Supply-supply-1 after 1 attempts
14:29:52 | SUPPLY   [error] Supply-supply-1 did not return a valid state
14:29:52 | SERIAL   [error] Failed to write "VOLT?
" to /dev/ttyUSB1: Bad file descriptor
14:29:52 | SUPPLY   [warning] Write attempt 1/3 failed for command "VOLT?" to Supply-supply-1
14:29:52 | SERIAL   [error] Failed to write "VOLT?
" to /dev/ttyUSB1: Bad file descriptor
14:29:52 | SUPPLY   [warning] Write attempt 2/3 failed for command "VOLT?" to Supply-supply-1
14:29:52 | SERIAL   [error] Failed to write "VOLT?
" to /dev/ttyUSB1: Bad file descriptor
14:29:52 | SUPPLY   [warning] Write attempt 3/3 failed for command "VOLT?" to Supply-supply-1
14:29:52 | SUPPLY   [error] Failed to write command "VOLT?" to Supply-supply-1 after 3 attempts
14:29:52 | SUPPLY   [warning] Query write attempt 1/1 failed for "VOLT?" to Supply-supply-1
14:29:52 | SUPPLY   [error] Failed to query command "VOLT?" from Supply-supply-1 after 1 attempts
14:29:52 | SUPPLY   [error] Supply-supply-1 did not return a set voltage
14:29:52 | SERIAL   [error] Failed to write "CURR?
" to /dev/ttyUSB1: Bad file descriptor
14:29:52 | SUPPLY   [warning] Write attempt 1/3 failed for command "CURR?" to Supply-supply-1
14:29:52 | SERIAL   [error] Failed to write "CURR?
" to /dev/ttyUSB1: Bad file descriptor
14:29:52 | SUPPLY   [warning] Write attempt 2/3 failed for command "CURR?" to Supply-supply-1
14:29:52 | SERIAL   [error] Failed to write "CURR?
" to /dev/ttyUSB1: Bad file descriptor
14:29:52 | SUPPLY   [warning] Write attempt 3/3 failed for command "CURR?" to Supply-supply-1
14:29:52 | SUPPLY   [error] Failed to write command "CURR?" to Supply-supply-1 after 3 attempts
14:29:52 | SUPPLY   [warning] Query write attempt 1/1 failed for "CURR?" to Supply-supply-1
14:29:52 | SUPPLY   [error] Failed to query command "CURR?" from Supply-supply-1 after 1 attempts
14:29:52 | SUPPLY   [error] Supply-supply-1 did not return a set current
14:29:52 | SUPPLY   [error] Supply-supply-1 failed to query current state
14:29:52 | SERIAL   [error] Failed to write "STATE?
" to /dev/ttyUSB2: Bad file descriptor
14:29:52 | MODULE   [warning] Write attempt 1/3 failed for command "STATE?" to Module-module-1
14:29:52 | SERIAL   [error] Failed to write "STATE?
" to /dev/ttyUSB2: Bad file descriptor
14:29:52 | MODULE   [warning] Write attempt 2/3 failed for command "STATE?" to Module-module-1
14:29:52 | SERIAL   [error] Failed to write "STATE?
" to /dev/ttyUSB2: Bad file descriptor
14:29:52 | MODULE   [warning] Write attempt 3/3 failed for command "STATE?" to Module-module-1
14:29:52 | MODULE   [error] Failed to write command "STATE?" to Module-module-1 after 3 attempts
14:29:52 | MODULE   [warning] Query write attempt 1/1 failed for "STATE?" to Module-module-1
14:29:52 | MODULE   [error] Failed to query command "STATE?" from Module-module-1 after 1 attempts
14:29:52 | MODULE   [error] Module-module-1 did not return a state
14:29:52 | SERIAL   [error] Failed to write "STATE CHARGE
" to /dev/ttyUSB2: Bad file descriptor
14:29:52 | MODULE   [warning] Write attempt 1/3 failed for command "STATE CHARGE" to Module-module-1
14:29:52 | SERIAL   [error] Failed to write "STATE CHARGE
" to /dev/ttyUSB2: Bad file descriptor
14:29:52 | MODULE   [warning] Write attempt 2/3 failed for command "STATE CHARGE" to Module-module-1
14:29:52 | SERIAL   [error] Failed to write "STATE CHARGE
" to /dev/ttyUSB2: Bad file descriptor
14:29:52 | MODULE   [warning] Write attempt 3/3 failed for command "STATE CHARGE" to Module-module-1
14:29:52 | MODULE   [error] Failed to write command "STATE CHARGE" to Module-module-1 after 3 attempts
14:29:52 | MODULE   [error] Module-module-1 cannot be set to charging
14:29:52 | SERIAL   [error] Failed to write "CHAN 2
" to /dev/ttyUSB0: Bad file descriptor
14:29:52 | LOAD     [warning] Write attempt 1/3 failed for command "CHAN 2" to Load-load
14:29:52 | SERIAL   [error] Failed to write "CHAN 2
" to /dev/ttyUSB0: Bad file descriptor
14:29:52 | LOAD     [warning] Write attempt 2/3 failed for command "CHAN 2" to Load-load
14:29:52 | SERIAL   [error] Failed to write "CHAN 2
" to /dev/ttyUSB0: Bad file descriptor
14:29:52 | LOAD     [warning] Write attempt 3/3 failed for command "CHAN 2" to Load-load
14:29:52 | LOAD     [error] Failed to write command "CHAN 2" to Load-load after 3 attempts
14:29:52 | LOAD     [error] Failed to set channel at Load-load
14:29:52 | SERIAL   [error] Failed to write "MEAS:ALL?
" to /dev/ttyUSB1: Bad file descriptor
14:29:52 | SUPPLY   [warning] Write attempt 1/3 failed for command "MEAS:ALL?" to Supply-supply-1
14:29:52 | SERIAL   [error] Failed to write "MEAS:ALL?
" to /dev/ttyUSB1: Bad file descriptor
14:29:52 | SUPPLY   [warning] Write attempt 2/3 failed for command "MEAS:ALL?" to Supply-supply-1
14:29:52 | SERIAL   [error] Failed to write "MEAS:ALL?
" to /dev/ttyUSB1: Bad file descriptor
14:29:52 | SUPPLY   [warning] Write attempt 3/3 failed for command "MEAS:ALL?" to Supply-supply-1
14:29:52 | SUPPLY   [error] Failed to write command "MEAS:ALL?" to Supply-supply-1 after 3 attempts
14:29:52 | SUPPLY   [warning] Query write attempt 1/1 failed for "MEAS:ALL?" to Supply-supply-1
14:29:52 | SUPPLY   [error] Failed to query command "MEAS:ALL?" from Supply-supply-1 after 1 attempts
14:29:52 | SUPPLY   [error] Supply-supply-1 did not return any measurements
14:29:52 | SERIAL   [error] Failed to write "CHAN 1
" to /dev/ttyUSB0: Bad file descriptor
14:29:52 | LOAD     [warning] Write attempt 1/3 failed for command "CHAN 1" to Load-load
14:29:52 | SERIAL   [error] Failed to write "CHAN 1
" to /dev/ttyUSB0: Bad file descriptor
14:29:52 | LOAD     [warning] Write attempt 2/3 failed for command "CHAN 1" to Load-load
14:29:52 | SERIAL   [error] Failed to write "CHAN 1
" to /dev/ttyUSB0: Bad file descriptor
14:29:52 | LOAD     [warning] Write attempt 3/3 failed for command "CHAN 1" to Load-load
14:29:52 | LOAD     [error] Failed to write command "CHAN 1" to Load-load after 3 attempts
14:29:52 | LOAD     [error] Failed to set channel at Load-load
14:29:52 | SERIAL   [error] Failed to write "CHAN 1
" to /dev/ttyUSB0: Bad file descriptor
14:29:52 | LOAD     [warning] Write attempt 1/3 failed for command "CHAN 1" to Load-load
14:29:52 | SERIAL   [error] Failed to write "CHAN 1
" to /dev/ttyUSB0: Bad file descriptor
14:29:52 | LOAD     [warning] Write attempt 2/3 failed for command "CHAN 1" to Load-load
14:29:52 | SERIAL   [error] Failed to write "CHAN 1
" to /dev/ttyUSB0: Bad file descriptor
14:29:52 | LOAD     [warning] Write attempt 3/3 failed for command "CHAN 1" to Load-load
14:29:52 | LOAD     [error] Failed to write command "CHAN 1" to Load-load after 3 attempts
14:29:52 | LOAD     [error] Failed to set channel at Load-load
14:29:52 | SERIAL   [error] Failed to write "CHAN 2
" to /dev/ttyUSB0: Bad file descriptor
14:29:52 | LOAD     [warning] Write attempt 1/3 failed for command "CHAN 2" to Load-load
14:29:52 | SERIAL   [error] Failed to write "CHAN 2
" to /dev/ttyUSB0: Bad file descriptor
14:29:52 | LOAD     [warning] Write attempt 2/3 failed for command "CHAN 2" to Load-load
14:29:52 | SERIAL   [error] Failed to write "CHAN 2
" to /dev/ttyUSB0: Bad file descriptor
14:29:52 | LOAD     [warning] Write attempt 3/3 failed for command "CHAN 2" to Load-load
14:29:52 | LOAD     [error] Failed to write command "CHAN 2" to Load-load after 3 attempts
14:29:52 | LOAD     [error] Failed to set channel at Load-load
14:29:52 | SERIAL   [error] Failed to write "CHAN 2
" to /dev/ttyUSB0: Bad file descriptor
14:29:52 | LOAD     [warning] Write attempt 1/3 failed for command "CHAN 2" to Load-load
14:29:52 | SERIAL   [error] Failed to write "CHAN 2
" to /dev/ttyUSB0: Bad file descriptor
14:29:52 | LOAD     [warning] Write attempt 2/3 failed for command "CHAN 2" to Load-load
14:29:52 | SERIAL   [error] Failed to write "CHAN 2
" to /dev/ttyUSB0: Bad file descriptor
14:29:52 | LOAD     [warning] Write attempt 3/3 failed for command "CHAN 2" to Load-load
14:29:52 | LOAD     [error] Failed to write command "CHAN 2" to Load-load after 3 attempts
14:29:52 | LOAD     [error] Failed to set channel at Load-load
14:29:52 | SERIAL   [error] Failed to write "OUTP?
" to /dev/ttyUSB1: Bad file descriptor
14:29:52 | SUPPLY   [warning] Write attempt 1/3 failed for command "OUTP?" to Supply-supply-1
14:29:52 | SERIAL   [error] Failed to write "OUTP?
" to /dev/ttyUSB1: Bad file descriptor
14:29:52 | SUPPLY   [warning] Write attempt 2/3 failed for command "OUTP?" to Supply-supply-1
14:29:52 | SERIAL   [error] Failed to write "OUTP?
" to /dev/ttyUSB1: Bad file descriptor
14:29:52 | SUPPLY   [warning] Write attempt 3/3 failed for command "OUTP?" to Supply-supply-1
14:29:52 | SUPPLY   [error] Failed to write command "OUTP?" to Supply-supply-1 after 3 attempts
14:29:52 | SUPPLY   [warning] Query write attempt 1/1 failed for "OUTP?" to Supply-supply-1
14:29:52 | SUPPLY   [error] Failed to query command "OUTP?" from Supply-supply-1 after 1 attempts
14:29:52 | SUPPLY   [error] Supply-supply-1 did not return a valid state
14:29:52 | SERIAL   [error] Failed to write "VOLT?
" to /dev/ttyUSB1: Bad file descriptor
14:29:52 | SUPPLY   [warning] Write attempt 1/3 failed for command "VOLT?" to Supply-supply-1
14:29:52 | SERIAL   [error] Failed to write "VOLT?
" to /dev/ttyUSB1: Bad file descriptor
14:29:52 | SUPPLY   [warning] Write attempt 2/3 failed for command "VOLT?" to Supply-supply-1
14:29:52 | SERIAL   [error] Failed to write "VOLT?
" to /dev/ttyUSB1: Bad file descriptor
14:29:52 | SUPPLY   [warning] Write attempt 3/3 failed for command "VOLT?" to Supply-supply-1
14:29:52 | SUPPLY   [error] Failed to write command "VOLT?" to Supply-supply-1 after 3 attempts
14:29:52 | SUPPLY   [warning] Query write attempt 1/1 failed for "VOLT?" to Supply-supply-1
14:29:52 | SUPPLY   [error] Failed to query command "VOLT?" from Supply-supply-1 after 1 attempts
14:29:52 | SUPPLY   [error] Supply-supply-1 did not return a set voltage
14:29:52 | SERIAL   [error] Failed to write "CURR?
" to /dev/ttyUSB1: Bad file descriptor
14:29:52 | SUPPLY   [warning] Write attempt 1/3 failed for command "CURR?" to Supply-supply-1
14:29:52 | SERIAL   [error] Failed to write "CURR?
" to /dev/ttyUSB1: Bad file descriptor
14:29:52 | SUPPLY   [warning] Write attempt 2/3 failed for command "CURR?" to Supply-supply-1
14:29:52 | SERIAL   [error] Failed to write "CURR?
" to /dev/ttyUSB1: Bad file descriptor
14:29:52 | SUPPLY   [warning] Write attempt 3/3 failed for command "CURR?" to Supply-supply-1
14:29:52 | SUPPLY   [error] Failed to write command "CURR?" to Supply-supply-1 after 3 attempts
14:29:52 | SUPPLY   [warning] Query write attempt 1/1 failed for "CURR?" to Supply-supply-1
14:29:52 | SUPPLY   [error] Failed to query command "CURR?" from Supply-supply-1 after 1 attempts
14:29:52 | SUPPLY   [error] Supply-supply-1 did not return a set current
14:29:52 | SUPPLY   [error] Supply-supply-1 failed to query current state
14:29:52 | SERIAL   [error] Failed to write "STATE?
" to /dev/ttyUSB2: Bad file descriptor
14:29:52 | MODULE   [warning] Write attempt 1/3 failed for command "STATE?" to Module-module-1
14:29:52 | SERIAL   [error] Failed to write "STATE?
" to /dev/ttyUSB2: Bad file descriptor
14:29:52 | MODULE   [warning] Write attempt 2/3 failed for command "STATE?" to Module-module-1
14:29:52 | SERIAL   [error] Failed to write "STATE?
" to /dev/ttyUSB2: Bad file descriptor
14:29:52 | MODULE   [warning] Write attempt 3/3 failed for command "STATE?" to Module-module-1
14:29:52 | MODULE   [error] Failed to write command "STATE?" to Module-module-1 after 3 attempts
14:29:52 | MODULE   [warning] Query write attempt 1/1 failed for "STATE?" to Module-module-1
14:29:52 | MODULE   [error] Failed to query command "STATE?" from Module-module-1 after 1 attempts
14:29:52 | MODULE   [error] Module-module-1 did not return a state
14:29:52 | SERIAL   [error] Failed to write "STATE CHARGE
" to /dev/ttyUSB2: Bad file descriptor
14:29:52 | MODULE   [warning] Write attempt 1/3 failed for command "STATE CHARGE" to Module-module-1
14:29:52 | SERIAL   [error] Failed to write "STATE CHARGE
" to /dev/ttyUSB2: Bad file descriptor
14:29:52 | MODULE   [warning] Write attempt 2/3 failed for command "STATE CHARGE" to Module-module-1
14:29:52 | SERIAL   [error] Failed to write "STATE CHARGE
" to /dev/ttyUSB2: Bad file descriptor
14:29:52 | MODULE   [warning] Write attempt 3/3 failed for command "STATE CHARGE" to Module-module-1
14:29:52 | MODULE   [error] Failed to write command "STATE CHARGE" to Module-module-1 after 3 attempts
14:29:52 | MODULE   [error] Module-module-1 cannot be set to charging
14:29:52 | SERIAL   [error] Failed to write "CHAN 2
" to /dev/ttyUSB0: Bad file descriptor
14:29:52 | LOAD     [warning] Write attempt 1/3 failed for command "CHAN 2" to Load-load
14:29:52 | SERIAL   [error] Failed to write "CHAN 2
" to /dev/ttyUSB0: Bad file descriptor
14:29:52 | LOAD     [warning] Write attempt 2/3 failed for command "CHAN 2" to Load-load
14:29:52 | SERIAL   [error] Failed to write "CHAN 2
" to /dev/ttyUSB0: Bad file descriptor
14:29:52 | LOAD     [warning] Write attempt 3/3 failed for command "CHAN 2" to Load-load
14:29:52 | LOAD     [error] Failed to write command "CHAN 2" to Load-load after 3 attempts
14:29:52 | LOAD     [error] Failed to set channel at Load-load
14:29:52 | SERIAL   [error] Failed to write "MEAS:ALL?
" to /dev/ttyUSB1: Bad file descriptor
14:29:52 | SUPPLY   [warning] Write attempt 1/3 failed for command "MEAS:ALL?" to Supply-supply-1
14:29:52 | SERIAL   [error] Failed to write "MEAS:ALL?
" to /dev/ttyUSB1: Bad file descriptor
14:29:52 | SUPPLY   [warning] Write attempt 2/3 failed for command "MEAS:ALL?" to Supply-supply-1
14:29:52 | SERIAL   [error] Failed to write "MEAS:ALL?
" to /dev/ttyUSB1: Bad file descriptor
14:29:52 | SUPPLY   [warning] Write attempt 3/3 failed for command "MEAS:ALL?" to Supply-supply-1
14:29:52 | SUPPLY   [error] Failed to write command "MEAS:ALL?" to Supply-supply-1 after 3 attempts
14:29:52 | SUPPLY   [warning] Query write attempt 1/1 failed for "MEAS:ALL?" to Supply-supply-1
14:29:52 | SUPPLY   [error] Failed to query command "MEAS:ALL?" from Supply-supply-1 after 1 attempts
14:29:52 | SUPPLY   [error] Supply-supply-1 did not return any measurements
14:29:52 | SERIAL   [error] Failed to write "CHAN 1
" to /dev/ttyUSB0: Bad file descriptor
14:29:52 | LOAD     [warning] Write attempt 1/3 failed for command "CHAN 1" to Load-load
14:29:52 | SERIAL   [error] Failed to write "CHAN 1
" to /dev/ttyUSB0: Bad file descriptor
14:29:52 | LOAD     [warning] Write attempt 2/3 failed for command "CHAN 1" to Load-load
14:29:52 | SERIAL   [error] Failed to write "CHAN 1
" to /dev/ttyUSB0: Bad file descriptor
14:29:52 | LOAD     [warning] Write attempt 3/3 failed for command "CHAN 1" to Load-load
14:29:52 | LOAD     [error] Failed to write command "CHAN 1" to Load-load after 3 attempts
14:29:52 | LOAD     [error] Failed to set channel at Load-load
14:29:52 | SERIAL   [error] Failed to write "CHAN 1
" to /dev/ttyUSB0: Bad file descriptor
14:29:52 | LOAD     [warning] Write attempt 1/3 failed for command "CHAN 1" to Load-load
14:29:52 | SERIAL   [error] Failed to write "CHAN 1
" to /dev/ttyUSB0: Bad file descriptor
14:29:52 | LOAD     [warning] Write attempt 2/3 failed for command "CHAN 1" to Load-load
14:29:52 | SERIAL   [error] Failed to write "CHAN 1
" to /dev/ttyUSB0: Bad file descriptor
14:29:52 | LOAD     [warning] Write attempt 3/3 failed for command "CHAN 1" to Load-load
14:29:52 | LOAD     [error] Failed to write command "CHAN 1" to Load-load after 3 attempts
14:29:52 | LOAD     [error] Failed to set channel at Load-load
14:29:52 | SERIAL   [error] Failed to write "CHAN 2
" to /dev/ttyUSB0: Bad file descriptor
14:29:52 | LOAD     [warning] Write attempt 1/3 failed for command "CHAN 2" to Load-load
14:29:52 | SERIAL   [error] Failed to write "CHAN 2
" to /dev/ttyUSB0: Bad file descriptor
14:29:52 | LOAD     [warning] Write attempt 2/3 failed for command "CHAN 2" to Load-load
14:29:52 | SERIAL   [error] Failed to write "CHAN 2
" to /dev/ttyUSB0: Bad file descriptor
14:29:52 | LOAD     [warning] Write attempt 3/3 failed for command "CHAN 2" to Load-load
14:29:52 | LOAD     [error] Failed to write command "CHAN 2" to Load-load after 3 attempts
14:29:52 | LOAD     [error] Failed to set channel at Load-load
14:29:52 | SERIAL   [error] Failed to write "CHAN 2
" to /dev/ttyUSB0: Bad file descriptor
14:29:52 | LOAD     [warning] Write attempt 1/3 failed for command "CHAN 2" to Load-load
14:29:52 | SERIAL   [error] Failed to write "CHAN 2
" to /dev/ttyUSB0: Bad file descriptor
14:29:52 | LOAD     [warning] Write attempt 2/3 failed for command "CHAN 2" to Load-load
14:29:52 | SERIAL   [error] Failed to write "CHAN 2
" to /dev/ttyUSB0: Bad file descriptor
14:29:52 | LOAD     [warning] Write attempt 3/3 failed for command "CHAN 2" to Load-load
14:29:52 | LOAD     [error] Failed to write command "CHAN 2" to Load-load after 3 attempts
14:29:52 | LOAD     [error] Failed to set channel at Load-load
14:29:52 | SERIAL   [error] Failed to write "OUTP?
" to /dev/ttyUSB1: Bad file descriptor
14:29:52 | SUPPLY   [warning] Write attempt 1/3 failed for command "OUTP?" to Supply-supply-1
14:29:52 | SERIAL   [error] Failed to write "OUTP?
" to /dev/ttyUSB1: Bad file descriptor
14:29:52 | SUPPLY   [warning] Write attempt 2/3 failed for command "OUTP?" to Supply-supply-1
14:29:52 | SERIAL   [error] Failed to write "OUTP?
" to /dev/ttyUSB1: Bad file descriptor
14:29:52 | SUPPLY   [warning] Write attempt 3/3 failed for command "OUTP?" to Supply-supply-1
14:29:52 | SUPPLY   [error] Failed to write command "OUTP?" to Supply-supply-1 after 3 attempts
14:29:52 | SUPPLY   [warning] Query write attempt 1/1 failed for "OUTP?" to Supply-supply-1
14:29:52 | SUPPLY   [error] Failed to query command "OUTP?" from Supply-supply-1 after 1 attempts
14:29:52 | SUPPLY   [error] Supply-supply-1 did not return a valid state
14:29:52 | SERIAL   [error] Failed to write "VOLT?
" to /dev/ttyUSB1: Bad file descriptor
14:29:52 | SUPPLY   [warning] Write attempt 1/3 failed for command "VOLT?" to Supply-supply-1
14:29:52 | SERIAL   [error] Failed to write "VOLT?
" to /dev/ttyUSB1: Bad file descriptor
14:29:52 | SUPPLY   [warning] Write attempt 2/3 failed for command "VOLT?" to Supply-supply-1
14:29:52 | SERIAL   [error] Failed to write "VOLT?
" to /dev/ttyUSB1: Bad file descriptor
14:29:52 | SUPPLY   [warning] Write attempt 3/3 failed for command "VOLT?" to Supply-supply-1
14:29:52 | SUPPLY   [error] Failed to write command "VOLT?" to Supply-supply-1 after 3 attempts
14:29:52 | SUPPLY   [warning] Query write attempt 1/1 failed for "VOLT?" to Supply-supply-1
14:29:52 | SUPPLY   [error] Failed to query command "VOLT?" from Supply-supply-1 after 1 attempts
14:29:52 | SUPPLY   [error] Supply-supply-1 did not return a set voltage
14:29:52 | SERIAL   [error] Failed to write "CURR?
" to /dev/ttyUSB1: Bad file descriptor
14:29:52 | SUPPLY   [warning] Write attempt 1/3 failed for command "CURR?" to Supply-supply-1
14:29:52 | SERIAL   [error] Failed to write "CURR?
" to /dev/ttyUSB1: Bad file descriptor
14:29:52 | SUPPLY   [warning] Write attempt 2/3 failed for command "CURR?" to Supply-supply-1
14:29:52 | SERIAL   [error] Failed to write "CURR?
" to /dev/ttyUSB1: Bad file descriptor
14:29:52 | SUPPLY   [warning] Write attempt 3/3 failed for command "CURR?" to Supply-supply-1
14:29:52 | SUPPLY   [error] Failed to write command "CURR?" to Supply-supply-1 after 3 attempts
14:29:52 | SUPPLY   [warning] Query write attempt 1/1 failed for "CURR?" to Supply-supply-1
14:29:52 | SUPPLY   [error] Failed to query command "CURR?" from Supply-supply-1 after 1 attempts
14:29:52 | SUPPLY   [error] Supply-supply-1 did not return a set current
14:29:52 | SUPPLY   [error] Supply-supply-1 failed to query current state
14:29:52 | SERIAL   [error] Failed to write "STATE?
" to /dev/ttyUSB2: Bad file descriptor
14:29:52 | MODULE   [warning] Write attempt 1/3 failed for command "STATE?" to Module-module-1
14:29:52 | SERIAL   [error] Failed to write "STATE?
" to /dev/ttyUSB2: Bad file descriptor
14:29:52 | MODULE   [warning] Write attempt 2/3 failed for command "STATE?" to Module-module-1
14:29:52 | SERIAL   [error] Failed to write "STATE?
" to /dev/ttyUSB2: Bad file descriptor
14:29:52 | MODULE   [warning] Write attempt 3/3 failed for command "STATE?" to Module-module-1
14:29:52 | MODULE   [error] Failed to write command "STATE?" to Module-module-1 after 3 attempts
14:29:52 | MODULE   [warning] Query write attempt 1/1 failed for "STATE?" to Module-module-1
14:29:52 | MODULE   [error] Failed to query command "STATE?" from Module-module-1 after 1 attempts
14:29:52 | MODULE   [error] Module-module-1 did not return a state
14:29:52 | SERIAL   [error] Failed to write "STATE CHARGE
" to /dev/ttyUSB2: Bad file descriptor
14:29:52 | MODULE   [warning] Write attempt 1/3 failed for command "STATE CHARGE" to Module-module-1
14:29:52 | SERIAL   [error] Failed to write "STATE CHARGE
" to /dev/ttyUSB2: Bad file descriptor
14:29:52 | MODULE   [warning] Write attempt 2/3 failed for command "STATE CHARGE" to Module-module-1
14:29:52 | SERIAL   [error] Failed to write "STATE CHARGE
" to /dev/ttyUSB2: Bad file descriptor
14:29:52 | MODULE   [warning] Write attempt 3/3 failed for command "STATE CHARGE" to Module-module-1
14:29:52 | MODULE   [error] Failed to write command "STATE CHARGE" to Module-module-1 after 3 attempts
14:29:52 | MODULE   [error] Module-module-1 cannot be set to charging
14:29:52 | SERIAL   [error] Failed to write "CHAN 2
" to /dev/ttyUSB0: Bad file descriptor
14:29:52 | LOAD     [warning] Write attempt 1/3 failed for command "CHAN 2" to Load-load
14:29:52 | SERIAL   [error] Failed to write "CHAN 2
" to /dev/ttyUSB0: Bad file descriptor
14:29:52 | LOAD     [warning] Write attempt 2/3 failed for command "CHAN 2" to Load-load
14:29:52 | SERIAL   [error] Failed to write "CHAN 2
" to /dev/ttyUSB0: Bad file descriptor
14:29:52 | LOAD     [warning] Write attempt 3/3 failed for command "CHAN 2" to Load-load
14:29:52 | LOAD     [error] Failed to write command "CHAN 2" to Load-load after 3 attempts
14:29:52 | LOAD     [error] Failed to set channel at Load-load
14:29:52 | SERIAL   [error] Failed to write "MEAS:ALL?
" to /dev/ttyUSB1: Bad file descriptor
14:29:52 | SUPPLY   [warning] Write attempt 1/3 failed for command "MEAS:ALL?" to Supply-supply-1
14:29:52 | SERIAL   [error] Failed to write "MEAS:ALL?
" to /dev/ttyUSB1: Bad file descriptor
14:29:52 | SUPPLY   [warning] Write attempt 2/3 failed for command "MEAS:ALL?" to Supply-supply-1
14:29:52 | SERIAL   [error] Failed to write "MEAS:ALL?
" to /dev/ttyUSB1: Bad file descriptor
14:29:52 | SUPPLY   [warning] Write attempt 3/3 failed for command "MEAS:ALL?" to Supply-supply-1
14:29:52 | SUPPLY   [error] Failed to write command "MEAS:ALL?" to Supply-supply-1 after 3 attempts
14:29:52 | SUPPLY   [warning] Query write attempt 1/1 failed for "MEAS:ALL?" to Supply-supply-1
14:29:52 | SUPPLY   [error] Failed to query command "MEAS:ALL?" from Supply-supply-1 after 1 attempts
14:29:52 | SUPPLY   [error] Supply-supply-1 did not return any measurements
14:29:52 | SERIAL   [error] Failed to write "CHAN 1
" to /dev/ttyUSB0: Bad file descriptor
14:29:52 | LOAD     [warning] Write attempt 1/3 failed for command "CHAN 1" to Load-load
14:29:52 | SERIAL   [error] Failed to write "CHAN 1
" to /dev/ttyUSB0: Bad file descriptor
14:29:52 | LOAD     [warning] Write attempt 2/3 failed for command "CHAN 1" to Load-load
14:29:52 | SERIAL   [error] Failed to write "CHAN 1
" to /dev/ttyUSB0: Bad file descriptor
14:29:52 | LOAD     [warning] Write attempt 3/3 failed for command "CHAN 1" to Load-load
14:29:52 | LOAD     [error] Failed to write command "CHAN 1" to Load-load after 3 attempts
14:29:52 | LOAD     [error] Failed to set channel at Load-load
14:29:52 | SERIAL   [error] Failed to write "CHAN 1
" to /dev/ttyUSB0: Bad file descriptor
14:29:52 | LOAD     [warning] Write attempt 1/3 failed for command "CHAN 1" to Load-load
14:29:52 | SERIAL   [error] Failed to write "CHAN 1
" to /dev/ttyUSB0: Bad file descriptor
14:29:52 | LOAD     [warning] Write attempt 2/3 failed for command "CHAN 1" to Load-load
14:29:52 | SERIAL   [error] Failed to write "CHAN 1
" to /dev/ttyUSB0: Bad file descriptor
14:29:52 | LOAD     [warning] Write attempt 3/3 failed for command "CHAN 1" to Load-load
14:29:52 | LOAD     [error] Failed to write command "CHAN 1" to Load-load after 3 attempts
14:29:52 | LOAD     [error] Failed to set channel at Load-load
14:29:52 | SERIAL   [error] Failed to write "CHAN 2
" to /dev/ttyUSB0: Bad file descriptor
14:29:52 | LOAD     [warning] Write attempt 1/3 failed for command "CHAN 2" to Load-load
14:29:52 | SERIAL   [error] Failed to write "CHAN 2
" to /dev/ttyUSB0: Bad file descriptor
14:29:52 | LOAD     [warning] Write attempt 2/3 failed for command "CHAN 2" to Load-load
14:29:52 | SERIAL   [error] Failed to write "CHAN 2
" to /dev/ttyUSB0: Bad file descriptor
14:29:52 | LOAD     [warning] Write attempt 3/3 failed for command "CHAN 2" to Load-load
14:29:52 | LOAD     [error] Failed to write command "CHAN 2" to Load-load after 3 attempts
14:29:52 | LOAD     [error] Failed to set channel at Load-load
14:29:52 | SERIAL   [error] Failed to write "CHAN 2
" to /dev/ttyUSB0: Bad file descriptor
14:29:52 | LOAD     [warning] Write attempt 1/3 failed for command "CHAN 2" to Load-load
14:29:52 | SERIAL   [error] Failed to write "CHAN 2
" to /dev/ttyUSB0: Bad file descriptor
14:29:52 | LOAD     [warning] Write attempt 2/3 failed for command "CHAN 2" to Load-load
14:29:52 | SERIAL   [error] Failed to write "CHAN 2
" to /dev/ttyUSB0: Bad file descriptor
14:29:52 | LOAD     [warning] Write attempt 3/3 failed for command "CHAN 2" to Load-load
14:29:52 | LOAD     [error] Failed to write command "CHAN 2" to Load-load after 3 attempts
14:29:52 | LOAD     [error] Failed to set channel at Load-load
14:29:52 | SERIAL   [error] Failed to write "OUTP?
" to /dev/ttyUSB1: Bad file descriptor
14:29:52 | SUPPLY   [warning] Write attempt 1/3 failed for command "OUTP?" to Supply-supply-1
14:29:52 | SERIAL   [error] Failed to write "OUTP?
" to /dev/ttyUSB1: Bad file descriptor
14:29:52 | SUPPLY   [warning] Write attempt 2/3 failed for command "OUTP?" to Supply-supply-1
14:29:52 | SERIAL   [error] Failed to write "OUTP?
" to /dev/ttyUSB1: Bad file descriptor
14:29:52 | SUPPLY   [warning] Write attempt 3/3 failed for command "OUTP?" to Supply-supply-1
14:29:52 | SUPPLY   [error] Failed to write command "OUTP?" to Supply-supply-1 after 3 attempts
14:29:52 | SUPPLY   [warning] Query write attempt 1/1 failed for "OUTP?" to Supply-supply-1
14:29:52 | SUPPLY   [error] Failed to query command "OUTP?" from Supply-supply-1 after 1 attempts
14:29:52 | SUPPLY   [error] Supply-supply-1 did not return a valid state
14:29:52 | SERIAL   [error] Failed to write "VOLT?
" to /dev/ttyUSB1: Bad file descriptor
14:29:52 | SUPPLY   [warning] Write attempt 1/3 failed for command "VOLT?" to Supply-supply-1
14:29:52 | SERIAL   [error] Failed to write "VOLT?
" to /dev/ttyUSB1: Bad file descriptor
14:29:52 | SUPPLY   [warning] Write attempt 2/3 failed for command "VOLT?" to Supply-supply-1
14:29:52 | SERIAL   [error] Failed to write "VOLT?
" to /dev/ttyUSB1: Bad file descriptor
14:29:52 | SUPPLY   [warning] Write attempt 3/3 failed for command "VOLT?" to Supply-supply-1
14:29:52 | SUPPLY   [error] Failed to write command "VOLT?" to Supply-supply-1 after 3 attempts
14:29:52 | SUPPLY   [warning] Query write attempt 1/1 failed for "VOLT?" to Supply-supply-1
14:29:52 | SUPPLY   [error] Failed to query command "VOLT?" from Supply-supply-1 after 1 attempts
14:29:52 | SUPPLY   [error] Supply-supply-1 did not return a set voltage
14:29:52 | SERIAL   [error] Failed to write "CURR?
" to /dev/ttyUSB1: Bad file descriptor
14:29:52 | SUPPLY   [warning] Write attempt 1/3 failed for command "CURR?" to Supply-supply-1
14:29:52 | SERIAL   [error] Failed to write "CURR?
" to /dev/ttyUSB1: Bad file descriptor
14:29:52 | SUPPLY   [warning] Write attempt 2/3 failed for command "CURR?" to Supply-supply-1
14:29:52 | SERIAL   [error] Failed to write "CURR?
" to /dev/ttyUSB1: Bad file descriptor
14:29:52 | SUPPLY   [warning] Write attempt 3/3 failed for command "CURR?" to Supply-supply-1
14:29:52 | SUPPLY   [error] Failed to write command "CURR?" to Supply-supply-1 after 3 attempts
14:29:52 | SUPPLY   [warning] Query write attempt 1/1 failed for "CURR?" to Supply-supply-1
14:29:52 | SUPPLY   [error] Failed to query command "CURR?" from Supply-supply-1 after 1 attempts
14:29:52 | SUPPLY   [error] Supply-supply-1 did not return a set current
14:29:52 | SUPPLY   [error] Supply-supply-1 failed to query current state
14:29:52 | SERIAL   [error] Failed to write "STATE?
" to /dev/ttyUSB2: Bad file descriptor
14:29:52 | MODULE   [warning] Write attempt 1/3 failed for command "STATE?" to Module-module-1
14:29:52 | SERIAL   [error] Failed to write "STATE?
" to /dev/ttyUSB2: Bad file descriptor
14:29:52 | MODULE   [warning] Write attempt 2/3 failed for command "STATE?" to Module-module-1
14:29:52 | SERIAL   [error] Failed to write "STATE?
" to /dev/ttyUSB2: Bad file descriptor
14:29:52 | MODULE   [warning] Write attempt 3/3 failed for command "STATE?" to Module-module-1
14:29:52 | MODULE   [error] Failed to write command "STATE?" to Module-module-1 after 3 attempts
14:29:52 | MODULE   [warning] Query write attempt 1/1 failed for "STATE?" to Module-module-1
14:29:52 | MODULE   [error] Failed to query command "STATE?" from Module-module-1 after 1 attempts
14:29:52 | MODULE   [error] Module-module-1 did not return a state
14:29:52 | SERIAL   [error] Failed to write "STATE CHARGE
" to /dev/ttyUSB2: Bad file descriptor
14:29:52 | MODULE   [warning] Write attempt 1/3 failed for command "STATE CHARGE" to Module-module-1
14:29:52 | SERIAL   [error] Failed to write "STATE CHARGE
" to /dev/ttyUSB2: Bad file descriptor
14:29:52 | MODULE   [warning] Write attempt 2/3 failed for command "STATE CHARGE" to Module-module-1
14:29:52 | SERIAL   [error] Failed to write "STATE CHARGE
" to /dev/ttyUSB2: Bad file descriptor
14:29:52 | MODULE   [warning] Write attempt 3/3 failed for command "STATE CHARGE" to Module-module-1
14:29:52 | MODULE   [error] Failed to write command "STATE CHARGE" to Module-module-1 after 3 attempts
14:29:52 | MODULE   [error] Module-module-1 cannot be set to charging
14:29:52 | SERIAL   [error] Failed to write "CHAN 2
" to /dev/ttyUSB0: Bad file descriptor
14:29:52 | LOAD     [warning] Write attempt 1/3 failed for command "CHAN 2" to Load-load
14:29:52 | SERIAL   [error] Failed to write "CHAN 2
" to /dev/ttyUSB0: Bad file descriptor
14:29:52 | LOAD     [warning] Write attempt 2/3 failed for command "CHAN 2" to Load-load
14:29:52 | SERIAL   [error] Failed to write "CHAN 2
" to /dev/ttyUSB0: Bad file descriptor
14:29:52 | LOAD     [warning] Write attempt 3/3 failed for command "CHAN 2" to Load-load
14:29:52 | LOAD     [error] Failed to write command "CHAN 2" to Load-load after 3 attempts
14:29:52 | LOAD     [error] Failed to set channel at Load-load
14:29:52 | SERIAL   [error] Failed to write "MEAS:ALL?
" to /dev/ttyUSB1: Bad file descriptor
14:29:52 | SUPPLY   [warning] Write attempt 1/3 failed for command "MEAS:ALL?" to Supply-supply-1
14:29:52 | SERIAL   [error] Failed to write "MEAS:ALL?
" to /dev/ttyUSB1: Bad file descriptor
14:29:52 | SUPPLY   [warning] Write attempt 2/3 failed for command "MEAS:ALL?" to Supply-supply-1
14:29:52 | SERIAL   [error] Failed to write "MEAS:ALL?
" to /dev/ttyUSB1: Bad file descriptor
14:29:52 | SUPPLY   [warning] Write attempt 3/3 failed for command "MEAS:ALL?" to Supply-supply-1
14:29:52 | SUPPLY   [error] Failed to write command "MEAS:ALL?" to Supply-supply-1 after 3 attempts
14:29:52 | SUPPLY   [warning] Query write attempt 1/1 failed for "MEAS:ALL?" to Supply-supply-1
14:29:52 | SUPPLY   [error] Failed to query command "MEAS:ALL?" from Supply-supply-1 after 1 attempts
14:29:52 | SUPPLY   [error] Supply-supply-1 did not return any measurements
14:29:52 | SERIAL   [error] Failed to write "CHAN 1
" to /dev/ttyUSB0: Bad file descriptor
14:29:52 | LOAD     [warning] Write attempt 1/3 failed for command "CHAN 1" to Load-load
14:29:52 | SERIAL   [error] Failed to write "CHAN 1
" to /dev/ttyUSB0: Bad file descriptor
14:29:52 | LOAD     [warning] Write attempt 2/3 failed for command "CHAN 1" to Load-load
14:29:52 | SERIAL   [error] Failed to write "CHAN 1
" to /dev/ttyUSB0: Bad file descriptor
14:29:52 | LOAD     [warning] Write attempt 3/3 failed for command "CHAN 1" to Load-load
14:29:52 | LOAD     [error] Failed to write command "CHAN 1" to Load-load after 3 attempts
14:29:52 | LOAD     [error] Failed to set channel at Load-load
14:29:52 | SERIAL   [error] Failed to write "CHAN 1
" to /dev/ttyUSB0: Bad file descriptor
14:29:52 | LOAD     [warning] Write attempt 1/3 failed for command "CHAN 1" to Load-load
14:29:52 | SERIAL   [error] Failed to write "CHAN 1
" to /dev/ttyUSB0: Bad file descriptor
14:29:52 | LOAD     [warning] Write attempt 2/3 failed for command "CHAN 1" to Load-load
14:29:52 | SERIAL   [error] Failed to write "CHAN 1
" to /dev/ttyUSB0: Bad file descriptor
14:29:52 | LOAD     [warning] Write attempt 3/3 failed for command "CHAN 1" to Load-load
14:29:52 | LOAD     [error] Failed to write command "CHAN 1" to Load-load after 3 attempts
14:29:52 | LOAD     [error] Failed to set channel at Load-load
14:29:52 | SERIAL   [error] Failed to write "CHAN 2
" to /dev/ttyUSB0: Bad file descriptor
14:29:52 | LOAD     [warning] Write attempt 1/3 failed for command "CHAN 2" to Load-load
14:29:52 | SERIAL   [error] Failed to write "CHAN 2
" to /dev/ttyUSB0: Bad file descriptor
14:29:52 | LOAD     [warning] Write attempt 2/3 failed for command "CHAN 2" to Load-load
14:29:52 | SERIAL   [error] Failed to write "CHAN 2
" to /dev/ttyUSB0: Bad file descriptor
14:29:52 | LOAD     [warning] Write attempt 3/3 failed for command "CHAN 2" to Load-load
14:29:52 | LOAD     [error] Failed to write command "CHAN 2" to Load-load after 3 attempts
14:29:52 | LOAD     [error] Failed to set channel at Load-load
14:29:52 | SERIAL   [error] Failed to write "CHAN 2
" to /dev/ttyUSB0: Bad file descriptor
14:29:52 | LOAD     [warning] Write attempt 1/3 failed for command "CHAN 2" to Load-load
14:29:52 | SERIAL   [error] Failed to write "CHAN 2
" to /dev/ttyUSB0: Bad file descriptor
14:29:52 | LOAD     [warning] Write attempt 2/3 failed for command "CHAN 2" to Load-load
14:29:52 | SERIAL   [error] Failed to write "CHAN 2
" to /dev/ttyUSB0: Bad file descriptor
14:29:52 | LOAD     [warning] Write attempt 3/3 failed for command "CHAN 2" to Load-load
14:29:52 | LOAD     [error] Failed to write command "CHAN 2" to Load-load after 3 attempts
14:29:52 | LOAD     [error] Failed to set channel at Load-load
14:29:52 | SERIAL   [error] Failed to write "OUTP?
" to /dev/ttyUSB1: Bad file descriptor
14:29:52 | SUPPLY   [warning] Write attempt 1/3 failed for command "OUTP?" to Supply-supply-1
14:29:52 | SERIAL   [error] Failed to write "OUTP?
" to /dev/ttyUSB1: Bad file descriptor
14:29:52 | SUPPLY   [warning] Write attempt 2/3 failed for command "OUTP?" to Supply-supply-1
14:29:52 | SERIAL   [error] Failed to write "OUTP?
" to /dev/ttyUSB1: Bad file descriptor
14:29:52 | SUPPLY   [warning] Write attempt 3/3 failed for command "OUTP?" to Supply-supply-1
14:29:52 | SUPPLY   [error] Failed to write command "OUTP?" to Supply-supply-1 after 3 attempts
14:29:52 | SUPPLY   [warning] Query write attempt 1/1 failed for "OUTP?" to Supply-supply-1
14:29:52 | SUPPLY   [error] Failed to query command "OUTP?" from Supply-supply-1 after 1 attempts
14:29:52 | SUPPLY   [error] Supply-supply-1 did not return a valid state
14:29:52 | SERIAL   [error] Failed to write "VOLT?
" to /dev/ttyUSB1: Bad file descriptor
14:29:52 | SUPPLY   [warning] Write attempt 1/3 failed for command "VOLT?" to Supply-supply-1
14:29:52 | SERIAL   [error] Failed to write "VOLT?
" to /dev/ttyUSB1: Bad file descriptor
14:29:52 | SUPPLY   [warning] Write attempt 2/3 failed for command "VOLT?" to Supply-supply-1
14:29:52 | SERIAL   [error] Failed to write "VOLT?
" to /dev/ttyUSB1: Bad file descriptor
14:29:52 | SUPPLY   [warning] Write attempt 3/3 failed for command "VOLT?" to Supply-supply-1
14:29:52 | SUPPLY   [error] Failed to write command "VOLT?" to Supply-supply-1 after 3 attempts
14:29:52 | SUPPLY   [warning] Query write attempt 1/1 failed for "VOLT?" to Supply-supply-1
14:29:52 | SUPPLY   [error] Failed to query command "VOLT?" from Supply-supply-1 after 1 attempts
14:29:52 | SUPPLY   [error] Supply-supply-1 did not return a set voltage
14:29:52 | SERIAL   [error] Failed to write "CURR?
" to /dev/ttyUSB1: Bad file descriptor
14:29:52 | SUPPLY   [warning] Write attempt 1/3 failed for command "CURR?" to Supply-supply-1
14:29:52 | SERIAL   [error] Failed to write "CURR?
" to /dev/ttyUSB1: Bad file descriptor
14:29:52 | SUPPLY   [warning] Write attempt 2/3 failed for command "CURR?" to Supply-supply-1
14:29:52 | SERIAL   [error] Failed to write "CURR?
" to /dev/ttyUSB1: Bad file descriptor
14:29:52 | SUPPLY   [warning] Write attempt 3/3 failed for command "CURR?" to Supply-supply-1
14:29:52 | SUPPLY   [error] Failed to write command "CURR?" to Supply-supply-1 after 3 attempts
14:29:52 | SUPPLY   [warning] Query write attempt 1/1 failed for "CURR?" to Supply-supply-1
14:29:52 | SUPPLY   [error] Failed to query command "CURR?" from Supply-supply-1 after 1 attempts
14:29:52 | SUPPLY   [error] Supply-supply-1 did not return a set current
14:29:52 | SUPPLY   [error] Supply-supply-1 failed to query current state
14:29:52 | SERIAL   [error] Failed to write "STATE?
" to /dev/ttyUSB2: Bad file descriptor
14:29:52 | MODULE   [warning] Write attempt 1/3 failed for command "STATE?" to Module-module-1
14:29:52 | SERIAL   [error] Failed to write "STATE?
" to /dev/ttyUSB2: Bad file descriptor
14:29:52 | MODULE   [warning] Write attempt 2/3 failed for command "STATE?" to Module-module-1
14:29:52 | SERIAL   [error] Failed to write "STATE?
" to /dev/ttyUSB2: Bad file descriptor
14:29:52 | MODULE   [warning] Write attempt 3/3 failed for command "STATE?" to Module-module-1
14:29:52 | MODULE   [error] Failed to write command "STATE?" to Module-module-1 after 3 attempts
14:29:52 | MODULE   [warning] Query write attempt 1/1 failed for "STATE?" to Module-module-1
14:29:52 | MODULE   [error] Failed to query command "STATE?" from Module-module-1 after 1 attempts
14:29:52 | MODULE   [error] Module-module-1 did not return a state
14:29:52 | SERIAL   [error] Failed to write "STATE CHARGE
" to /dev/ttyUSB2: Bad file descriptor
14:29:52 | MODULE   [warning] Write attempt 1/3 failed for command "STATE CHARGE" to Module-module-1
14:29:52 | SERIAL   [error] Failed to write "STATE CHARGE
" to /dev/ttyUSB2: Bad file descriptor
14:29:52 | MODULE   [warning] Write attempt 2/3 failed for command "STATE CHARGE" to Module-module-1
14:29:52 | SERIAL   [error] Failed to write "STATE CHARGE
" to /dev/ttyUSB2: Bad file descriptor
14:29:52 | MODULE   [warning] Write attempt 3/3 failed for command "STATE CHARGE" to Module-module-1
14:29:52 | MODULE   [error] Failed to write command "STATE CHARGE" to Module-module-1 after 3 attempts
14:29:52 | MODULE   [error] Module-module-1 cannot be set to charging
14:29:52 | SERIAL   [error] Failed to write "CHAN 2
" to /dev/ttyUSB0: Bad file descriptor
14:29:52 | LOAD     [warning] Write attempt 1/3 failed for command "CHAN 2" to Load-load
14:29:52 | SERIAL   [error] Failed to write "CHAN 2
" to /dev/ttyUSB0: Bad file descriptor
14:29:52 | LOAD     [warning] Write attempt 2/3 failed for command "CHAN 2" to Load-load
14:29:52 | SERIAL   [error] Failed to write "CHAN 2
" to /dev/ttyUSB0: Bad file descriptor
14:29:52 | LOAD     [warning] Write attempt 3/3 failed for command "CHAN 2" to Load-load
14:29:52 | LOAD     [error] Failed to write command "CHAN 2" to Load-load after 3 attempts
14:29:52 | LOAD     [error] Failed to set channel at Load-load
14:29:52 | SERIAL   [error] Failed to write "MEAS:ALL?
" to /dev/ttyUSB1: Bad file descriptor
14:29:52 | SUPPLY   [warning] Write attempt 1/3 failed for command "MEAS:ALL?" to Supply-supply-1
14:29:52 | SERIAL   [error] Failed to write "MEAS:ALL?
" to /dev/ttyUSB1: Bad file descriptor
14:29:52 | SUPPLY   [warning] Write attempt 2/3 failed for command "MEAS:ALL?" to Supply-supply-1
14:29:52 | SERIAL   [error] Failed to write "MEAS:ALL?
" to /dev/ttyUSB1: Bad file descriptor
14:29:52 | SUPPLY   [warning] Write attempt 3/3 failed for command "MEAS:ALL?" to Supply-supply-1
14:29:52 | SUPPLY   [error] Failed to write command "MEAS:ALL?" to Supply-supply-1 after 3 attempts
14:29:52 | SUPPLY   [warning] Query write attempt 1/1 failed for "MEAS:ALL?" to Supply-supply-1
14:29:52 | SUPPLY   [error] Failed to query command "MEAS:ALL?" from Supply-supply-1 after 1 attempts
14:29:52 | SUPPLY   [error] Supply-supply-1 did not return any measurements
14:29:52 | SERIAL   [error] Failed to write "CHAN 1
" to /dev/ttyUSB0: Bad file descriptor
14:29:52 | LOAD     [warning] Write attempt 1/3 failed for command "CHAN 1" to Load-load
14:29:52 | SERIAL   [error] Failed to write "CHAN 1
" to /dev/ttyUSB0: Bad file descriptor
14:29:52 | LOAD     [warning] Write attempt 2/3 failed for command "CHAN 1" to Load-load
14:29:52 | SERIAL   [error] Failed to write "CHAN 1
" to /dev/ttyUSB0: Bad file descriptor
14:29:52 | LOAD     [warning] Write attempt 3/3 failed for command "CHAN 1" to Load-load
14:29:52 | LOAD     [error] Failed to write command "CHAN 1" to Load-load after 3 attempts
14:29:52 | LOAD     [error] Failed to set channel at Load-load
14:29:52 | SERIAL   [error] Failed to write "CHAN 1
" to /dev/ttyUSB0: Bad file descriptor
14:29:52 | LOAD     [warning] Write attempt 1/3 failed for command "CHAN 1" to Load-load
14:29:52 | SERIAL   [error] Failed to write "CHAN 1
" to /dev/ttyUSB0: Bad file descriptor
14:29:52 | LOAD     [warning] Write attempt 2/3 failed for command "CHAN 1" to Load-load
14:29:52 | SERIAL   [error] Failed to write "CHAN 1
" to /dev/ttyUSB0: Bad file descriptor
14:29:52 | LOAD     [warning] Write attempt 3/3 failed for command "CHAN 1" to Load-load
14:29:52 | LOAD     [error] Failed to write command "CHAN 1" to Load-load after 3 attempts
14:29:52 | LOAD     [error] Failed to set channel at Load-load
14:29:52 | SERIAL   [error] Failed to write "CHAN 2
" to /dev/ttyUSB0: Bad file descriptor
14:29:52 | LOAD     [warning] Write attempt 1/3 failed for command "CHAN 2" to Load-load
14:29:52 | SERIAL   [error] Failed to write "CHAN 2
" to /dev/ttyUSB0: Bad file descriptor
14:29:52 | LOAD     [warning] Write attempt 2/3 failed for command "CHAN 2" to Load-load
14:29:52 | SERIAL   [error] Failed to write "CHAN 2
" to /dev/ttyUSB0: Bad file descriptor
14:29:52 | LOAD     [warning] Write attempt 3/3 failed for command "CHAN 2" to Load-load
14:29:52 | LOAD     [error] Failed to write command "CHAN 2" to Load-load after 3 attempts
14:29:52 | LOAD     [error] Failed to set channel at Load-load
14:29:52 | SERIAL   [error] Failed to write "CHAN 2
" to /dev/ttyUSB0: Bad file descriptor
14:29:52 | LOAD     [warning] Write attempt 1/3 failed for command "CHAN 2" to Load-load
14:29:52 | SERIAL   [error] Failed to write "CHAN 2
" to /dev/ttyUSB0: Bad file descriptor
14:29:52 | LOAD     [warning] Write attempt 2/3 failed for command "CHAN 2" to Load-load
14:29:52 | SERIAL   [error] Failed to write "CHAN 2
" to /dev/ttyUSB0: Bad file descriptor
14:29:52 | LOAD     [warning] Write attempt 3/3 failed for command "CHAN 2" to Load-load
14:29:52 | LOAD     [error] Failed to write command "CHAN 2" to Load-load after 3 attempts
14:29:52 | LOAD     [error] Failed to set channel at Load-load
14:29:52 | SERIAL   [error] Failed to write "OUTP?
" to /dev/ttyUSB1: Bad file descriptor
14:29:52 | SUPPLY   [warning] Write attempt 1/3 failed for command "OUTP?" to Supply-supply-1
14:29:52 | SERIAL   [error] Failed to write "OUTP?
" to /dev/ttyUSB1: Bad file descriptor
14:29:52 | SUPPLY   [warning] Write attempt 2/3 failed for command "OUTP?" to Supply-supply-1
14:29:52 | SERIAL   [error] Failed to write "OUTP?
" to /dev/ttyUSB1: Bad file descriptor
14:29:52 | SUPPLY   [warning] Write attempt 3/3 failed for command "OUTP?" to Supply-supply-1
14:29:52 | SUPPLY   [error] Failed to write command "OUTP?" to Supply-supply-1 after 3 attempts
14:29:52 | SUPPLY   [warning] Query write attempt 1/1 failed for "OUTP?" to Supply-supply-1
14:29:52 | SUPPLY   [error] Failed to query command "OUTP?" from Supply-supply-1 after 1 attempts
14:29:52 | SUPPLY   [error] Supply-supply-1 did not return a valid state
14:29:52 | SERIAL   [error] Failed to write "VOLT?
" to /dev/ttyUSB1: Bad file descriptor
14:29:52 | SUPPLY   [warning] Write attempt 1/3 failed for command "VOLT?" to Supply-supply-1
14:29:52 | SERIAL   [error] Failed to write "VOLT?
" to /dev/ttyUSB1: Bad file descriptor
14:29:52 | SUPPLY   [warning] Write attempt 2/3 failed for command "VOLT?" to Supply-supply-1
14:29:52 | SERIAL   [error] Failed to write "VOLT?
" to /dev/ttyUSB1: Bad file descriptor
14:29:52 | SUPPLY   [warning] Write attempt 3/3 failed for command "VOLT?" to Supply-supply-1
14:29:52 | SUPPLY   [error] Failed to write command "VOLT?" to Supply-supply-1 after 3 attempts
14:29:52 | SUPPLY   [warning] Query write attempt 1/1 failed for "VOLT?" to Supply-supply-1
14:29:52 | SUPPLY   [error] Failed to query command "VOLT?" from Supply-supply-1 after 1 attempts
14:29:52 | SUPPLY   [error] Supply-supply-1 did not return a set voltage
14:29:52 | SERIAL   [error] Failed to write "CURR?
" to /dev/ttyUSB1: Bad file descriptor
14:29:52 | SUPPLY   [warning] Write attempt 1/3 failed for command "CURR?" to Supply-supply-1
14:29:52 | SERIAL   [error] Failed to write "CURR?
" to /dev/ttyUSB1: Bad file descriptor
14:29:52 | SUPPLY   [warning] Write attempt 2/3 failed for command "CURR?" to Supply-supply-1
14:29:52 | SERIAL   [error] Failed to write "CURR?
" to /dev/ttyUSB1: Bad file descriptor
14:29:52 | SUPPLY   [warning] Write attempt 3/3 failed for command "CURR?" to Supply-supply-1
14:29:52 | SUPPLY   [error] Failed to write command "CURR?" to Supply-supply-1 after 3 attempts
14:29:52 | SUPPLY   [warning] Query write attempt 1/1 failed for "CURR?" to Supply-supply-1
14:29:52 | SUPPLY   [error] Failed to query command "CURR?" from Supply-supply-1 after 1 attempts
14:29:52 | SUPPLY   [error] Supply-supply-1 did not return a set current
14:29:52 | SUPPLY   [error] Supply-supply-1 failed to query current state
14:29:52 | SERIAL   [error] Failed to write "STATE?
" to /dev/ttyUSB2: Bad file descriptor
14:29:52 | MODULE   [warning] Write attempt 1/3 failed for command "STATE?" to Module-module-1
14:29:52 | SERIAL   [error] Failed to write "STATE?
" to /dev/ttyUSB2: Bad file descriptor
14:29:52 | MODULE   [warning] Write attempt 2/3 failed for command "STATE?" to Module-module-1
14:29:52 | SERIAL   [error] Failed to write "STATE?
" to /dev/ttyUSB2: Bad file descriptor
14:29:52 | MODULE   [warning] Write attempt 3/3 failed for command "STATE?" to Module-module-1
14:29:52 | MODULE   [error] Failed to write command "STATE?" to Module-module-1 after 3 attempts
14:29:52 | MODULE   [warning] Query write attempt 1/1 failed for "STATE?" to Module-module-1
14:29:52 | MODULE   [error] Failed to query command "STATE?" from Module-module-1 after 1 attempts
14:29:52 | MODULE   [error] Module-module-1 did not return a state
14:29:52 | SERIAL   [error] Failed to write "STATE CHARGE
" to /dev/ttyUSB2: Bad file descriptor
14:29:52 | MODULE   [warning] Write attempt 1/3 failed for command "STATE CHARGE" to Module-module-1
14:29:52 | SERIAL   [error] Failed to write "STATE CHARGE
" to /dev/ttyUSB2: Bad file descriptor
14:29:52 | MODULE   [warning] Write attempt 2/3 failed for command "STATE CHARGE" to Module-module-1
14:29:52 | SERIAL   [error] Failed to write "STATE CHARGE
" to /dev/ttyUSB2: Bad file descriptor
14:29:52 | MODULE   [warning] Write attempt 3/3 failed for command "STATE CHARGE" to Module-module-1
14:29:52 | MODULE   [error] Failed to write command "STATE CHARGE" to Module-module-1 after 3 attempts
14:29:52 | MODULE   [error] Module-module-1 cannot be set to charging
14:29:52 | SERIAL   [error] Failed to write "CHAN 2
" to /dev/ttyUSB0: Bad file descriptor
14:29:52 | LOAD     [warning] Write attempt 1/3 failed for command "CHAN 2" to Load-load
14:29:52 | SERIAL   [error] Failed to write "CHAN 2
" to /dev/ttyUSB0: Bad file descriptor
14:29:52 | LOAD     [warning] Write attempt 2/3 failed for command "CHAN 2" to Load-load
14:29:52 | SERIAL   [error] Failed to write "CHAN 2
" to /dev/ttyUSB0: Bad file descriptor
14:29:52 | LOAD     [warning] Write attempt 3/3 failed for command "CHAN 2" to Load-load
14:29:52 | LOAD     [error] Failed to write command "CHAN 2" to Load-load after 3 attempts
14:29:52 | LOAD     [error] Failed to set channel at Load-load
14:29:52 | SERIAL   [error] Failed to write "MEAS:ALL?
" to /dev/ttyUSB1: Bad file descriptor
14:29:52 | SUPPLY   [warning] Write attempt 1/3 failed for command "MEAS:ALL?" to Supply-supply-1
14:29:52 | SERIAL   [error] Failed to write "MEAS:ALL?
" to /dev/ttyUSB1: Bad file descriptor
14:29:52 | SUPPLY   [warning] Write attempt 2/3 failed for command "MEAS:ALL?" to Supply-supply-1
14:29:52 | SERIAL   [error] Failed to write "MEAS:ALL?
" to /dev/ttyUSB1: Bad file descriptor
14:29:52 | SUPPLY   [warning] Write attempt 3/3 failed for command "MEAS:ALL?" to Supply-supply-1
14:29:52 | SUPPLY   [error] Failed to write command "MEAS:ALL?" to Supply-supply-1 after 3 attempts
14:29:52 | SUPPLY   [warning] Query write attempt 1/1 failed for "MEAS:ALL?" to Supply-supply-1
14:29:52 | SUPPLY   [error] Failed to query command "MEAS:ALL?" from Supply-supply-1 after 1 attempts
14:29:52 | SUPPLY   [error] Supply-supply-1 did not return any measurements
14:29:52 | SERIAL   [error] Failed to write "CHAN 1
" to /dev/ttyUSB0: Bad file descriptor
14:29:52 | LOAD     [warning] Write attempt 1/3 failed for command "CHAN 1" to Load-load
14:29:52 | SERIAL   [error] Failed to write "CHAN 1
" to /dev/ttyUSB0: Bad file descriptor
14:29:52 | LOAD     [warning] Write attempt 2/3 failed for command "CHAN 1" to Load-load
14:29:52 | SERIAL   [error] Failed to write "CHAN 1
" to /dev/ttyUSB0: Bad file descriptor
14:29:52 | LOAD     [warning] Write attempt 3/3 failed for command "CHAN 1" to Load-load
14:29:52 | LOAD     [error] Failed to write command "CHAN 1" to Load-load after 3 attempts
14:29:52 | LOAD     [error] Failed to set channel at Load-load
14:29:52 | SERIAL   [error] Failed to write "CHAN 1
" to /dev/ttyUSB0: Bad file descriptor
14:29:52 | LOAD     [warning] Write attempt 1/3 failed for command "CHAN 1" to Load-load
14:29:52 | SERIAL   [error] Failed to write "CHAN 1
" to /dev/ttyUSB0: Bad file descriptor
14:29:52 | LOAD     [warning] Write attempt 2/3 failed for command "CHAN 1" to Load-load
14:29:52 | SERIAL   [error] Failed to write "CHAN 1
" to /dev/ttyUSB0: Bad file descriptor
14:29:52 | LOAD     [warning] Write attempt 3/3 failed for command "CHAN 1" to Load-load
14:29:52 | LOAD     [error] Failed to write command "CHAN 1" to Load-load after 3 attempts
14:29:52 | LOAD     [error] Failed to set channel at Load-load
14:29:52 | SERIAL   [error] Failed to write "CHAN 2
" to /dev/ttyUSB0: Bad file descriptor
14:29:52 | LOAD     [warning] Write attempt 1/3 failed for command "CHAN 2" to Load-load
14:29:52 | SERIAL   [error] Failed to write "CHAN 2
" to /dev/ttyUSB0: Bad file descriptor
14:29:52 | LOAD     [warning] Write attempt 2/3 failed for command "CHAN 2" to Load-load
14:29:52 | SERIAL   [error] Failed to write "CHAN 2
" to /dev/ttyUSB0: Bad file descriptor
14:29:52 | LOAD     [warning] Write attempt 3/3 failed for command "CHAN 2" to Load-load
14:29:52 | LOAD     [error] Failed to write command "CHAN 2" to Load-load after 3 attempts
14:29:52 | LOAD     [error] Failed to set channel at Load-load
14:29:52 | SERIAL   [error] Failed to write "CHAN 2
" to /dev/ttyUSB0: Bad file descriptor
14:29:52 | LOAD     [warning] Write attempt 1/3 failed for command "CHAN 2" to Load-load
14:29:52 | SERIAL   [error] Failed to write "CHAN 2
" to /dev/ttyUSB0: Bad file descriptor
14:29:52 | LOAD     [warning] Write attempt 2/3 failed for command "CHAN 2" to Load-load
14:29:52 | SERIAL   [error] Failed to write "CHAN 2
" to /dev/ttyUSB0: Bad file descriptor
14:29:52 | LOAD     [warning] Write attempt 3/3 failed for command "CHAN 2" to Load-load
14:29:52 | LOAD     [error] Failed to write command "CHAN 2" to Load-load after 3 attempts
14:29:52 | LOAD     [error] Failed to set channel at Load-load
14:29:52 | SERIAL   [error] Failed to write "OUTP?
" to /dev/ttyUSB1: Bad file descriptor
14:29:52 | SUPPLY   [warning] Write attempt 1/3 failed for command "OUTP?" to Supply-supply-1
14:29:52 | SERIAL   [error] Failed to write "OUTP?
" to /dev/ttyUSB1: Bad file descriptor
14:29:52 | SUPPLY   [warning] Write attempt 2/3 failed for command "OUTP?" to Supply-supply-1
14:29:52 | SERIAL   [error] Failed to write "OUTP?
" to /dev/ttyUSB1: Bad file descriptor
14:29:52 | SUPPLY   [warning] Write attempt 3/3 failed for command "OUTP?" to Supply-supply-1
14:29:52 | SUPPLY   [error] Failed to write command "OUTP?" to Supply-supply-1 after 3 attempts
14:29:52 | SUPPLY   [warning] Query write attempt 1/1 failed for "OUTP?" to Supply-supply-1
14:29:52 | SUPPLY   [error] Failed to query command "OUTP?" from Supply-supply-1 after 1 attempts
14:29:52 | SUPPLY   [error] Supply-supply-1 did not return a valid state
14:29:52 | SERIAL   [error] Failed to write "VOLT?
" to /dev/ttyUSB1: Bad file descriptor
14:29:52 | SUPPLY   [warning] Write attempt 1/3 failed for command "VOLT?" to Supply-supply-1
14:29:52 | SERIAL   [error] Failed to write "VOLT?
" to /dev/ttyUSB1: Bad file descriptor
14:29:52 | SUPPLY   [warning] Write attempt 2/3 failed for command "VOLT?" to Supply-supply-1
14:29:52 | SERIAL   [error] Failed to write "VOLT?
" to /dev/ttyUSB1: Bad file descriptor
14:29:52 | SUPPLY   [warning] Write attempt 3/3 failed for command "VOLT?" to Supply-supply-1
14:29:52 | SUPPLY   [error] Failed to write command "VOLT?" to Supply-supply-1 after 3 attempts
14:29:52 | SUPPLY   [warning] Query write attempt 1/1 failed for "VOLT?" to Supply-supply-1
14:29:52 | SUPPLY   [error] Failed to query command "VOLT?" from Supply-supply-1 after 1 attempts
14:29:52 | SUPPLY   [error] Supply-supply-1 did not return a set voltage
14:29:52 | SERIAL   [error] Failed to write "CURR?
" to /dev/ttyUSB1: Bad file descriptor
14:29:52 | SUPPLY   [warning] Write attempt 1/3 failed for command "CURR?" to Supply-supply-1
14:29:52 | SERIAL   [error] Failed to write "CURR?
" to /dev/ttyUSB1: Bad file descriptor
14:29:52 | SUPPLY   [warning] Write attempt 2/3 failed for command "CURR?" to Supply-supply-1
14:29:52 | SERIAL   [error] Failed to write "CURR?
" to /dev/ttyUSB1: Bad file descriptor
14:29:52 | SUPPLY   [warning] Write attempt 3/3 failed for command "CURR?" to Supply-supply-1
14:29:52 | SUPPLY   [error] Failed to write command "CURR?" to Supply-supply-1 after 3 attempts
14:29:52 | SUPPLY   [warning] Query write attempt 1/1 failed for "CURR?" to Supply-supply-1
14:29:52 | SUPPLY   [error] Failed to query command "CURR?" from Supply-supply-1 after 1 attempts
14:29:52 | SUPPLY   [error] Supply-supply-1 did not return a set current
14:29:52 | SUPPLY   [error] Supply-supply-1 failed to query current state
14:29:52 | SERIAL   [error] Failed to write "STATE?
" to /dev/ttyUSB2: Bad file descriptor
14:29:52 | MODULE   [warning] Write attempt 1/3 failed for command "STATE?" to Module-module-1
14:29:52 | SERIAL   [error] Failed to write "STATE?
" to /dev/ttyUSB2: Bad file descriptor
14:29:52 | MODULE   [warning] Write attempt 2/3 failed for command "STATE?" to Module-module-1
14:29:52 | SERIAL   [error] Failed to write "STATE?
" to /dev/ttyUSB2: Bad file descriptor
14:29:52 | MODULE   [warning] Write attempt 3/3 failed for command "STATE?" to Module-module-1
14:29:52 | MODULE   [error] Failed to write command "STATE?" to Module-module-1 after 3 attempts
14:29:52 | MODULE   [warning] Query write attempt 1/1 failed for "STATE?" to Module-module-1
14:29:52 | MODULE   [error] Failed to query command "STATE?" from Module-module-1 after 1 attempts
14:29:52 | MODULE   [error] Module-module-1 did not return a state
14:29:52 | SERIAL   [error] Failed to write "STATE CHARGE
" to /dev/ttyUSB2: Bad file descriptor
14:29:52 | MODULE   [warning] Write attempt 1/3 failed for command "STATE CHARGE" to Module-module-1
14:29:52 | SERIAL   [error] Failed to write "STATE CHARGE
" to /dev/ttyUSB2: Bad file descriptor
14:29:52 | MODULE   [warning] Write attempt 2/3 failed for command "STATE CHARGE" to Module-module-1
14:29:52 | SERIAL   [error] Failed to write "STATE CHARGE
" to /dev/ttyUSB2: Bad file descriptor
14:29:52 | MODULE   [warning] Write attempt 3/3 failed for command "STATE CHARGE" to Module-module-1
14:29:52 | MODULE   [error] Failed to write command "STATE CHARGE" to Module-module-1 after 3 attempts
14:29:52 | MODULE   [error] Module-module-1 cannot be set to charging
14:29:52 | SERIAL   [error] Failed to write "CHAN 2
" to /dev/ttyUSB0: Bad file descriptor
14:29:52 | LOAD     [warning] Write attempt 1/3 failed for command "CHAN 2" to Load-load
14:29:52 | SERIAL   [error] Failed to write "CHAN 2
" to /dev/ttyUSB0: Bad file descriptor
14:29:52 | LOAD     [warning] Write attempt 2/3 failed for command "CHAN 2" to Load-load
14:29:52 | SERIAL   [error] Failed to write "CHAN 2
" to /dev/ttyUSB0: Bad file descriptor
14:29:52 | LOAD     [warning] Write attempt 3/3 failed for command "CHAN 2" to Load-load
14:29:52 | LOAD     [error] Failed to write command "CHAN 2" to Load-load after 3 attempts
14:29:52 | LOAD     [error] Failed to set channel at Load-load
14:29:52 | SERIAL   [error] Failed to write "MEAS:ALL?
" to /dev/ttyUSB1: Bad file descriptor
14:29:52 | SUPPLY   [warning] Write attempt 1/3 failed for command "MEAS:ALL?" to Supply-supply-1
14:29:52 | SERIAL   [error] Failed to write "MEAS:ALL?
" to /dev/ttyUSB1: Bad file descriptor
14:29:52 | SUPPLY   [warning] Write attempt 2/3 failed for command "MEAS:ALL?" to Supply-supply-1
14:29:52 | SERIAL   [error] Failed to write "MEAS:ALL?
" to /dev/ttyUSB1: Bad file descriptor
14:29:52 | SUPPLY   [warning] Write attempt 3/3 failed for command "MEAS:ALL?" to Supply-supply-1
14:29:52 | SUPPLY   [error] Failed to write command "MEAS:ALL?" to Supply-supply-1 after 3 attempts
14:29:52 | SUPPLY   [warning] Query write attempt 1/1 failed for "MEAS:ALL?" to Supply-supply-1
14:29:52 | SUPPLY   [error] Failed to query command "MEAS:ALL?" from Supply-supply-1 after 1 attempts
14:29:52 | SUPPLY   [error] Supply-supply-1 did not return any measurements
14:29:52 | SERIAL   [error] Failed to write "CHAN 1
" to /dev/ttyUSB0: Bad file descriptor
14:29:52 | LOAD     [warning] Write attempt 1/3 failed for command "CHAN 1" to Load-load
14:29:52 | SERIAL   [error] Failed to write "CHAN 1
" to /dev/ttyUSB0: Bad file descriptor
14:29:52 | LOAD     [warning] Write attempt 2/3 failed for command "CHAN 1" to Load-load
14:29:52 | SERIAL   [error] Failed to write "CHAN 1
" to /dev/ttyUSB0: Bad file descriptor
14:29:52 | LOAD     [warning] Write attempt 3/3 failed for command "CHAN 1" to Load-load
14:29:52 | LOAD     [error] Failed to write command "CHAN 1" to Load-load after 3 attempts
14:29:52 | LOAD     [error] Failed to set channel at Load-load
14:29:52 | SERIAL   [error] Failed to write "CHAN 1
" to /dev/ttyUSB0: Bad file descriptor
14:29:52 | LOAD     [warning] Write attempt 1/3 failed for command "CHAN 1" to Load-load
14:29:52 | SERIAL   [error] Failed to write "CHAN 1
" to /dev/ttyUSB0: Bad file descriptor
14:29:52 | LOAD     [warning] Write attempt 2/3 failed for command "CHAN 1" to Load-load
14:29:52 | SERIAL   [error] Failed to write "CHAN 1
" to /dev/ttyUSB0: Bad file descriptor
14:29:52 | LOAD     [warning] Write attempt 3/3 failed for command "CHAN 1" to Load-load
14:29:52 | LOAD     [error] Failed to write command "CHAN 1" to Load-load after 3 attempts
14:29:52 | LOAD     [error] Failed to set channel at Load-load
14:29:52 | SERIAL   [error] Failed to write "CHAN 2
" to /dev/ttyUSB0: Bad file descriptor
14:29:52 | LOAD     [warning] Write attempt 1/3 failed for command "CHAN 2" to Load-load
14:29:52 | SERIAL   [error] Failed to write "CHAN 2
" to /dev/ttyUSB0: Bad file descriptor
14:29:52 | LOAD     [warning] Write attempt 2/3 failed for command "CHAN 2" to Load-load
14:29:52 | SERIAL   [error] Failed to write "CHAN 2
" to /dev/ttyUSB0: Bad file descriptor
14:29:52 | LOAD     [warning] Write attempt 3/3 failed for command "CHAN 2" to Load-load
14:29:52 | LOAD     [error] Failed to write command "CHAN 2" to Load-load after 3 attempts
14:29:52 | LOAD     [error] Failed to set channel at Load-load
14:29:52 | SERIAL   [error] Failed to write "CHAN 2
" to /dev/ttyUSB0: Bad file descriptor
14:29:52 | LOAD     [warning] Write attempt 1/3 failed for command "CHAN 2" to Load-load
14:29:52 | SERIAL   [error] Failed to write "CHAN 2
" to /dev/ttyUSB0: Bad file descriptor
14:29:52 | LOAD     [warning] Write attempt 2/3 failed for command "CHAN 2" to Load-load
14:29:52 | SERIAL   [error] Failed to write "CHAN 2
" to /dev/ttyUSB0: Bad file descriptor
14:29:52 | LOAD     [warning] Write attempt 3/3 failed for command "CHAN 2" to Load-load
14:29:52 | LOAD     [error] Failed to write command "CHAN 2" to Load-load after 3 attempts
14:29:52 | LOAD     [error] Failed to set channel at Load-load
14:29:52 | SERIAL   [error] Failed to write "OUTP?
" to /dev/ttyUSB1: Bad file descriptor
14:29:52 | SUPPLY   [warning] Write attempt 1/3 failed for command "OUTP?" to Supply-supply-1
14:29:52 | SERIAL   [error] Failed to write "OUTP?
" to /dev/ttyUSB1: Bad file descriptor
14:29:52 | SUPPLY   [warning] Write attempt 2/3 failed for command "OUTP?" to Supply-supply-1
14:29:52 | SERIAL   [error] Failed to write "OUTP?
" to /dev/ttyUSB1: Bad file descriptor
14:29:52 | SUPPLY   [warning] Write attempt 3/3 failed for command "OUTP?" to Supply-supply-1
14:29:52 | SUPPLY   [error] Failed to write command "OUTP?" to Supply-supply-1 after 3 attempts
14:29:52 | SUPPLY   [warning] Query write attempt 1/1 failed for "OUTP?" to Supply-supply-1
14:29:52 | SUPPLY   [error] Failed to query command "OUTP?" from Supply-supply-1 after 1 attempts
14:29:52 | SUPPLY   [error] Supply-supply-1 did not return a valid state
14:29:52 | SERIAL   [error] Failed to write "VOLT?
" to /dev/ttyUSB1: Bad file descriptor
14:29:52 | SUPPLY   [warning] Write attempt 1/3 failed for command "VOLT?" to Supply-supply-1
14:29:52 | SERIAL   [error] Failed to write "VOLT?
" to /dev/ttyUSB1: Bad file descriptor
14:29:52 | SUPPLY   [warning] Write attempt 2/3 failed for command "VOLT?" to Supply-supply-1
14:29:52 | SERIAL   [error] Failed to write "VOLT?
" to /dev/ttyUSB1: Bad file descriptor
14:29:52 | SUPPLY   [warning] Write attempt 3/3 failed for command "VOLT?" to Supply-supply-1
14:29:52 | SUPPLY   [error] Failed to write command "VOLT?" to Supply-supply-1 after 3 attempts
14:29:52 | SUPPLY   [warning] Query write attempt 1/1 failed for "VOLT?" to Supply-supply-1
14:29:52 | SUPPLY   [error] Failed to query command "VOLT?" from Supply-supply-1 after 1 attempts
14:29:52 | SUPPLY   [error] Supply-supply-1 did not return a set voltage
14:29:52 | SERIAL   [error] Failed to write "CURR?
" to /dev/ttyUSB1: Bad file descriptor
14:29:52 | SUPPLY   [warning] Write attempt 1/3 failed for command "CURR?" to Supply-supply-1
14:29:52 | SERIAL   [error] Failed to write "CURR?
" to /dev/ttyUSB1: Bad file descriptor
14:29:52 | SUPPLY   [warning] Write attempt 2/3 failed for command "CURR?" to Supply-supply-1
14:29:52 | SERIAL   [error] Failed to write "CURR?
" to /dev/ttyUSB1: Bad file descriptor
14:29:52 | SUPPLY   [warning] Write attempt 3/3 failed for command "CURR?" to Supply-supply-1
14:29:52 | SUPPLY   [error] Failed to write command "CURR?" to Supply-supply-1 after 3 attempts
14:29:52 | SUPPLY   [warning] Query write attempt 1/1 failed for "CURR?" to Supply-supply-1
14:29:52 | SUPPLY   [error] Failed to query command "CURR?" from Supply-supply-1 after 1 attempts
14:29:52 | SUPPLY   [error] Supply-supply-1 did not return a set current
14:29:52 | SUPPLY   [error] Supply-supply-1 failed to query current state
14:29:52 | SERIAL   [error] Failed to write "STATE?
" to /dev/ttyUSB2: Bad file descriptor
14:29:52 | MODULE   [warning] Write attempt 1/3 failed for command "STATE?" to Module-module-1
14:29:52 | SERIAL   [error] Failed to write "STATE?
" to /dev/ttyUSB2: Bad file descriptor
14:29:52 | MODULE   [warning] Write attempt 2/3 failed for command "STATE?" to Module-module-1
14:29:52 | SERIAL   [error] Failed to write "STATE?
" to /dev/ttyUSB2: Bad file descriptor
14:29:52 | MODULE   [warning] Write attempt 3/3 failed for command "STATE?" to Module-module-1
14:29:52 | MODULE   [error] Failed to write command "STATE?" to Module-module-1 after 3 attempts
14:29:52 | MODULE   [warning] Query write attempt 1/1 failed for "STATE?" to Module-module-1
14:29:52 | MODULE   [error] Failed to query command "STATE?" from Module-module-1 after 1 attempts
14:29:52 | MODULE   [error] Module-module-1 did not return a state
14:29:52 | SERIAL   [error] Failed to write "STATE CHARGE
" to /dev/ttyUSB2: Bad file descriptor
14:29:52 | MODULE   [warning] Write attempt 1/3 failed for command "STATE CHARGE" to Module-module-1
14:29:52 | SERIAL   [error] Failed to write "STATE CHARGE
" to /dev/ttyUSB2: Bad file descriptor
14:29:52 | MODULE   [warning] Write attempt 2/3 failed for command "STATE CHARGE" to Module-module-1
14:29:52 | SERIAL   [error] Failed to write "STATE CHARGE
" to /dev/ttyUSB2: Bad file descriptor
14:29:52 | MODULE   [warning] Write attempt 3/3 failed for command "STATE CHARGE" to Module-module-1
14:29:52 | MODULE   [error] Failed to write command "STATE CHARGE" to Module-module-1 after 3 attempts
14:29:52 | MODULE   [error] Module-module-1 cannot be set to charging
14:29:52 | SERIAL   [error] Failed to write "CHAN 2
" to /dev/ttyUSB0: Bad file descriptor
14:29:52 | LOAD     [warning] Write attempt 1/3 failed for command "CHAN 2" to Load-load
14:29:52 | SERIAL   [error] Failed to write "CHAN 2
" to /dev/ttyUSB0: Bad file descriptor
14:29:52 | LOAD     [warning] Write attempt 2/3 failed for command "CHAN 2" to Load-load
14:29:52 | SERIAL   [error] Failed to write "CHAN 2
" to /dev/ttyUSB0: Bad file descriptor
14:29:52 | LOAD     [warning] Write attempt 3/3 failed for command "CHAN 2" to Load-load
14:29:52 | LOAD     [error] Failed to write command "CHAN 2" to Load-load after 3 attempts
14:29:52 | LOAD     [error] Failed to set channel at Load-load
14:29:52 | SERIAL   [error] Failed to write "MEAS:ALL?
" to /dev/ttyUSB1: Bad file descriptor
14:29:52 | SUPPLY   [warning] Write attempt 1/3 failed for command "MEAS:ALL?" to Supply-supply-1
14:29:52 | SERIAL   [error] Failed to write "MEAS:ALL?
" to /dev/ttyUSB1: Bad file descriptor
14:29:52 | SUPPLY   [warning] Write attempt 2/3 failed for command "MEAS:ALL?" to Supply-supply-1
14:29:52 | SERIAL   [error] Failed to write "MEAS:ALL?
" to /dev/ttyUSB1: Bad file descriptor
14:29:52 | SUPPLY   [warning] Write attempt 3/3 failed for command "MEAS:ALL?" to Supply-supply-1
14:29:52 | SUPPLY   [error] Failed to write command "MEAS:ALL?" to Supply-supply-1 after 3 attempts
14:29:52 | SUPPLY   [warning] Query write attempt 1/1 failed for "MEAS:ALL?" to Supply-supply-1
14:29:52 | SUPPLY   [error] Failed to query command "MEAS:ALL?" from Supply-supply-1 after 1 attempts
14:29:52 | SUPPLY   [error] Supply-supply-1 did not return any measurements
14:29:52 | SERIAL   [error] Failed to write "CHAN 1
" to /dev/ttyUSB0: Bad file descriptor
14:29:52 | LOAD     [warning] Write attempt 1/3 failed for command "CHAN 1" to Load-load
14:29:52 | SERIAL   [error] Failed to write "CHAN 1
" to /dev/ttyUSB0: Bad file descriptor
14:29:52 | LOAD     [warning] Write attempt 2/3 failed for command "CHAN 1" to Load-load
14:29:52 | SERIAL   [error] Failed to write "CHAN 1
" to /dev/ttyUSB0: Bad file descriptor
14:29:52 | LOAD     [warning] Write attempt 3/3 failed for command "CHAN 1" to Load-load
14:29:52 | LOAD     [error] Failed to write command "CHAN 1" to Load-load after 3 attempts
14:29:52 | LOAD     [error] Failed to set channel at Load-load
14:29:52 | SERIAL   [error] Failed to write "CHAN 1
" to /dev/ttyUSB0: Bad file descriptor
14:29:52 | LOAD     [warning] Write attempt 1/3 failed for command "CHAN 1" to Load-load
14:29:52 | SERIAL   [error] Failed to write "CHAN 1
" to /dev/ttyUSB0: Bad file descriptor
14:29:52 | LOAD     [warning] Write attempt 2/3 failed for command "CHAN 1" to Load-load
14:29:52 | SERIAL   [error] Failed to write "CHAN 1
" to /dev/ttyUSB0: Bad file descriptor
14:29:52 | LOAD     [warning] Write attempt 3/3 failed for command "CHAN 1" to Load-load
14:29:52 | LOAD     [error] Failed to write command "CHAN 1" to Load-load after 3 attempts
14:29:52 | LOAD     [error] Failed to set channel at Load-load
14:29:52 | SERIAL   [error] Failed to write "CHAN 2
" to /dev/ttyUSB0: Bad file descriptor
14:29:52 | LOAD     [warning] Write attempt 1/3 failed for command "CHAN 2" to Load-load
14:29:52 | SERIAL   [error] Failed to write "CHAN 2
" to /dev/ttyUSB0: Bad file descriptor
14:29:52 | LOAD     [warning] Write attempt 2/3 failed for command "CHAN 2" to Load-load
14:29:52 | SERIAL   [error] Failed to write "CHAN 2
" to /dev/ttyUSB0: Bad file descriptor
14:29:52 | LOAD     [warning] Write attempt 3/3 failed for command "CHAN 2" to Load-load
14:29:52 | LOAD     [error] Failed to write command "CHAN 2" to Load-load after 3 attempts
14:29:52 | LOAD     [error] Failed to set channel at Load-load
14:29:52 | SERIAL   [error] Failed to write "CHAN 2
" to /dev/ttyUSB0: Bad file descriptor
14:29:52 | LOAD     [warning] Write attempt 1/3 failed for command "CHAN 2" to Load-load
14:29:52 | SERIAL   [error] Failed to write "CHAN 2
" to /dev/ttyUSB0: Bad file descriptor
14:29:52 | LOAD     [warning] Write attempt 2/3 failed for command "CHAN 2" to Load-load
14:29:52 | SERIAL   [error] Failed to write "CHAN 2
" to /dev/ttyUSB0: Bad file descriptor
14:29:52 | LOAD     [warning] Write attempt 3/3 failed for command "CHAN 2" to Load-load
14:29:52 | LOAD     [error] Failed to write command "CHAN 2" to Load-load after 3 attempts
14:29:52 | LOAD     [error] Failed to set channel at Load-load
14:29:52 | SERIAL   [error] Failed to write "OUTP?
" to /dev/ttyUSB1: Bad file descriptor
14:29:52 | SUPPLY   [warning] Write attempt 1/3 failed for command "OUTP?" to Supply-supply-1
14:29:52 | SERIAL   [error] Failed to write "OUTP?
" to /dev/ttyUSB1: Bad file descriptor
14:29:52 | SUPPLY   [warning] Write attempt 2/3 failed for command "OUTP?" to Supply-supply-1
14:29:52 | SERIAL   [error] Failed to write "OUTP?
" to /dev/ttyUSB1: Bad file descriptor
14:29:52 | SUPPLY   [warning] Write attempt 3/3 failed for command "OUTP?" to Supply-supply-1
14:29:52 | SUPPLY   [error] Failed to write command "OUTP?" to Supply-supply-1 after 3 attempts
14:29:52 | SUPPLY   [warning] Query write attempt 1/1 failed for "OUTP?" to Supply-supply-1
14:29:52 | SUPPLY   [error] Failed to query command "OUTP?" from Supply-supply-1 after 1 attempts
14:29:52 | SUPPLY   [error] Supply-supply-1 did not return a valid state
14:29:52 | SERIAL   [error] Failed to write "VOLT?
" to /dev/ttyUSB1: Bad file descriptor
14:29:52 | SUPPLY   [warning] Write attempt 1/3 failed for command "VOLT?" to Supply-supply-1
14:29:52 | SERIAL   [error] Failed to write "VOLT?
" to /dev/ttyUSB1: Bad file descriptor
14:29:52 | SUPPLY   [warning] Write attempt 2/3 failed for command "VOLT?" to Supply-supply-1
14:29:52 | SERIAL   [error] Failed to write "VOLT?
" to /dev/ttyUSB1: Bad file descriptor
14:29:52 | SUPPLY   [warning] Write attempt 3/3 failed for command "VOLT?" to Supply-supply-1
14:29:52 | SUPPLY   [error] Failed to write command "VOLT?" to Supply-supply-1 after 3 attempts
14:29:52 | SUPPLY   [warning] Query write attempt 1/1 failed for "VOLT?" to Supply-supply-1
14:29:52 | SUPPLY   [error] Failed to query command "VOLT?" from Supply-supply-1 after 1 attempts
14:29:52 | SUPPLY   [error] Supply-supply-1 did not return a set voltage
14:29:52 | SERIAL   [error] Failed to write "CURR?
" to /dev/ttyUSB1: Bad file descriptor
14:29:52 | SUPPLY   [warning] Write attempt 1/3 failed for command "CURR?" to Supply-supply-1
14:29:52 | SERIAL   [error] Failed to write "CURR?
" to /dev/ttyUSB1: Bad file descriptor
14:29:52 | SUPPLY   [warning] Write attempt 2/3 failed for command "CURR?" to Supply-supply-1
14:29:52 | SERIAL   [error] Failed to write "CURR?
" to /dev/ttyUSB1: Bad file descriptor
14:29:52 | SUPPLY   [warning] Write attempt 3/3 failed for command "CURR?" to Supply-supply-1
14:29:52 | SUPPLY   [error] Failed to write command "CURR?" to Supply-supply-1 after 3 attempts
14:29:52 | SUPPLY   [warning] Query write attempt 1/1 failed for "CURR?" to Supply-supply-1
14:29:52 | SUPPLY   [error] Failed to query command "CURR?" from Supply-supply-1 after 1 attempts
14:29:52 | SUPPLY   [error] Supply-supply-1 did not return a set current
14:29:52 | SUPPLY   [error] Supply-supply-1 failed to query current state
14:29:52 | SERIAL   [error] Failed to write "STATE?
" to /dev/ttyUSB2: Bad file descriptor
14:29:52 | MODULE   [warning] Write attempt 1/3 failed for command "STATE?" to Module-module-1
14:29:52 | SERIAL   [error] Failed to write "STATE?
" to /dev/ttyUSB2: Bad file descriptor
14:29:52 | MODULE   [warning] Write attempt 2/3 failed for command "STATE?" to Module-module-1
14:29:52 | SERIAL   [error] Failed to write "STATE?
" to /dev/ttyUSB2: Bad file descriptor
14:29:52 | MODULE   [warning] Write attempt 3/3 failed for command "STATE?" to Module-module-1
14:29:52 | MODULE   [error] Failed to write command "STATE?" to Module-module-1 after 3 attempts
14:29:52 | MODULE   [warning] Query write attempt 1/1 failed for "STATE?" to Module-module-1
14:29:52 | MODULE   [error] Failed to query command "STATE?" from Module-module-1 after 1 attempts
14:29:52 | MODULE   [error] Module-module-1 did not return a state
14:29:52 | SERIAL   [error] Failed to write "STATE CHARGE
" to /dev/ttyUSB2: Bad file descriptor
14:29:52 | MODULE   [warning] Write attempt 1/3 failed for command "STATE CHARGE" to Module-module-1
14:29:52 | SERIAL   [error] Failed to write "STATE CHARGE
" to /dev/ttyUSB2: Bad file descriptor
14:29:52 | MODULE   [warning] Write attempt 2/3 failed for command "STATE CHARGE" to Module-module-1
14:29:52 | SERIAL   [error] Failed to write "STATE CHARGE
" to /dev/ttyUSB2: Bad file descriptor
14:29:52 | MODULE   [warning] Write attempt 3/3 failed for command "STATE CHARGE" to Module-module-1
14:29:52 | MODULE   [error] Failed to write command "STATE CHARGE" to Module-module-1 after 3 attempts
14:29:52 | MODULE   [error] Module-module-1 cannot be set to charging
14:29:52 | SERIAL   [error] Failed to write "CHAN 2
" to /dev/ttyUSB0: Bad file descriptor
14:29:52 | LOAD     [warning] Write attempt 1/3 failed for command "CHAN 2" to Load-load
14:29:52 | SERIAL   [error] Failed to write "CHAN 2
" to /dev/ttyUSB0: Bad file descriptor
14:29:52 | LOAD     [warning] Write attempt 2/3 failed for command "CHAN 2" to Load-load
14:29:52 | SERIAL   [error] Failed to write "CHAN 2
" to /dev/ttyUSB0: Bad file descriptor
14:29:52 | LOAD     [warning] Write attempt 3/3 failed for command "CHAN 2" to Load-load
14:29:52 | LOAD     [error] Failed to write command "CHAN 2" to Load-load after 3 attempts
14:29:52 | LOAD     [error] Failed to set channel at Load-load
14:29:52 | SERIAL   [error] Failed to write "MEAS:ALL?
" to /dev/ttyUSB1: Bad file descriptor
14:29:52 | SUPPLY   [warning] Write attempt 1/3 failed for command "MEAS:ALL?" to Supply-supply-1
14:29:52 | SERIAL   [error] Failed to write "MEAS:ALL?
" to /dev/ttyUSB1: Bad file descriptor
14:29:52 | SUPPLY   [warning] Write attempt 2/3 failed for command "MEAS:ALL?" to Supply-supply-1
14:29:52 | SERIAL   [error] Failed to write "MEAS:ALL?
" to /dev/ttyUSB1: Bad file descriptor
14:29:52 | SUPPLY   [warning] Write attempt 3/3 failed for command "MEAS:ALL?" to Supply-supply-1
14:29:52 | SUPPLY   [error] Failed to write command "MEAS:ALL?" to Supply-supply-1 after 3 attempts
14:29:52 | SUPPLY   [warning] Query write attempt 1/1 failed for "MEAS:ALL?" to Supply-supply-1
14:29:52 | SUPPLY   [error] Failed to query command "MEAS:ALL?" from Supply-supply-1 after 1 attempts
14:29:52 | SUPPLY   [error] Supply-supply-1 did not return any measurements
14:29:52 | SERIAL   [error] Failed to write "CHAN 1
" to /dev/ttyUSB0: Bad file descriptor
14:29:52 | LOAD     [warning] Write attempt 1/3 failed for command "CHAN 1" to Load-load
14:29:52 | SERIAL   [error] Failed to write "CHAN 1
" to /dev/ttyUSB0: Bad file descriptor
14:29:52 | LOAD     [warning] Write attempt 2/3 failed for command "CHAN 1" to Load-load
14:29:52 | SERIAL   [error] Failed to write "CHAN 1
" to /dev/ttyUSB0: Bad file descriptor
14:29:52 | LOAD     [warning] Write attempt 3/3 failed for command "CHAN 1" to Load-load
14:29:52 | LOAD     [error] Failed to write command "CHAN 1" to Load-load after 3 attempts
14:29:52 | LOAD     [error] Failed to set channel at Load-load
14:29:52 | SERIAL   [error] Failed to write "CHAN 1
" to /dev/ttyUSB0: Bad file descriptor
14:29:52 | LOAD     [warning] Write attempt 1/3 failed for command "CHAN 1" to Load-load
14:29:52 | SERIAL   [error] Failed to write "CHAN 1
" to /dev/ttyUSB0: Bad file descriptor
14:29:52 | LOAD     [warning] Write attempt 2/3 failed for command "CHAN 1" to Load-load
14:29:52 | SERIAL   [error] Failed to write "CHAN 1
" to /dev/ttyUSB0: Bad file descriptor
14:29:52 | LOAD     [warning] Write attempt 3/3 failed for command "CHAN 1" to Load-load
14:29:52 | LOAD     [error] Failed to write command "CHAN 1" to Load-load after 3 attempts
14:29:52 | LOAD     [error] Failed to set channel at Load-load
14:29:52 | SERIAL   [error] Failed to write "CHAN 2
" to /dev/ttyUSB0: Bad file descriptor
14:29:52 | LOAD     [warning] Write attempt 1/3 failed for command "CHAN 2" to Load-load
14:29:52 | SERIAL   [error] Failed to write "CHAN 2
" to /dev/ttyUSB0: Bad file descriptor
14:29:52 | LOAD     [warning] Write attempt 2/3 failed for command "CHAN 2" to Load-load
14:29:52 | SERIAL   [error] Failed to write "CHAN 2
" to /dev/ttyUSB0: Bad file descriptor
14:29:52 | LOAD     [warning] Write attempt 3/3 failed for command "CHAN 2" to Load-load
14:29:52 | LOAD     [error] Failed to write command "CHAN 2" to Load-load after 3 attempts
14:29:52 | LOAD     [error] Failed to set channel at Load-load
14:29:52 | SERIAL   [error] Failed to write "CHAN 2
" to /dev/ttyUSB0: Bad file descriptor
14:29:52 | LOAD     [warning] Write attempt 1/3 failed for command "CHAN 2" to Load-load
14:29:52 | SERIAL   [error] Failed to write "CHAN 2
" to /dev/ttyUSB0: Bad file descriptor
14:29:52 | LOAD     [warning] Write attempt 2/3 failed for command "CHAN 2" to Load-load
14:29:52 | SERIAL   [error] Failed to write "CHAN 2
" to /dev/ttyUSB0: Bad file descriptor
14:29:52 | LOAD     [warning] Write attempt 3/3 failed for command "CHAN 2" to Load-load
14:29:52 | LOAD     [error] Failed to write command "CHAN 2" to Load-load after 3 attempts
14:29:52 | LOAD     [error] Failed to set channel at Load-load
14:29:52 | SERIAL   [error] Failed to write "OUTP?
" to /dev/ttyUSB1: Bad file descriptor
14:29:52 | SUPPLY   [warning] Write attempt 1/3 failed for command "OUTP?" to Supply-supply-1
14:29:52 | SERIAL   [error] Failed to write "OUTP?
" to /dev/ttyUSB1: Bad file descriptor
14:29:52 | SUPPLY   [warning] Write attempt 2/3 failed for command "OUTP?" to Supply-supply-1
14:29:52 | SERIAL   [error] Failed to write "OUTP?
" to /dev/ttyUSB1: Bad file descriptor
14:29:52 | SUPPLY   [warning] Write attempt 3/3 failed for command "OUTP?" to Supply-supply-1
14:29:52 | SUPPLY   [error] Failed to write command "OUTP?" to Supply-supply-1 after 3 attempts
14:29:52 | SUPPLY   [warning] Query write attempt 1/1 failed for "OUTP?" to Supply-supply-1
14:29:52 | SUPPLY   [error] Failed to query command "OUTP?" from Supply-supply-1 after 1 attempts
14:29:52 | SUPPLY   [error] Supply-supply-1 did not return a valid state
14:29:52 | SERIAL   [error] Failed to write "VOLT?
" to /dev/ttyUSB1: Bad file descriptor
14:29:52 | SUPPLY   [warning] Write attempt 1/3 failed for command "VOLT?" to Supply-supply-1
14:29:52 | SERIAL   [error] Failed to write "VOLT?
" to /dev/ttyUSB1: Bad file descriptor
14:29:52 | SUPPLY   [warning] Write attempt 2/3 failed for command "VOLT?" to Supply-supply-1
14:29:52 | SERIAL   [error] Failed to write "VOLT?
" to /dev/ttyUSB1: Bad file descriptor
14:29:52 | SUPPLY   [warning] Write attempt 3/3 failed for command "VOLT?" to Supply-supply-1
14:29:52 | SUPPLY   [error] Failed to write command "VOLT?" to Supply-supply-1 after 3 attempts
14:29:52 | SUPPLY   [warning] Query write attempt 1/1 failed for "VOLT?" to Supply-supply-1
14:29:52 | SUPPLY   [error] Failed to query command "VOLT?" from Supply-supply-1 after 1 attempts
14:29:52 | SUPPLY   [error] Supply-supply-1 did not return a set voltage
14:29:52 | SERIAL   [error] Failed to write "CURR?
" to /dev/ttyUSB1: Bad file descriptor
14:29:52 | SUPPLY   [warning] Write attempt 1/3 failed for command "CURR?" to Supply-supply-1
14:29:52 | SERIAL   [error] Failed to write "CURR?
" to /dev/ttyUSB1: Bad file descriptor
14:29:52 | SUPPLY   [warning] Write attempt 2/3 failed for command "CURR?" to Supply-supply-1
14:29:52 | SERIAL   [error] Failed to write "CURR?
" to /dev/ttyUSB1: Bad file descriptor
14:29:52 | SUPPLY   [warning] Write attempt 3/3 failed for command "CURR?" to Supply-supply-1
14:29:52 | SUPPLY   [error] Failed to write command "CURR?" to Supply-supply-1 after 3 attempts
14:29:52 | SUPPLY   [warning] Query write attempt 1/1 failed for "CURR?" to Supply-supply-1
14:29:52 | SUPPLY   [error] Failed to query command "CURR?" from Supply-supply-1 after 1 attempts
14:29:52 | SUPPLY   [error] Supply-supply-1 did not return a set current
14:29:52 | SUPPLY   [error] Supply-supply-1 failed to query current state
14:29:52 | SERIAL   [error] Failed to write "STATE?
" to /dev/ttyUSB2: Bad file descriptor
14:29:52 | MODULE   [warning] Write attempt 1/3 failed for command "STATE?" to Module-module-1
14:29:52 | SERIAL   [error] Failed to write "STATE?
" to /dev/ttyUSB2: Bad file descriptor
14:29:52 | MODULE   [warning] Write attempt 2/3 failed for command "STATE?" to Module-module-1
14:29:52 | SERIAL   [error] Failed to write "STATE?
" to /dev/ttyUSB2: Bad file descriptor
14:29:52 | MODULE   [warning] Write attempt 3/3 failed for command "STATE?" to Module-module-1
14:29:52 | MODULE   [error] Failed to write command "STATE?" to Module-module-1 after 3 attempts
14:29:52 | MODULE   [warning] Query write attempt 1/1 failed for "STATE?" to Module-module-1
14:29:52 | MODULE   [error] Failed to query command "STATE?" from Module-module-1 after 1 attempts
14:29:52 | MODULE   [error] Module-module-1 did not return a state
14:29:52 | SERIAL   [error] Failed to write "STATE CHARGE
" to /dev/ttyUSB2: Bad file descriptor
14:29:52 | MODULE   [warning] Write attempt 1/3 failed for command "STATE CHARGE" to Module-module-1
14:29:52 | SERIAL   [error] Failed to write "STATE CHARGE
" to /dev/ttyUSB2: Bad file descriptor
14:29:52 | MODULE   [warning] Write attempt 2/3 failed for command "STATE CHARGE" to Module-module-1
14:29:52 | SERIAL   [error] Failed to write "STATE CHARGE
" to /dev/ttyUSB2: Bad file descriptor
14:29:52 | MODULE   [warning] Write attempt 3/3 failed for command "STATE CHARGE" to Module-module-1
14:29:52 | MODULE   [error] Failed to write command "STATE CHARGE" to Module-module-1 after 3 attempts
14:29:52 | MODULE   [error] Module-module-1 cannot be set to charging
14:29:52 | SERIAL   [error] Failed to write "CHAN 2
" to /dev/ttyUSB0: Bad file descriptor
14:29:52 | LOAD     [warning] Write attempt 1/3 failed for command "CHAN 2" to Load-load
14:29:52 | SERIAL   [error] Failed to write "CHAN 2
" to /dev/ttyUSB0: Bad file descriptor
14:29:52 | LOAD     [warning] Write attempt 2/3 failed for command "CHAN 2" to Load-load
14:29:52 | SERIAL   [error] Failed to write "CHAN 2
" to /dev/ttyUSB0: Bad file descriptor
14:29:52 | LOAD     [warning] Write attempt 3/3 failed for command "CHAN 2" to Load-load
14:29:52 | LOAD     [error] Failed to write command "CHAN 2" to Load-load after 3 attempts
14:29:52 | LOAD     [error] Failed to set channel at Load-load
14:29:52 | SERIAL   [error] Failed to write "MEAS:ALL?
" to /dev/ttyUSB1: Bad file descriptor
14:29:52 | SUPPLY   [warning] Write attempt 1/3 failed for command "MEAS:ALL?" to Supply-supply-1
14:29:52 | SERIAL   [error] Failed to write "MEAS:ALL?
" to /dev/ttyUSB1: Bad file descriptor
14:29:52 | SUPPLY   [warning] Write attempt 2/3 failed for command "MEAS:ALL?" to Supply-supply-1
14:29:52 | SERIAL   [error] Failed to write "MEAS:ALL?
" to /dev/ttyUSB1: Bad file descriptor
14:29:52 | SUPPLY   [warning] Write attempt 3/3 failed for command "MEAS:ALL?" to Supply-supply-1
14:29:52 | SUPPLY   [error] Failed to write command "MEAS:ALL?" to Supply-supply-1 after 3 attempts
14:29:52 | SUPPLY   [warning] Query write attempt 1/1 failed for "MEAS:ALL?" to Supply-supply-1
14:29:52 | SUPPLY   [error] Failed to query command "MEAS:ALL?" from Supply-supply-1 after 1 attempts
14:29:52 | SUPPLY   [error] Supply-supply-1 did not return any measurements
14:29:52 | SERIAL   [error] Failed to write "CHAN 1
" to /dev/ttyUSB0: Bad file descriptor
14:29:52 | LOAD     [warning] Write attempt 1/3 failed for command "CHAN 1" to Load-load
14:29:52 | SERIAL   [error] Failed to write "CHAN 1
" to /dev/ttyUSB0: Bad file descriptor
14:29:52 | LOAD     [warning] Write attempt 2/3 failed for command "CHAN 1" to Load-load
14:29:52 | SERIAL   [error] Failed to write "CHAN 1
" to /dev/ttyUSB0: Bad file descriptor
14:29:52 | LOAD     [warning] Write attempt 3/3 failed for command "CHAN 1" to Load-load
14:29:52 | LOAD     [error] Failed to write command "CHAN 1" to Load-load after 3 attempts
14:29:52 | LOAD     [error] Failed to set channel at Load-load
14:29:52 | SERIAL   [error] Failed to write "CHAN 1
" to /dev/ttyUSB0: Bad file descriptor
14:29:52 | LOAD     [warning] Write attempt 1/3 failed for command "CHAN 1" to Load-load
14:29:52 | SERIAL   [error] Failed to write "CHAN 1
" to /dev/ttyUSB0: Bad file descriptor
14:29:52 | LOAD     [warning] Write attempt 2/3 failed for command "CHAN 1" to Load-load
14:29:52 | SERIAL   [error] Failed to write "CHAN 1
" to /dev/ttyUSB0: Bad file descriptor
14:29:52 | LOAD     [warning] Write attempt 3/3 failed for command "CHAN 1" to Load-load
14:29:52 | LOAD     [error] Failed to write command "CHAN 1" to Load-load after 3 attempts
14:29:52 | LOAD     [error] Failed to set channel at Load-load
14:29:52 | SERIAL   [error] Failed to write "CHAN 2
" to /dev/ttyUSB0: Bad file descriptor
14:29:52 | LOAD     [warning] Write attempt 1/3 failed for command "CHAN 2" to Load-load
14:29:52 | SERIAL   [error] Failed to write "CHAN 2
" to /dev/ttyUSB0: Bad file descriptor
14:29:52 | LOAD     [warning] Write attempt 2/3 failed for command "CHAN 2" to Load-load
14:29:52 | SERIAL   [error] Failed to write "CHAN 2
" to /dev/ttyUSB0: Bad file descriptor
14:29:52 | LOAD     [warning] Write attempt 3/3 failed for command "CHAN 2" to Load-load
14:29:52 | LOAD     [error] Failed to write command "CHAN 2" to Load-load after 3 attempts
14:29:52 | LOAD     [error] Failed to set channel at Load-load
14:29:52 | SERIAL   [error] Failed to write "CHAN 2
" to /dev/ttyUSB0: Bad file descriptor
14:29:52 | LOAD     [warning] Write attempt 1/3 failed for command "CHAN 2" to Load-load
14:29:52 | SERIAL   [error] Failed to write "CHAN 2
" to /dev/ttyUSB0: Bad file descriptor
14:29:52 | LOAD     [warning] Write attempt 2/3 failed for command "CHAN 2" to Load-load
14:29:52 | SERIAL   [error] Failed to write "CHAN 2
" to /dev/ttyUSB0: Bad file descriptor
14:29:52 | LOAD     [warning] Write attempt 3/3 failed for command "CHAN 2" to Load-load
14:29:52 | LOAD     [error] Failed to write command "CHAN 2" to Load-load after 3 attempts
14:29:52 | LOAD     [error] Failed to set channel at Load-load
14:29:52 | SERIAL   [error] Failed to write "OUTP?
" to /dev/ttyUSB1: Bad file descriptor
14:29:52 | SUPPLY   [warning] Write attempt 1/3 failed for command "OUTP?" to Supply-supply-1
14:29:52 | SERIAL   [error] Failed to write "OUTP?
" to /dev/ttyUSB1: Bad file descriptor
14:29:52 | SUPPLY   [warning] Write attempt 2/3 failed for command "OUTP?" to Supply-supply-1
14:29:52 | SERIAL   [error] Failed to write "OUTP?
" to /dev/ttyUSB1: Bad file descriptor
14:29:52 | SUPPLY   [warning] Write attempt 3/3 failed for command "OUTP?" to Supply-supply-1
14:29:52 | SUPPLY   [error] Failed to write command "OUTP?" to Supply-supply-1 after 3 attempts
14:29:52 | SUPPLY   [warning] Query write attempt 1/1 failed for "OUTP?" to Supply-supply-1
14:29:52 | SUPPLY   [error] Failed to query command "OUTP?" from Supply-supply-1 after 1 attempts
14:29:52 | SUPPLY   [error] Supply-supply-1 did not return a valid state
14:29:52 | SERIAL   [error] Failed to write "VOLT?
" to /dev/ttyUSB1: Bad file descriptor
14:29:52 | SUPPLY   [warning] Write attempt 1/3 failed for command "VOLT?" to Supply-supply-1
14:29:52 | SERIAL   [error] Failed to write "VOLT?
" to /dev/ttyUSB1: Bad file descriptor
14:29:52 | SUPPLY   [warning] Write attempt 2/3 failed for command "VOLT?" to Supply-supply-1
14:29:52 | SERIAL   [error] Failed to write "VOLT?
" to /dev/ttyUSB1: Bad file descriptor
14:29:52 | SUPPLY   [warning] Write attempt 3/3 failed for command "VOLT?" to Supply-supply-1
14:29:52 | SUPPLY   [error] Failed to write command "VOLT?" to Supply-supply-1 after 3 attempts
14:29:52 | SUPPLY   [warning] Query write attempt 1/1 failed for "VOLT?" to Supply-supply-1
14:29:52 | SUPPLY   [error] Failed to query command "VOLT?" from Supply-supply-1 after 1 attempts
14:29:52 | SUPPLY   [error] Supply-supply-1 did not return a set voltage
14:29:52 | SERIAL   [error] Failed to write "CURR?
" to /dev/ttyUSB1: Bad file descriptor
14:29:52 | SUPPLY   [warning] Write attempt 1/3 failed for command "CURR?" to Supply-supply-1
14:29:52 | SERIAL   [error] Failed to write "CURR?
" to /dev/ttyUSB1: Bad file descriptor
14:29:52 | SUPPLY   [warning] Write attempt 2/3 failed for command "CURR?" to Supply-supply-1
14:29:52 | SERIAL   [error] Failed to write "CURR?
" to /dev/ttyUSB1: Bad file descriptor
14:29:52 | SUPPLY   [warning] Write attempt 3/3 failed for command "CURR?" to Supply-supply-1
14:29:52 | SUPPLY   [error] Failed to write command "CURR?" to Supply-supply-1 after 3 attempts
14:29:52 | SUPPLY   [warning] Query write attempt 1/1 failed for "CURR?" to Supply-supply-1
14:29:52 | SUPPLY   [error] Failed to query command "CURR?" from Supply-supply-1 after 1 attempts
14:29:52 | SUPPLY   [error] Supply-supply-1 did not return a set current
14:29:52 | SUPPLY   [error] Supply-supply-1 failed to query current state
14:29:52 | SERIAL   [error] Failed to write "STATE?
" to /dev/ttyUSB2: Bad file descriptor
14:29:52 | MODULE   [warning] Write attempt 1/3 failed for command "STATE?" to Module-module-1
14:29:52 | SERIAL   [error] Failed to write "STATE?
" to /dev/ttyUSB2: Bad file descriptor
14:29:52 | MODULE   [warning] Write attempt 2/3 failed for command "STATE?" to Module-module-1
14:29:52 | SERIAL   [error] Failed to write "STATE?
" to /dev/ttyUSB2: Bad file descriptor
14:29:52 | MODULE   [warning] Write attempt 3/3 failed for command "STATE?" to Module-module-1
14:29:52 | MODULE   [error] Failed to write command "STATE?" to Module-module-1 after 3 attempts
14:29:52 | MODULE   [warning] Query write attempt 1/1 failed for "STATE?" to Module-module-1
14:29:52 | MODULE   [error] Failed to query command "STATE?" from Module-module-1 after 1 attempts
14:29:52 | MODULE   [error] Module-module-1 did not return a state
14:29:52 | SERIAL   [error] Failed to write "STATE CHARGE
" to /dev/ttyUSB2: Bad file descriptor
14:29:52 | MODULE   [warning] Write attempt 1/3 failed for command "STATE CHARGE" to Module-module-1
14:29:52 | SERIAL   [error] Failed to write "STATE CHARGE
" to /dev/ttyUSB2: Bad file descriptor
14:29:52 | MODULE   [warning] Write attempt 2/3 failed for command "STATE CHARGE" to Module-module-1
14:29:52 | SERIAL   [error] Failed to write "STATE CHARGE
" to /dev/ttyUSB2: Bad file descriptor
14:29:52 | MODULE   [warning] Write attempt 3/3 failed for command "STATE CHARGE" to Module-module-1
14:29:52 | MODULE   [error] Failed to write command "STATE CHARGE" to Module-module-1 after 3 attempts
14:29:52 | MODULE   [error] Module-module-1 cannot be set to charging
14:29:52 | SERIAL   [error] Failed to write "CHAN 2
" to /dev/ttyUSB0: Bad file descriptor
14:29:52 | LOAD     [warning] Write attempt 1/3 failed for command "CHAN 2" to Load-load
14:29:52 | SERIAL   [error] Failed to write "CHAN 2
" to /dev/ttyUSB0: Bad file descriptor
14:29:52 | LOAD     [warning] Write attempt 2/3 failed for command "CHAN 2" to Load-load
14:29:52 | SERIAL   [error] Failed to write "CHAN 2
" to /dev/ttyUSB0: Bad file descriptor
14:29:52 | LOAD     [warning] Write attempt 3/3 failed for command "CHAN 2" to Load-load
14:29:52 | LOAD     [error] Failed to write command "CHAN 2" to Load-load after 3 attempts
14:29:52 | LOAD     [error] Failed to set channel at Load-load
14:29:52 | SERIAL   [error] Failed to write "MEAS:ALL?
" to /dev/ttyUSB1: Bad file descriptor
14:29:52 | SUPPLY   [warning] Write attempt 1/3 failed for command "MEAS:ALL?" to Supply-supply-1
14:29:52 | SERIAL   [error] Failed to write "MEAS:ALL?
" to /dev/ttyUSB1: Bad file descriptor
14:29:52 | SUPPLY   [warning] Write attempt 2/3 failed for command "MEAS:ALL?" to Supply-supply-1
14:29:52 | SERIAL   [error] Failed to write "MEAS:ALL?
" to /dev/ttyUSB1: Bad file descriptor
14:29:52 | SUPPLY   [warning] Write attempt 3/3 failed for command "MEAS:ALL?" to Supply-supply-1
14:29:52 | SUPPLY   [error] Failed to write command "MEAS:ALL?" to Supply-supply-1 after 3 attempts
14:29:52 | SUPPLY   [warning] Query write attempt 1/1 failed for "MEAS:ALL?" to Supply-supply-1
14:29:52 | SUPPLY   [error] Failed to query command "MEAS:ALL?" from Supply-supply-1 after 1 attempts
14:29:52 | SUPPLY   [error] Supply-supply-1 did not return any measurements
14:29:52 | SERIAL   [error] Failed to write "CHAN 1
" to /dev/ttyUSB0: Bad file descriptor
14:29:52 | LOAD     [warning] Write attempt 1/3 failed for command "CHAN 1" to Load-load
14:29:52 | SERIAL   [error] Failed to write "CHAN 1
" to /dev/ttyUSB0: Bad file descriptor
14:29:52 | LOAD     [warning] Write attempt 2/3 failed for command "CHAN 1" to Load-load
14:29:52 | SERIAL   [error] Failed to write "CHAN 1
" to /dev/ttyUSB0: Bad file descriptor
14:29:52 | LOAD     [warning] Write attempt 3/3 failed for command "CHAN 1" to Load-load
14:29:52 | LOAD     [error] Failed to write command "CHAN 1" to Load-load after 3 attempts
14:29:52 | LOAD     [error] Failed to set channel at Load-load
14:29:52 | SERIAL   [error] Failed to write "CHAN 1
" to /dev/ttyUSB0: Bad file descriptor
14:29:52 | LOAD     [warning] Write attempt 1/3 failed for command "CHAN 1" to Load-load
14:29:52 | SERIAL   [error] Failed to write "CHAN 1
" to /dev/ttyUSB0: Bad file descriptor
14:29:52 | LOAD     [warning] Write attempt 2/3 failed for command "CHAN 1" to Load-load
14:29:52 | SERIAL   [error] Failed to write "CHAN 1
" to /dev/ttyUSB0: Bad file descriptor
14:29:52 | LOAD     [warning] Write attempt 3/3 failed for command "CHAN 1" to Load-load
14:29:52 | LOAD     [error] Failed to write command "CHAN 1" to Load-load after 3 attempts
14:29:52 | LOAD     [error] Failed to set channel at Load-load
14:29:52 | SERIAL   [error] Failed to write "CHAN 2
" to /dev/ttyUSB0: Bad file descriptor
14:29:52 | LOAD     [warning] Write attempt 1/3 failed for command "CHAN 2" to Load-load
14:29:52 | SERIAL   [error] Failed to write "CHAN 2
" to /dev/ttyUSB0: Bad file descriptor
14:29:52 | LOAD     [warning] Write attempt 2/3 failed for command "CHAN 2" to Load-load
14:29:52 | SERIAL   [error] Failed to write "CHAN 2
" to /dev/ttyUSB0: Bad file descriptor
14:29:52 | LOAD     [warning] Write attempt 3/3 failed for command "CHAN 2" to Load-load
14:29:52 | LOAD     [error] Failed to write command "CHAN 2" to Load-load after 3 attempts
14:29:52 | LOAD     [error] Failed to set channel at Load-load
14:29:52 | SERIAL   [error] Failed to write "CHAN 2
" to /dev/ttyUSB0: Bad file descriptor
14:29:52 | LOAD     [warning] Write attempt 1/3 failed for command "CHAN 2" to Load-load
14:29:52 | SERIAL   [error] Failed to write "CHAN 2
" to /dev/ttyUSB0: Bad file descriptor
14:29:52 | LOAD     [warning] Write attempt 2/3 failed for command "CHAN 2" to Load-load
14:29:52 | SERIAL   [error] Failed to write "CHAN 2
" to /dev/ttyUSB0: Bad file descriptor
14:29:52 | LOAD     [warning] Write attempt 3/3 failed for command "CHAN 2" to Load-load
14:29:52 | LOAD     [error] Failed to write command "CHAN 2" to Load-load after 3 attempts
14:29:52 | LOAD     [error] Failed to set channel at Load-load
14:29:52 | SERIAL   [error] Failed to write "OUTP?
" to /dev/ttyUSB1: Bad file descriptor
14:29:52 | SUPPLY   [warning] Write attempt 1/3 failed for command "OUTP?" to Supply-supply-1
14:29:52 | SERIAL   [error] Failed to write "OUTP?
" to /dev/ttyUSB1: Bad file descriptor
14:29:52 | SUPPLY   [warning] Write attempt 2/3 failed for command "OUTP?" to Supply-supply-1
14:29:52 | SERIAL   [error] Failed to write "OUTP?
" to /dev/ttyUSB1: Bad file descriptor
14:29:52 | SUPPLY   [warning] Write attempt 3/3 failed for command "OUTP?" to Supply-supply-1
14:29:52 | SUPPLY   [error] Failed to write command "OUTP?" to Supply-supply-1 after 3 attempts
14:29:52 | SUPPLY   [warning] Query write attempt 1/1 failed for "OUTP?" to Supply-supply-1
14:29:52 | SUPPLY   [error] Failed to query command "OUTP?" from Supply-supply-1 after 1 attempts
14:29:52 | SUPPLY   [error] Supply-supply-1 did not return a valid state
14:29:52 | SERIAL   [error] Failed to write "VOLT?
" to /dev/ttyUSB1: Bad file descriptor
14:29:52 | SUPPLY   [warning] Write attempt 1/3 failed for command "VOLT?" to Supply-supply-1
14:29:52 | SERIAL   [error] Failed to write "VOLT?
" to /dev/ttyUSB1: Bad file descriptor
14:29:52 | SUPPLY   [warning] Write attempt 2/3 failed for command "VOLT?" to Supply-supply-1
14:29:52 | SERIAL   [error] Failed to write "VOLT?
" to /dev/ttyUSB1: Bad file descriptor
14:29:52 | SUPPLY   [warning] Write attempt 3/3 failed for command "VOLT?" to Supply-supply-1
14:29:52 | SUPPLY   [error] Failed to write command "VOLT?" to Supply-supply-1 after 3 attempts
14:29:52 | SUPPLY   [warning] Query write attempt 1/1 failed for "VOLT?" to Supply-supply-1
14:29:52 | SUPPLY   [error] Failed to query command "VOLT?" from Supply-supply-1 after 1 attempts
14:29:52 | SUPPLY   [error] Supply-supply-1 did not return a set voltage
14:29:52 | SERIAL   [error] Failed to write "CURR?
" to /dev/ttyUSB1: Bad file descriptor
14:29:52 | SUPPLY   [warning] Write attempt 1/3 failed for command "CURR?" to Supply-supply-1
14:29:52 | SERIAL   [error] Failed to write "CURR?
" to /dev/ttyUSB1: Bad file descriptor
14:29:52 | SUPPLY   [warning] Write attempt 2/3 failed for command "CURR?" to Supply-supply-1
14:29:52 | SERIAL   [error] Failed to write "CURR?
" to /dev/ttyUSB1: Bad file descriptor
14:29:52 | SUPPLY   [warning] Write attempt 3/3 failed for command "CURR?" to Supply-supply-1
14:29:52 | SUPPLY   [error] Failed to write command "CURR?" to Supply-supply-1 after 3 attempts
14:29:52 | SUPPLY   [warning] Query write attempt 1/1 failed for "CURR?" to Supply-supply-1
14:29:52 | SUPPLY   [error] Failed to query command "CURR?" from Supply-supply-1 after 1 attempts
14:29:52 | SUPPLY   [error] Supply-supply-1 did not return a set current
14:29:52 | SUPPLY   [error] Supply-supply-1 failed to query current state
14:29:52 | SERIAL   [error] Failed to write "STATE?
" to /dev/ttyUSB2: Bad file descriptor
14:29:52 | MODULE   [warning] Write attempt 1/3 failed for command "STATE?" to Module-module-1
14:29:52 | SERIAL   [error] Failed to write "STATE?
" to /dev/ttyUSB2: Bad file descriptor
14:29:52 | MODULE   [warning] Write attempt 2/3 failed for command "STATE?" to Module-module-1
14:29:52 | SERIAL   [error] Failed to write "STATE?
" to /dev/ttyUSB2: Bad file descriptor
14:29:52 | MODULE   [warning] Write attempt 3/3 failed for command "STATE?" to Module-module-1
14:29:52 | MODULE   [error] Failed to write command "STATE?" to Module-module-1 after 3 attempts
14:29:52 | MODULE   [warning] Query write attempt 1/1 failed for "STATE?" to Module-module-1
14:29:52 | MODULE   [error] Failed to query command "STATE?" from Module-module-1 after 1 attempts
14:29:52 | MODULE   [error] Module-module-1 did not return a state
14:29:52 | SERIAL   [error] Failed to write "STATE CHARGE
" to /dev/ttyUSB2: Bad file descriptor
14:29:52 | MODULE   [warning] Write attempt 1/3 failed for command "STATE CHARGE" to Module-module-1
14:29:52 | SERIAL   [error] Failed to write "STATE CHARGE
" to /dev/ttyUSB2: Bad file descriptor
14:29:52 | MODULE   [warning] Write attempt 2/3 failed for command "STATE CHARGE" to Module-module-1
14:29:52 | SERIAL   [error] Failed to write "STATE CHARGE
" to /dev/ttyUSB2: Bad file descriptor
14:29:52 | MODULE   [warning] Write attempt 3/3 failed for command "STATE CHARGE" to Module-module-1
14:29:52 | MODULE   [error] Failed to write command "STATE CHARGE" to Module-module-1 after 3 attempts
14:29:52 | MODULE   [error] Module-module-1 cannot be set to charging
14:29:52 | SERIAL   [error] Failed to write "CHAN 2
" to /dev/ttyUSB0: Bad file descriptor
14:29:52 | LOAD     [warning] Write attempt 1/3 failed for command "CHAN 2" to Load-load
14:29:52 | SERIAL   [error] Failed to write "CHAN 2
" to /dev/ttyUSB0: Bad file descriptor
14:29:52 | LOAD     [warning] Write attempt 2/3 failed for command "CHAN 2" to Load-load
14:29:52 | SERIAL   [error] Failed to write "CHAN 2
" to /dev/ttyUSB0: Bad file descriptor
14:29:52 | LOAD     [warning] Write attempt 3/3 failed for command "CHAN 2" to Load-load
14:29:52 | LOAD     [error] Failed to write command "CHAN 2" to Load-load after 3 attempts
14:29:52 | LOAD     [error] Failed to set channel at Load-load
14:29:52 | SERIAL   [error] Failed to write "MEAS:ALL?
" to /dev/ttyUSB1: Bad file descriptor
14:29:52 | SUPPLY   [warning] Write attempt 1/3 failed for command "MEAS:ALL?" to Supply-supply-1
14:29:52 | SERIAL   [error] Failed to write "MEAS:ALL?
" to /dev/ttyUSB1: Bad file descriptor
14:29:52 | SUPPLY   [warning] Write attempt 2/3 failed for command "MEAS:ALL?" to Supply-supply-1
14:29:52 | SERIAL   [error] Failed to write "MEAS:ALL?
" to /dev/ttyUSB1: Bad file descriptor
14:29:52 | SUPPLY   [warning] Write attempt 3/3 failed for command "MEAS:ALL?" to Supply-supply-1
14:29:52 | SUPPLY   [error] Failed to write command "MEAS:ALL?" to Supply-supply-1 after 3 attempts
14:29:52 | SUPPLY   [warning] Query write attempt 1/1 failed for "MEAS:ALL?" to Supply-supply-1
14:29:52 | SUPPLY   [error] Failed to query command "MEAS:ALL?" from Supply-supply-1 after 1 attempts
14:29:52 | SUPPLY   [error] Supply-supply-1 did not return any measurements
14:29:52 | SERIAL   [error] Failed to write "CHAN 1
" to /dev/ttyUSB0: Bad file descriptor
14:29:52 | LOAD     [warning] Write attempt 1/3 failed for command "CHAN 1" to Load-load
14:29:52 | SERIAL   [error] Failed to write "CHAN 1
" to /dev/ttyUSB0: Bad file descriptor
14:29:52 | LOAD     [warning] Write attempt 2/3 failed for command "CHAN 1" to Load-load
14:29:52 | SERIAL   [error] Failed to write "CHAN 1
" to /dev/ttyUSB0: Bad file descriptor
14:29:52 | LOAD     [warning] Write attempt 3/3 failed for command "CHAN 1" to Load-load
14:29:52 | LOAD     [error] Failed to write command "CHAN 1" to Load-load after 3 attempts
14:29:52 | LOAD     [error] Failed to set channel at Load-load
14:29:52 | SERIAL   [error] Failed to write "CHAN 1
" to /dev/ttyUSB0: Bad file descriptor
14:29:52 | LOAD     [warning] Write attempt 1/3 failed for command "CHAN 1" to Load-load
14:29:52 | SERIAL   [error] Failed to write "CHAN 1
" to /dev/ttyUSB0: Bad file descriptor
14:29:52 | LOAD     [warning] Write attempt 2/3 failed for command "CHAN 1" to Load-load
14:29:52 | SERIAL   [error] Failed to write "CHAN 1
" to /dev/ttyUSB0: Bad file descriptor
14:29:52 | LOAD     [warning] Write attempt 3/3 failed for command "CHAN 1" to Load-load
14:29:52 | LOAD     [error] Failed to write command "CHAN 1" to Load-load after 3 attempts
14:29:52 | LOAD     [error] Failed to set channel at Load-load
14:29:52 | SERIAL   [error] Failed to write "CHAN 2
" to /dev/ttyUSB0: Bad file descriptor
14:29:52 | LOAD     [warning] Write attempt 1/3 failed for command "CHAN 2" to Load-load
14:29:52 | SERIAL   [error] Failed to write "CHAN 2
" to /dev/ttyUSB0: Bad file descriptor
14:29:52 | LOAD     [warning] Write attempt 2/3 failed for command "CHAN 2" to Load-load
14:29:52 | SERIAL   [error] Failed to write "CHAN 2
" to /dev/ttyUSB0: Bad file descriptor
14:29:52 | LOAD     [warning] Write attempt 3/3 failed for command "CHAN 2" to Load-load
14:29:52 | LOAD     [error] Failed to write command "CHAN 2" to Load-load after 3 attempts
14:29:52 | LOAD     [error] Failed to set channel at Load-load
14:29:52 | SERIAL   [error] Failed to write "CHAN 2
" to /dev/ttyUSB0: Bad file descriptor
14:29:52 | LOAD     [warning] Write attempt 1/3 failed for command "CHAN 2" to Load-load
14:29:52 | SERIAL   [error] Failed to write "CHAN 2
" to /dev/ttyUSB0: Bad file descriptor
14:29:52 | LOAD     [warning] Write attempt 2/3 failed for command "CHAN 2" to Load-load
14:29:52 | SERIAL   [error] Failed to write "CHAN 2
" to /dev/ttyUSB0: Bad file descriptor
14:29:52 | LOAD     [warning] Write attempt 3/3 failed for command "CHAN 2" to Load-load
14:29:52 | LOAD     [error] Failed to write command "CHAN 2" to Load-load after 3 attempts
14:29:52 | LOAD     [error] Failed to set channel at Load-load
14:29:52 | SERIAL   [error] Failed to write "OUTP?
" to /dev/ttyUSB1: Bad file descriptor
14:29:52 | SUPPLY   [warning] Write attempt 1/3 failed for command "OUTP?" to Supply-supply-1
14:29:52 | SERIAL   [error] Failed to write "OUTP?
" to /dev/ttyUSB1: Bad file descriptor
14:29:52 | SUPPLY   [warning] Write attempt 2/3 failed for command "OUTP?" to Supply-supply-1
14:29:52 | SERIAL   [error] Failed to write "OUTP?
" to /dev/ttyUSB1: Bad file descriptor
14:29:52 | SUPPLY   [warning] Write attempt 3/3 failed for command "OUTP?" to Supply-supply-1
14:29:52 | SUPPLY   [error] Failed to write command "OUTP?" to Supply-supply-1 after 3 attempts
14:29:52 | SUPPLY   [warning] Query write attempt 1/1 failed for "OUTP?" to Supply-supply-1
14:29:52 | SUPPLY   [error] Failed to query command "OUTP?" from Supply-supply-1 after 1 attempts
14:29:52 | SUPPLY   [error] Supply-supply-1 did not return a valid state
14:29:52 | SERIAL   [error] Failed to write "VOLT?
" to /dev/ttyUSB1: Bad file descriptor
14:29:52 | SUPPLY   [warning] Write attempt 1/3 failed for command "VOLT?" to Supply-supply-1
14:29:52 | SERIAL   [error] Failed to write "VOLT?
" to /dev/ttyUSB1: Bad file descriptor
14:29:52 | SUPPLY   [warning] Write attempt 2/3 failed for command "VOLT?" to Supply-supply-1
14:29:52 | SERIAL   [error] Failed to write "VOLT?
" to /dev/ttyUSB1: Bad file descriptor
14:29:52 | SUPPLY   [warning] Write attempt 3/3 failed for command "VOLT?" to Supply-supply-1
14:29:52 | SUPPLY   [error] Failed to write command "VOLT?" to Supply-supply-1 after 3 attempts
14:29:52 | SUPPLY   [warning] Query write attempt 1/1 failed for "VOLT?" to Supply-supply-1
14:29:52 | SUPPLY   [error] Failed to query command "VOLT?" from Supply-supply-1 after 1 attempts
14:29:52 | SUPPLY   [error] Supply-supply-1 did not return a set voltage
14:29:52 | SERIAL   [error] Failed to write "CURR?
" to /dev/ttyUSB1: Bad file descriptor
14:29:52 | SUPPLY   [warning] Write attempt 1/3 failed for command "CURR?" to Supply-supply-1
14:29:52 | SERIAL   [error] Failed to write "CURR?
" to /dev/ttyUSB1: Bad file descriptor
14:29:52 | SUPPLY   [warning] Write attempt 2/3 failed for command "CURR?" to Supply-supply-1
14:29:52 | SERIAL   [error] Failed to write "CURR?
" to /dev/ttyUSB1: Bad file descriptor
14:29:52 | SUPPLY   [warning] Write attempt 3/3 failed for command "CURR?" to Supply-supply-1
14:29:52 | SUPPLY   [error] Failed to write command "CURR?" to Supply-supply-1 after 3 attempts
14:29:52 | SUPPLY   [warning] Query write attempt 1/1 failed for "CURR?" to Supply-supply-1
14:29:52 | SUPPLY   [error] Failed to query command "CURR?" from Supply-supply-1 after 1 attempts
14:29:52 | SUPPLY   [error] Supply-supply-1 did not return a set current
14:29:52 | SUPPLY   [error] Supply-supply-1 failed to query current state
14:29:52 | SERIAL   [error] Failed to write "STATE?
" to /dev/ttyUSB2: Bad file descriptor
14:29:52 | MODULE   [warning] Write attempt 1/3 failed for command "STATE?" to Module-module-1
14:29:52 | SERIAL   [error] Failed to write "STATE?
" to /dev/ttyUSB2: Bad file descriptor
14:29:52 | MODULE   [warning] Write attempt 2/3 failed for command "STATE?" to Module-module-1
14:29:52 | SERIAL   [error] Failed to write "STATE?
" to /dev/ttyUSB2: Bad file descriptor
14:29:52 | MODULE   [warning] Write attempt 3/3 failed for command "STATE?" to Module-module-1
14:29:52 | MODULE   [error] Failed to write command "STATE?" to Module-module-1 after 3 attempts
14:29:52 | MODULE   [warning] Query write attempt 1/1 failed for "STATE?" to Module-module-1
14:29:52 | MODULE   [error] Failed to query command "STATE?" from Module-module-1 after 1 attempts
14:29:52 | MODULE   [error] Module-module-1 did not return a state
14:29:52 | SERIAL   [error] Failed to write "STATE CHARGE
" to /dev/ttyUSB2: Bad file descriptor
14:29:52 | MODULE   [warning] Write attempt 1/3 failed for command "STATE CHARGE" to Module-module-1
14:29:52 | SERIAL   [error] Failed to write "STATE CHARGE
" to /dev/ttyUSB2: Bad file descriptor
14:29:52 | MODULE   [warning] Write attempt 2/3 failed for command "STATE CHARGE" to Module-module-1
14:29:52 | SERIAL   [error] Failed to write "STATE CHARGE
" to /dev/ttyUSB2: Bad file descriptor
14:29:52 | MODULE   [warning] Write attempt 3/3 failed for command "STATE CHARGE" to Module-module-1
14:29:52 | MODULE   [error] Failed to write command "STATE CHARGE" to Module-module-1 after 3 attempts
14:29:52 | MODULE   [error] Module-module-1 cannot be set to charging
14:29:52 | SERIAL   [error] Failed to write "CHAN 2
" to /dev/ttyUSB0: Bad file descriptor
14:29:52 | LOAD     [warning] Write attempt 1/3 failed for command "CHAN 2" to Load-load
14:29:52 | SERIAL   [error] Failed to write "CHAN 2
" to /dev/ttyUSB0: Bad file descriptor
14:29:52 | LOAD     [warning] Write attempt 2/3 failed for command "CHAN 2" to Load-load
14:29:52 | SERIAL   [error] Failed to write "CHAN 2
" to /dev/ttyUSB0: Bad file descriptor
14:29:52 | LOAD     [warning] Write attempt 3/3 failed for command "CHAN 2" to Load-load
14:29:52 | LOAD     [error] Failed to write command "CHAN 2" to Load-load after 3 attempts
14:29:52 | LOAD     [error] Failed to set channel at Load-load
14:29:52 | SERIAL   [error] Failed to write "MEAS:ALL?
" to /dev/ttyUSB1: Bad file descriptor
14:29:52 | SUPPLY   [warning] Write attempt 1/3 failed for command "MEAS:ALL?" to Supply-supply-1
14:29:52 | SERIAL   [error] Failed to write "MEAS:ALL?
" to /dev/ttyUSB1: Bad file descriptor
14:29:52 | SUPPLY   [warning] Write attempt 2/3 failed for command "MEAS:ALL?" to Supply-supply-1
14:29:52 | SERIAL   [error] Failed to write "MEAS:ALL?
" to /dev/ttyUSB1: Bad file descriptor
14:29:52 | SUPPLY   [warning] Write attempt 3/3 failed for command "MEAS:ALL?" to Supply-supply-1
14:29:52 | SUPPLY   [error] Failed to write command "MEAS:ALL?" to Supply-supply-1 after 3 attempts
14:29:52 | SUPPLY   [warning] Query write attempt 1/1 failed for "MEAS:ALL?" to Supply-supply-1
14:29:52 | SUPPLY   [error] Failed to query command "MEAS:ALL?" from Supply-supply-1 after 1 attempts
14:29:52 | SUPPLY   [error] Supply-supply-1 did not return any measurements
14:29:52 | SERIAL   [error] Failed to write "CHAN 1
" to /dev/ttyUSB0: Bad file descriptor
14:29:52 | LOAD     [warning] Write attempt 1/3 failed for command "CHAN 1" to Load-load
14:29:52 | SERIAL   [error] Failed to write "CHAN 1
" to /dev/ttyUSB0: Bad file descriptor
14:29:52 | LOAD     [warning] Write attempt 2/3 failed for command "CHAN 1" to Load-load
14:29:52 | SERIAL   [error] Failed to write "CHAN 1
" to /dev/ttyUSB0: Bad file descriptor
14:29:52 | LOAD     [warning] Write attempt 3/3 failed for command "CHAN 1" to Load-load
14:29:52 | LOAD     [error] Failed to write command "CHAN 1" to Load-load after 3 attempts
14:29:52 | LOAD     [error] Failed to set channel at Load-load
14:29:52 | SERIAL   [error] Failed to write "CHAN 1
" to /dev/ttyUSB0: Bad file descriptor
14:29:52 | LOAD     [warning] Write attempt 1/3 failed for command "CHAN 1" to Load-load
14:29:52 | SERIAL   [error] Failed to write "CHAN 1
" to /dev/ttyUSB0: Bad file descriptor
14:29:52 | LOAD     [warning] Write attempt 2/3 failed for command "CHAN 1" to Load-load
14:29:52 | SERIAL   [error] Failed to write "CHAN 1
" to /dev/ttyUSB0: Bad file descriptor
14:29:52 | LOAD     [warning] Write attempt 3/3 failed for command "CHAN 1" to Load-load
14:29:52 | LOAD     [error] Failed to write command "CHAN 1" to Load-load after 3 attempts
14:29:52 | LOAD     [error] Failed to set channel at Load-load
14:29:52 | SERIAL   [error] Failed to write "CHAN 2
" to /dev/ttyUSB0: Bad file descriptor
14:29:52 | LOAD     [warning] Write attempt 1/3 failed for command "CHAN 2" to Load-load
14:29:52 | SERIAL   [error] Failed to write "CHAN 2
" to /dev/ttyUSB0: Bad file descriptor
14:29:52 | LOAD     [warning] Write attempt 2/3 failed for command "CHAN 2" to Load-load
14:29:52 | SERIAL   [error] Failed to write "CHAN 2
" to /dev/ttyUSB0: Bad file descriptor
14:29:52 | LOAD     [warning] Write attempt 3/3 failed for command "CHAN 2" to Load-load
14:29:52 | LOAD     [error] Failed to write command "CHAN 2" to Load-load after 3 attempts
14:29:52 | LOAD     [error] Failed to set channel at Load-load
14:29:52 | SERIAL   [error] Failed to write "CHAN 2
" to /dev/ttyUSB0: Bad file descriptor
14:29:52 | LOAD     [warning] Write attempt 1/3 failed for command "CHAN 2" to Load-load
14:29:52 | SERIAL   [error] Failed to write "CHAN 2
" to /dev/ttyUSB0: Bad file descriptor
14:29:52 | LOAD     [warning] Write attempt 2/3 failed for command "CHAN 2" to Load-load
14:29:52 | SERIAL   [error] Failed to write "CHAN 2
" to /dev/ttyUSB0: Bad file descriptor
14:29:52 | LOAD     [warning] Write attempt 3/3 failed for command "CHAN 2" to Load-load
14:29:52 | LOAD     [error] Failed to write command "CHAN 2" to Load-load after 3 attempts
14:29:52 | LOAD     [error] Failed to set channel at Load-load
14:29:52 | SERIAL   [error] Failed to write "OUTP?
" to /dev/ttyUSB1: Bad file descriptor
14:29:52 | SUPPLY   [warning] Write attempt 1/3 failed for command "OUTP?" to Supply-supply-1
14:29:52 | SERIAL   [error] Failed to write "OUTP?
" to /dev/ttyUSB1: Bad file descriptor
14:29:52 | SUPPLY   [warning] Write attempt 2/3 failed for command "OUTP?" to Supply-supply-1
14:29:52 | SERIAL   [error] Failed to write "OUTP?
" to /dev/ttyUSB1: Bad file descriptor
14:29:52 | SUPPLY   [warning] Write attempt 3/3 failed for command "OUTP?" to Supply-supply-1
14:29:52 | SUPPLY   [error] Failed to write command "OUTP?" to Supply-supply-1 after 3 attempts
14:29:52 | SUPPLY   [warning] Query write attempt 1/1 failed for "OUTP?" to Supply-supply-1
14:29:52 | SUPPLY   [error] Failed to query command "OUTP?" from Supply-supply-1 after 1 attempts
14:29:52 | SUPPLY   [error] Supply-supply-1 did not return a valid state
14:29:52 | SERIAL   [error] Failed to write "VOLT?
" to /dev/ttyUSB1: Bad file descriptor
14:29:52 | SUPPLY   [warning] Write attempt 1/3 failed for command "VOLT?" to Supply-supply-1
14:29:52 | SERIAL   [error] Failed to write "VOLT?
" to /dev/ttyUSB1: Bad file descriptor
14:29:52 | SUPPLY   [warning] Write attempt 2/3 failed for command "VOLT?" to Supply-supply-1
14:29:52 | SERIAL   [error] Failed to write "VOLT?
" to /dev/ttyUSB1: Bad file descriptor
14:29:52 | SUPPLY   [warning] Write attempt 3/3 failed for command "VOLT?" to Supply-supply-1
14:29:52 | SUPPLY   [error] Failed to write command "VOLT?" to Supply-supply-1 after 3 attempts
14:29:52 | SUPPLY   [warning] Query write attempt 1/1 failed for "VOLT?" to Supply-supply-1
14:29:52 | SUPPLY   [error] Failed to query command "VOLT?" from Supply-supply-1 after 1 attempts
14:29:52 | SUPPLY   [error] Supply-supply-1 did not return a set voltage
14:29:52 | SERIAL   [error] Failed to write "CURR?
" to /dev/ttyUSB1: Bad file descriptor
14:29:52 | SUPPLY   [warning] Write attempt 1/3 failed for command "CURR?" to Supply-supply-1
14:29:52 | SERIAL   [error] Failed to write "CURR?
" to /dev/ttyUSB1: Bad file descriptor
14:29:52 | SUPPLY   [warning] Write attempt 2/3 failed for command "CURR?" to Supply-supply-1
14:29:52 | SERIAL   [error] Failed to write "CURR?
" to /dev/ttyUSB1: Bad file descriptor
14:29:52 | SUPPLY   [warning] Write attempt 3/3 failed for command "CURR?" to Supply-supply-1
14:29:52 | SUPPLY   [error] Failed to write command "CURR?" to Supply-supply-1 after 3 attempts
14:29:52 | SUPPLY   [warning] Query write attempt 1/1 failed for "CURR?" to Supply-supply-1
14:29:52 | SUPPLY   [error] Failed to query command "CURR?" from Supply-supply-1 after 1 attempts
14:29:52 | SUPPLY   [error] Supply-supply-1 did not return a set current
14:29:52 | SUPPLY   [error] Supply-supply-1 failed to query current state
14:29:52 | SERIAL   [error] Failed to write "STATE?
" to /dev/ttyUSB2: Bad file descriptor
14:29:52 | MODULE   [warning] Write attempt 1/3 failed for command "STATE?" to Module-module-1
14:29:52 | SERIAL   [error] Failed to write "STATE?
" to /dev/ttyUSB2: Bad file descriptor
14:29:52 | MODULE   [warning] Write attempt 2/3 failed for command "STATE?" to Module-module-1
14:29:52 | SERIAL   [error] Failed to write "STATE?
" to /dev/ttyUSB2: Bad file descriptor
14:29:52 | MODULE   [warning] Write attempt 3/3 failed for command "STATE?" to Module-module-1
14:29:52 | MODULE   [error] Failed to write command "STATE?" to Module-module-1 after 3 attempts
14:29:52 | MODULE   [warning] Query write attempt 1/1 failed for "STATE?" to Module-module-1
14:29:52 | MODULE   [error] Failed to query command "STATE?" from Module-module-1 after 1 attempts
14:29:52 | MODULE   [error] Module-module-1 did not return a state
14:29:52 | SERIAL   [error] Failed to write "STATE CHARGE
" to /dev/ttyUSB2: Bad file descriptor
14:29:52 | MODULE   [warning] Write attempt 1/3 failed for command "STATE CHARGE" to Module-module-1
14:29:52 | SERIAL   [error] Failed to write "STATE CHARGE
" to /dev/ttyUSB2: Bad file descriptor
14:29:52 | MODULE   [warning] Write attempt 2/3 failed for command "STATE CHARGE" to Module-module-1
14:29:52 | SERIAL   [error] Failed to write "STATE CHARGE
" to /dev/ttyUSB2: Bad file descriptor
14:29:52 | MODULE   [warning] Write attempt 3/3 failed for command "STATE CHARGE" to Module-module-1
14:29:52 | MODULE   [error] Failed to write command "STATE CHARGE" to Module-module-1 after 3 attempts
14:29:52 | MODULE   [error] Module-module-1 cannot be set to charging
14:29:52 | SERIAL   [error] Failed to write "CHAN 2
" to /dev/ttyUSB0: Bad file descriptor
14:29:52 | LOAD     [warning] Write attempt 1/3 failed for command "CHAN 2" to Load-load
14:29:52 | SERIAL   [error] Failed to write "CHAN 2
" to /dev/ttyUSB0: Bad file descriptor
14:29:52 | LOAD     [warning] Write attempt 2/3 failed for command "CHAN 2" to Load-load
14:29:52 | SERIAL   [error] Failed to write "CHAN 2
" to /dev/ttyUSB0: Bad file descriptor
14:29:52 | LOAD     [warning] Write attempt 3/3 failed for command "CHAN 2" to Load-load
14:29:52 | LOAD     [error] Failed to write command "CHAN 2" to Load-load after 3 attempts
14:29:52 | LOAD     [error] Failed to set channel at Load-load
14:29:52 | SERIAL   [error] Failed to write "MEAS:ALL?
" to /dev/ttyUSB1: Bad file descriptor
14:29:52 | SUPPLY   [warning] Write attempt 1/3 failed for command "MEAS:ALL?" to Supply-supply-1
14:29:52 | SERIAL   [error] Failed to write "MEAS:ALL?
" to /dev/ttyUSB1: Bad file descriptor
14:29:52 | SUPPLY   [warning] Write attempt 2/3 failed for command "MEAS:ALL?" to Supply-supply-1
14:29:52 | SERIAL   [error] Failed to write "MEAS:ALL?
" to /dev/ttyUSB1: Bad file descriptor
14:29:52 | SUPPLY   [warning] Write attempt 3/3 failed for command "MEAS:ALL?" to Supply-supply-1
14:29:52 | SUPPLY   [error] Failed to write command "MEAS:ALL?" to Supply-supply-1 after 3 attempts
14:29:52 | SUPPLY   [warning] Query write attempt 1/1 failed for "MEAS:ALL?" to Supply-supply-1
14:29:52 | SUPPLY   [error] Failed to query command "MEAS:ALL?" from Supply-supply-1 after 1 attempts
14:29:52 | SUPPLY   [error] Supply-supply-1 did not return any measurements
14:29:52 | SERIAL   [error] Failed to write "CHAN 1
" to /dev/ttyUSB0: Bad file descriptor
14:29:52 | LOAD     [warning] Write attempt 1/3 failed for command "CHAN 1" to Load-load
14:29:52 | SERIAL   [error] Failed to write "CHAN 1
" to /dev/ttyUSB0: Bad file descriptor
14:29:52 | LOAD     [warning] Write attempt 2/3 failed for command "CHAN 1" to Load-load
14:29:52 | SERIAL   [error] Failed to write "CHAN 1
" to /dev/ttyUSB0: Bad file descriptor
14:29:52 | LOAD     [warning] Write attempt 3/3 failed for command "CHAN 1" to Load-load
14:29:52 | LOAD     [error] Failed to write command "CHAN 1" to Load-load after 3 attempts
14:29:52 | LOAD     [error] Failed to set channel at Load-load
14:29:52 | SERIAL   [error] Failed to write "CHAN 1
" to /dev/ttyUSB0: Bad file descriptor
14:29:52 | LOAD     [warning] Write attempt 1/3 failed for command "CHAN 1" to Load-load
14:29:52 | SERIAL   [error] Failed to write "CHAN 1
" to /dev/ttyUSB0: Bad file descriptor
14:29:52 | LOAD     [warning] Write attempt 2/3 failed for command "CHAN 1" to Load-load
14:29:52 | SERIAL   [error] Failed to write "CHAN 1
" to /dev/ttyUSB0: Bad file descriptor
14:29:52 | LOAD     [warning] Write attempt 3/3 failed for command "CHAN 1" to Load-load
14:29:52 | LOAD     [error] Failed to write command "CHAN 1" to Load-load after 3 attempts
14:29:52 | LOAD     [error] Failed to set channel at Load-load
14:29:52 | SERIAL   [error] Failed to write "CHAN 2
" to /dev/ttyUSB0: Bad file descriptor
14:29:52 | LOAD     [warning] Write attempt 1/3 failed for command "CHAN 2" to Load-load
14:29:52 | SERIAL   [error] Failed to write "CHAN 2
" to /dev/ttyUSB0: Bad file descriptor
14:29:52 | LOAD     [warning] Write attempt 2/3 failed for command "CHAN 2" to Load-load
14:29:52 | SERIAL   [error] Failed to write "CHAN 2
" to /dev/ttyUSB0: Bad file descriptor
14:29:52 | LOAD     [warning] Write attempt 3/3 failed for command "CHAN 2" to Load-load
14:29:52 | LOAD     [error] Failed to write command "CHAN 2" to Load-load after 3 attempts
14:29:52 | LOAD     [error] Failed to set channel at Load-load
14:29:52 | SERIAL   [error] Failed to write "CHAN 2
" to /dev/ttyUSB0: Bad file descriptor
14:29:52 | LOAD     [warning] Write attempt 1/3 failed for command "CHAN 2" to Load-load
14:29:52 | SERIAL   [error] Failed to write "CHAN 2
" to /dev/ttyUSB0: Bad file descriptor
14:29:52 | LOAD     [warning] Write attempt 2/3 failed for command "CHAN 2" to Load-load
14:29:52 | SERIAL   [error] Failed to write "CHAN 2
" to /dev/ttyUSB0: Bad file descriptor
14:29:52 | LOAD     [warning] Write attempt 3/3 failed for command "CHAN 2" to Load-load
14:29:52 | LOAD     [error] Failed to write command "CHAN 2" to Load-load after 3 attempts
14:29:52 | LOAD     [error] Failed to set channel at Load-load
14:29:52 | SERIAL   [error] Failed to write "OUTP?
" to /dev/ttyUSB1: Bad file descriptor
14:29:52 | SUPPLY   [warning] Write attempt 1/3 failed for command "OUTP?" to Supply-supply-1
14:29:52 | SERIAL   [error] Failed to write "OUTP?
" to /dev/ttyUSB1: Bad file descriptor
14:29:52 | SUPPLY   [warning] Write attempt 2/3 failed for command "OUTP?" to Supply-supply-1
14:29:52 | SERIAL   [error] Failed to write "OUTP?
" to /dev/ttyUSB1: Bad file descriptor
14:29:52 | SUPPLY   [warning] Write attempt 3/3 failed for command "OUTP?" to Supply-supply-1
14:29:52 | SUPPLY   [error] Failed to write command "OUTP?" to Supply-supply-1 after 3 attempts
14:29:52 | SUPPLY   [warning] Query write attempt 1/1 failed for "OUTP?" to Supply-supply-1
14:29:52 | SUPPLY   [error] Failed to query command "OUTP?" from Supply-supply-1 after 1 attempts
14:29:52 | SUPPLY   [error] Supply-supply-1 did not return a valid state
14:29:52 | SERIAL   [error] Failed to write "VOLT?
" to /dev/ttyUSB1: Bad file descriptor
14:29:52 | SUPPLY   [warning] Write attempt 1/3 failed for command "VOLT?" to Supply-supply-1
14:29:52 | SERIAL   [error] Failed to write "VOLT?
" to /dev/ttyUSB1: Bad file descriptor
14:29:52 | SUPPLY   [warning] Write attempt 2/3 failed for command "VOLT?" to Supply-supply-1
14:29:52 | SERIAL   [error] Failed to write "VOLT?
" to /dev/ttyUSB1: Bad file descriptor
14:29:52 | SUPPLY   [warning] Write attempt 3/3 failed for command "VOLT?" to Supply-supply-1
14:29:52 | SUPPLY   [error] Failed to write command "VOLT?" to Supply-supply-1 after 3 attempts
14:29:52 | SUPPLY   [warning] Query write attempt 1/1 failed for "VOLT?" to Supply-supply-1
14:29:52 | SUPPLY   [error] Failed to query command "VOLT?" from Supply-supply-1 after 1 attempts
14:29:52 | SUPPLY   [error] Supply-supply-1 did not return a set voltage
14:29:52 | SERIAL   [error] Failed to write "CURR?
" to /dev/ttyUSB1: Bad file descriptor
14:29:52 | SUPPLY   [warning] Write attempt 1/3 failed for command "CURR?" to Supply-supply-1
14:29:52 | SERIAL   [error] Failed to write "CURR?
" to /dev/ttyUSB1: Bad file descriptor
14:29:52 | SUPPLY   [warning] Write attempt 2/3 failed for command "CURR?" to Supply-supply-1
14:29:52 | SERIAL   [error] Failed to write "CURR?
" to /dev/ttyUSB1: Bad file descriptor
14:29:52 | SUPPLY   [warning] Write attempt 3/3 failed for command "CURR?" to Supply-supply-1
14:29:52 | SUPPLY   [error] Failed to write command "CURR?" to Supply-supply-1 after 3 attempts
14:29:52 | SUPPLY   [warning] Query write attempt 1/1 failed for "CURR?" to Supply-supply-1
14:29:52 | SUPPLY   [error] Failed to query command "CURR?" from Supply-supply-1 after 1 attempts
14:29:52 | SUPPLY   [error] Supply-supply-1 did not return a set current
14:29:52 | SUPPLY   [error] Supply-supply-1 failed to query current state
14:29:52 | SERIAL   [error] Failed to write "STATE?
" to /dev/ttyUSB2: Bad file descriptor
14:29:52 | MODULE   [warning] Write attempt 1/3 failed for command "STATE?" to Module-module-1
14:29:52 | SERIAL   [error] Failed to write "STATE?
" to /dev/ttyUSB2: Bad file descriptor
14:29:52 | MODULE   [warning] Write attempt 2/3 failed for command "STATE?" to Module-module-1
14:29:52 | SERIAL   [error] Failed to write "STATE?
" to /dev/ttyUSB2: Bad file descriptor
14:29:52 | MODULE   [warning] Write attempt 3/3 failed for command "STATE?" to Module-module-1
14:29:52 | MODULE   [error] Failed to write command "STATE?" to Module-module-1 after 3 attempts
14:29:52 | MODULE   [warning] Query write attempt 1/1 failed for "STATE?" to Module-module-1
14:29:52 | MODULE   [error] Failed to query command "STATE?" from Module-module-1 after 1 attempts
14:29:52 | MODULE   [error] Module-module-1 did not return a state
14:29:52 | SERIAL   [error] Failed to write "STATE CHARGE
" to /dev/ttyUSB2: Bad file descriptor
14:29:52 | MODULE   [warning] Write attempt 1/3 failed for command "STATE CHARGE" to Module-module-1
14:29:52 | SERIAL   [error] Failed to write "STATE CHARGE
" to /dev/ttyUSB2: Bad file descriptor
14:29:52 | MODULE   [warning] Write attempt 2/3 failed for command "STATE CHARGE" to Module-module-1
14:29:52 | SERIAL   [error] Failed to write "STATE CHARGE
" to /dev/ttyUSB2: Bad file descriptor
14:29:52 | MODULE   [warning] Write attempt 3/3 failed for command "STATE CHARGE" to Module-module-1
14:29:52 | MODULE   [error] Failed to write command "STATE CHARGE" to Module-module-1 after 3 attempts
14:29:52 | MODULE   [error] Module-module-1 cannot be set to charging
14:29:52 | SERIAL   [error] Failed to write "CHAN 2
" to /dev/ttyUSB0: Bad file descriptor
14:29:52 | LOAD     [warning] Write attempt 1/3 failed for command "CHAN 2" to Load-load
14:29:52 | SERIAL   [error] Failed to write "CHAN 2
" to /dev/ttyUSB0: Bad file descriptor
14:29:52 | LOAD     [warning] Write attempt 2/3 failed for command "CHAN 2" to Load-load
14:29:52 | SERIAL   [error] Failed to write "CHAN 2
" to /dev/ttyUSB0: Bad file descriptor
14:29:52 | LOAD     [warning] Write attempt 3/3 failed for command "CHAN 2" to Load-load
14:29:52 | LOAD     [error] Failed to write command "CHAN 2" to Load-load after 3 attempts
14:29:52 | LOAD     [error] Failed to set channel at Load-load
14:29:52 | SERIAL   [error] Failed to write "MEAS:ALL?
" to /dev/ttyUSB1: Bad file descriptor
14:29:52 | SUPPLY   [warning] Write attempt 1/3 failed for command "MEAS:ALL?" to Supply-supply-1
14:29:52 | SERIAL   [error] Failed to write "MEAS:ALL?
" to /dev/ttyUSB1: Bad file descriptor
14:29:52 | SUPPLY   [warning] Write attempt 2/3 failed for command "MEAS:ALL?" to Supply-supply-1
14:29:52 | SERIAL   [error] Failed to write "MEAS:ALL?
" to /dev/ttyUSB1: Bad file descriptor
14:29:52 | SUPPLY   [warning] Write attempt 3/3 failed for command "MEAS:ALL?" to Supply-supply-1
14:29:52 | SUPPLY   [error] Failed to write command "MEAS:ALL?" to Supply-supply-1 after 3 attempts
14:29:52 | SUPPLY   [warning] Query write attempt 1/1 failed for "MEAS:ALL?" to Supply-supply-1
14:29:52 | SUPPLY   [error] Failed to query command "MEAS:ALL?" from Supply-supply-1 after 1 attempts
14:29:52 | SUPPLY   [error] Supply-supply-1 did not return any measurements
14:29:52 | SERIAL   [error] Failed to write "CHAN 1
" to /dev/ttyUSB0: Bad file descriptor
14:29:52 | LOAD     [warning] Write attempt 1/3 failed for command "CHAN 1" to Load-load
14:29:52 | SERIAL   [error] Failed to write "CHAN 1
" to /dev/ttyUSB0: Bad file descriptor
14:29:52 | LOAD     [warning] Write attempt 2/3 failed for command "CHAN 1" to Load-load
14:29:52 | SERIAL   [error] Failed to write "CHAN 1
" to /dev/ttyUSB0: Bad file descriptor
14:29:52 | LOAD     [warning] Write attempt 3/3 failed for command "CHAN 1" to Load-load
14:29:52 | LOAD     [error] Failed to write command "CHAN 1" to Load-load after 3 attempts
14:29:52 | LOAD     [error] Failed to set channel at Load-load
14:29:52 | SERIAL   [error] Failed to write "CHAN 1
" to /dev/ttyUSB0: Bad file descriptor
14:29:52 | LOAD     [warning] Write attempt 1/3 failed for command "CHAN 1" to Load-load
14:29:52 | SERIAL   [error] Failed to write "CHAN 1
" to /dev/ttyUSB0: Bad file descriptor
14:29:52 | LOAD     [warning] Write attempt 2/3 failed for command "CHAN 1" to Load-load
14:29:52 | SERIAL   [error] Failed to write "CHAN 1
" to /dev/ttyUSB0: Bad file descriptor
14:29:52 | LOAD     [warning] Write attempt 3/3 failed for command "CHAN 1" to Load-load
14:29:52 | LOAD     [error] Failed to write command "CHAN 1" to Load-load after 3 attempts
14:29:52 | LOAD     [error] Failed to set channel at Load-load
14:29:52 | SERIAL   [error] Failed to write "CHAN 2
" to /dev/ttyUSB0: Bad file descriptor
14:29:52 | LOAD     [warning] Write attempt 1/3 failed for command "CHAN 2" to Load-load
14:29:52 | SERIAL   [error] Failed to write "CHAN 2
" to /dev/ttyUSB0: Bad file descriptor
14:29:52 | LOAD     [warning] Write attempt 2/3 failed for command "CHAN 2" to Load-load
14:29:52 | SERIAL   [error] Failed to write "CHAN 2
" to /dev/ttyUSB0: Bad file descriptor
14:29:52 | LOAD     [warning] Write attempt 3/3 failed for command "CHAN 2" to Load-load
14:29:52 | LOAD     [error] Failed to write command "CHAN 2" to Load-load after 3 attempts
14:29:52 | LOAD     [error] Failed to set channel at Load-load
14:29:52 | SERIAL   [error] Failed to write "CHAN 2
" to /dev/ttyUSB0: Bad file descriptor
14:29:52 | LOAD     [warning] Write attempt 1/3 failed for command "CHAN 2" to Load-load
14:29:52 | SERIAL   [error] Failed to write "CHAN 2
" to /dev/ttyUSB0: Bad file descriptor
14:29:52 | LOAD     [warning] Write attempt 2/3 failed for command "CHAN 2" to Load-load
14:29:52 | SERIAL   [error] Failed to write "CHAN 2
" to /dev/ttyUSB0: Bad file descriptor
14:29:52 | LOAD     [warning] Write attempt 3/3 failed for command "CHAN 2" to Load-load
14:29:52 | LOAD     [error] Failed to write command "CHAN 2" to Load-load after 3 attempts
14:29:52 | LOAD     [error] Failed to set channel at Load-load
14:29:52 | SERIAL   [error] Failed to write "OUTP?
" to /dev/ttyUSB1: Bad file descriptor
14:29:52 | SUPPLY   [warning] Write attempt 1/3 failed for command "OUTP?" to Supply-supply-1
14:29:52 | SERIAL   [error] Failed to write "OUTP?
" to /dev/ttyUSB1: Bad file descriptor
14:29:52 | SUPPLY   [warning] Write attempt 2/3 failed for command "OUTP?" to Supply-supply-1
14:29:52 | SERIAL   [error] Failed to write "OUTP?
" to /dev/ttyUSB1: Bad file descriptor
14:29:52 | SUPPLY   [warning] Write attempt 3/3 failed for command "OUTP?" to Supply-supply-1
14:29:52 | SUPPLY   [error] Failed to write command "OUTP?" to Supply-supply-1 after 3 attempts
14:29:52 | SUPPLY   [warning] Query write attempt 1/1 failed for "OUTP?" to Supply-supply-1
14:29:52 | SUPPLY   [error] Failed to query command "OUTP?" from Supply-supply-1 after 1 attempts
14:29:52 | SUPPLY   [error] Supply-supply-1 did not return a valid state
14:29:52 | SERIAL   [error] Failed to write "VOLT?
" to /dev/ttyUSB1: Bad file descriptor
14:29:52 | SUPPLY   [warning] Write attempt 1/3 failed for command "VOLT?" to Supply-supply-1
14:29:52 | SERIAL   [error] Failed to write "VOLT?
" to /dev/ttyUSB1: Bad file descriptor
14:29:52 | SUPPLY   [warning] Write attempt 2/3 failed for command "VOLT?" to Supply-supply-1
14:29:52 | SERIAL   [error] Failed to write "VOLT?
" to /dev/ttyUSB1: Bad file descriptor
14:29:52 | SUPPLY   [warning] Write attempt 3/3 failed for command "VOLT?" to Supply-supply-1
14:29:52 | SUPPLY   [error] Failed to write command "VOLT?" to Supply-supply-1 after 3 attempts
14:29:52 | SUPPLY   [warning] Query write attempt 1/1 failed for "VOLT?" to Supply-supply-1
14:29:52 | SUPPLY   [error] Failed to query command "VOLT?" from Supply-supply-1 after 1 attempts
14:29:52 | SUPPLY   [error] Supply-supply-1 did not return a set voltage
14:29:52 | SERIAL   [error] Failed to write "CURR?
" to /dev/ttyUSB1: Bad file descriptor
14:29:52 | SUPPLY   [warning] Write attempt 1/3 failed for command "CURR?" to Supply-supply-1
14:29:52 | SERIAL   [error] Failed to write "CURR?
" to /dev/ttyUSB1: Bad file descriptor
14:29:52 | SUPPLY   [warning] Write attempt 2/3 failed for command "CURR?" to Supply-supply-1
14:29:52 | SERIAL   [error] Failed to write "CURR?
" to /dev/ttyUSB1: Bad file descriptor
14:29:52 | SUPPLY   [warning] Write attempt 3/3 failed for command "CURR?" to Supply-supply-1
14:29:52 | SUPPLY   [error] Failed to write command "CURR?" to Supply-supply-1 after 3 attempts
14:29:52 | SUPPLY   [warning] Query write attempt 1/1 failed for "CURR?" to Supply-supply-1
14:29:52 | SUPPLY   [error] Failed to query command "CURR?" from Supply-supply-1 after 1 attempts
14:29:52 | SUPPLY   [error] Supply-supply-1 did not return a set current
14:29:52 | SUPPLY   [error] Supply-supply-1 failed to query current state
14:29:52 | SERIAL   [error] Failed to write "STATE?
" to /dev/ttyUSB2: Bad file descriptor
14:29:52 | MODULE   [warning] Write attempt 1/3 failed for command "STATE?" to Module-module-1
14:29:52 | SERIAL   [error] Failed to write "STATE?
" to /dev/ttyUSB2: Bad file descriptor
14:29:52 | MODULE   [warning] Write attempt 2/3 failed for command "STATE?" to Module-module-1
14:29:52 | SERIAL   [error] Failed to write "STATE?
" to /dev/ttyUSB2: Bad file descriptor
14:29:52 | MODULE   [warning] Write attempt 3/3 failed for command "STATE?" to Module-module-1
14:29:52 | MODULE   [error] Failed to write command "STATE?" to Module-module-1 after 3 attempts
14:29:52 | MODULE   [warning] Query write attempt 1/1 failed for "STATE?" to Module-module-1
14:29:52 | MODULE   [error] Failed to query command "STATE?" from Module-module-1 after 1 attempts
14:29:52 | MODULE   [error] Module-module-1 did not return a state
14:29:52 | SERIAL   [error] Failed to write "STATE CHARGE
" to /dev/ttyUSB2: Bad file descriptor
14:29:52 | MODULE   [warning] Write attempt 1/3 failed for command "STATE CHARGE" to Module-module-1
14:29:52 | SERIAL   [error] Failed to write "STATE CHARGE
" to /dev/ttyUSB2: Bad file descriptor
14:29:52 | MODULE   [warning] Write attempt 2/3 failed for command "STATE CHARGE" to Module-module-1
14:29:52 | SERIAL   [error] Failed to write "STATE CHARGE
" to /dev/ttyUSB2: Bad file descriptor
14:29:52 | MODULE   [warning] Write attempt 3/3 failed for command "STATE CHARGE" to Module-module-1
14:29:52 | MODULE   [error] Failed to write command "STATE CHARGE" to Module-module-1 after 3 attempts
14:29:52 | MODULE   [error] Module-module-1 cannot be set to charging
14:29:52 | SERIAL   [error] Failed to write "CHAN 2
" to /dev/ttyUSB0: Bad file descriptor
14:29:52 | LOAD     [warning] Write attempt 1/3 failed for command "CHAN 2" to Load-load
14:29:52 | SERIAL   [error] Failed to write "CHAN 2
" to /dev/ttyUSB0: Bad file descriptor
14:29:52 | LOAD     [warning] Write attempt 2/3 failed for command "CHAN 2" to Load-load
14:29:52 | SERIAL   [error] Failed to write "CHAN 2
" to /dev/ttyUSB0: Bad file descriptor
14:29:52 | LOAD     [warning] Write attempt 3/3 failed for command "CHAN 2" to Load-load
14:29:52 | LOAD     [error] Failed to write command "CHAN 2" to Load-load after 3 attempts
14:29:52 | LOAD     [error] Failed to set channel at Load-load
14:29:52 | SERIAL   [error] Failed to write "MEAS:ALL?
" to /dev/ttyUSB1: Bad file descriptor
14:29:52 | SUPPLY   [warning] Write attempt 1/3 failed for command "MEAS:ALL?" to Supply-supply-1
14:29:52 | SERIAL   [error] Failed to write "MEAS:ALL?
" to /dev/ttyUSB1: Bad file descriptor
14:29:52 | SUPPLY   [warning] Write attempt 2/3 failed for command "MEAS:ALL?" to Supply-supply-1
14:29:52 | SERIAL   [error] Failed to write "MEAS:ALL?
" to /dev/ttyUSB1: Bad file descriptor
14:29:52 | SUPPLY   [warning] Write attempt 3/3 failed for command "MEAS:ALL?" to Supply-supply-1
14:29:52 | SUPPLY   [error] Failed to write command "MEAS:ALL?" to Supply-supply-1 after 3 attempts
14:29:52 | SUPPLY   [warning] Query write attempt 1/1 failed for "MEAS:ALL?" to Supply-supply-1
14:29:52 | SUPPLY   [error] Failed to query command "MEAS:ALL?" from Supply-supply-1 after 1 attempts
14:29:52 | SUPPLY   [error] Supply-supply-1 did not return any measurements
14:29:52 | SERIAL   [error] Failed to write "CHAN 1
" to /dev/ttyUSB0: Bad file descriptor
14:29:52 | LOAD     [warning] Write attempt 1/3 failed for command "CHAN 1" to Load-load
14:29:52 | SERIAL   [error] Failed to write "CHAN 1
" to /dev/ttyUSB0: Bad file descriptor
14:29:52 | LOAD     [warning] Write attempt 2/3 failed for command "CHAN 1" to Load-load
14:29:52 | SERIAL   [error] Failed to write "CHAN 1
" to /dev/ttyUSB0: Bad file descriptor
14:29:52 | LOAD     [warning] Write attempt 3/3 failed for command "CHAN 1" to Load-load
14:29:52 | LOAD     [error] Failed to write command "CHAN 1" to Load-load after 3 attempts
14:29:52 | LOAD     [error] Failed to set channel at Load-load
14:29:52 | SERIAL   [error] Failed to write "CHAN 1
" to /dev/ttyUSB0: Bad file descriptor
14:29:52 | LOAD     [warning] Write attempt 1/3 failed for command "CHAN 1" to Load-load
14:29:52 | SERIAL   [error] Failed to write "CHAN 1
" to /dev/ttyUSB0: Bad file descriptor
14:29:52 | LOAD     [warning] Write attempt 2/3 failed for command "CHAN 1" to Load-load
14:29:52 | SERIAL   [error] Failed to write "CHAN 1
" to /dev/ttyUSB0: Bad file descriptor
14:29:52 | LOAD     [warning] Write attempt 3/3 failed for command "CHAN 1" to Load-load
14:29:52 | LOAD     [error] Failed to write command "CHAN 1" to Load-load after 3 attempts
14:29:52 | LOAD     [error] Failed to set channel at Load-load
14:29:52 | SERIAL   [error] Failed to write "CHAN 2
" to /dev/ttyUSB0: Bad file descriptor
14:29:52 | LOAD     [warning] Write attempt 1/3 failed for command "CHAN 2" to Load-load
14:29:52 | SERIAL   [error] Failed to write "CHAN 2
" to /dev/ttyUSB0: Bad file descriptor
14:29:52 | LOAD     [warning] Write attempt 2/3 failed for command "CHAN 2" to Load-load
14:29:52 | SERIAL   [error] Failed to write "CHAN 2
" to /dev/ttyUSB0: Bad file descriptor
14:29:52 | LOAD     [warning] Write attempt 3/3 failed for command "CHAN 2" to Load-load
14:29:52 | LOAD     [error] Failed to write command "CHAN 2" to Load-load after 3 attempts
14:29:52 | LOAD     [error] Failed to set channel at Load-load
14:29:52 | SERIAL   [error] Failed to write "CHAN 2
" to /dev/ttyUSB0: Bad file descriptor
14:29:52 | LOAD     [warning] Write attempt 1/3 failed for command "CHAN 2" to Load-load
14:29:52 | SERIAL   [error] Failed to write "CHAN 2
" to /dev/ttyUSB0: Bad file descriptor
14:29:52 | LOAD     [warning] Write attempt 2/3 failed for command "CHAN 2" to Load-load
14:29:52 | SERIAL   [error] Failed to write "CHAN 2
" to /dev/ttyUSB0: Bad file descriptor
14:29:52 | LOAD     [warning] Write attempt 3/3 failed for command "CHAN 2" to Load-load
14:29:52 | LOAD     [error] Failed to write command "CHAN 2" to Load-load after 3 attempts
14:29:52 | LOAD     [error] Failed to set channel at Load-load
14:29:52 | SERIAL   [error] Failed to write "OUTP?
" to /dev/ttyUSB1: Bad file descriptor
14:29:52 | SUPPLY   [warning] Write attempt 1/3 failed for command "OUTP?" to Supply-supply-1
14:29:52 | SERIAL   [error] Failed to write "OUTP?
" to /dev/ttyUSB1: Bad file descriptor
14:29:52 | SUPPLY   [warning] Write attempt 2/3 failed for command "OUTP?" to Supply-supply-1
14:29:52 | SERIAL   [error] Failed to write "OUTP?
" to /dev/ttyUSB1: Bad file descriptor
14:29:52 | SUPPLY   [warning] Write attempt 3/3 failed for command "OUTP?" to Supply-supply-1
14:29:52 | SUPPLY   [error] Failed to write command "OUTP?" to Supply-supply-1 after 3 attempts
14:29:52 | SUPPLY   [warning] Query write attempt 1/1 failed for "OUTP?" to Supply-supply-1
14:29:52 | SUPPLY   [error] Failed to query command "OUTP?" from Supply-supply-1 after 1 attempts
14:29:52 | SUPPLY   [error] Supply-supply-1 did not return a valid state
14:29:52 | SERIAL   [error] Failed to write "VOLT?
" to /dev/ttyUSB1: Bad file descriptor
14:29:52 | SUPPLY   [warning] Write attempt 1/3 failed for command "VOLT?" to Supply-supply-1
14:29:52 | SERIAL   [error] Failed to write "VOLT?
" to /dev/ttyUSB1: Bad file descriptor
14:29:52 | SUPPLY   [warning] Write attempt 2/3 failed for command "VOLT?" to Supply-supply-1
14:29:52 | SERIAL   [error] Failed to write "VOLT?
" to /dev/ttyUSB1: Bad file descriptor
14:29:52 | SUPPLY   [warning] Write attempt 3/3 failed for command "VOLT?" to Supply-supply-1
14:29:52 | SUPPLY   [error] Failed to write command "VOLT?" to Supply-supply-1 after 3 attempts
14:29:52 | SUPPLY   [warning] Query write attempt 1/1 failed for "VOLT?" to Supply-supply-1
14:29:52 | SUPPLY   [error] Failed to query command "VOLT?" from Supply-supply-1 after 1 attempts
14:29:52 | SUPPLY   [error] Supply-supply-1 did not return a set voltage
14:29:52 | SERIAL   [error] Failed to write "CURR?
" to /dev/ttyUSB1: Bad file descriptor
14:29:52 | SUPPLY   [warning] Write attempt 1/3 failed for command "CURR?" to Supply-supply-1
14:29:52 | SERIAL   [error] Failed to write "CURR?
" to /dev/ttyUSB1: Bad file descriptor
14:29:52 | SUPPLY   [warning] Write attempt 2/3 failed for command "CURR?" to Supply-supply-1
14:29:52 | SERIAL   [error] Failed to write "CURR?
" to /dev/ttyUSB1: Bad file descriptor
14:29:52 | SUPPLY   [warning] Write attempt 3/3 failed for command "CURR?" to Supply-supply-1
14:29:52 | SUPPLY   [error] Failed to write command "CURR?" to Supply-supply-1 after 3 attempts
14:29:52 | SUPPLY   [warning] Query write attempt 1/1 failed for "CURR?" to Supply-supply-1
14:29:52 | SUPPLY   [error] Failed to query command "CURR?" from Supply-supply-1 after 1 attempts
14:29:52 | SUPPLY   [error] Supply-supply-1 did not return a set current
14:29:52 | SUPPLY   [error] Supply-supply-1 failed to query current state
14:29:52 | SERIAL   [error] Failed to write "STATE?
" to /dev/ttyUSB2: Bad file descriptor
14:29:52 | MODULE   [warning] Write attempt 1/3 failed for command "STATE?" to Module-module-1
14:29:52 | SERIAL   [error] Failed to write "STATE?
" to /dev/ttyUSB2: Bad file descriptor
14:29:52 | MODULE   [warning] Write attempt 2/3 failed for command "STATE?" to Module-module-1
14:29:52 | SERIAL   [error] Failed to write "STATE?
" to /dev/ttyUSB2: Bad file descriptor
14:29:52 | MODULE   [warning] Write attempt 3/3 failed for command "STATE?" to Module-module-1
14:29:52 | MODULE   [error] Failed to write command "STATE?" to Module-module-1 after 3 attempts
14:29:52 | MODULE   [warning] Query write attempt 1/1 failed for "STATE?" to Module-module-1
14:29:52 | MODULE   [error] Failed to query command "STATE?" from Module-module-1 after 1 attempts
14:29:52 | MODULE   [error] Module-module-1 did not return a state
14:29:52 | SERIAL   [error] Failed to write "STATE CHARGE
" to /dev/ttyUSB2: Bad file descriptor
14:29:52 | MODULE   [warning] Write attempt 1/3 failed for command "STATE CHARGE" to Module-module-1
14:29:52 | SERIAL   [error] Failed to write "STATE CHARGE
" to /dev/ttyUSB2: Bad file descriptor
14:29:52 | MODULE   [warning] Write attempt 2/3 failed for command "STATE CHARGE" to Module-module-1
14:29:52 | SERIAL   [error] Failed to write "STATE CHARGE
" to /dev/ttyUSB2: Bad file descriptor
14:29:52 | MODULE   [warning] Write attempt 3/3 failed for command "STATE CHARGE" to Module-module-1
14:29:52 | MODULE   [error] Failed to write command "STATE CHARGE" to Module-module-1 after 3 attempts
14:29:52 | MODULE   [error] Module-module-1 cannot be set to charging
14:29:52 | SERIAL   [error] Failed to write "CHAN 2
" to /dev/ttyUSB0: Bad file descriptor
14:29:52 | LOAD     [warning] Write attempt 1/3 failed for command "CHAN 2" to Load-load
14:29:52 | SERIAL   [error] Failed to write "CHAN 2
" to /dev/ttyUSB0: Bad file descriptor
14:29:52 | LOAD     [warning] Write attempt 2/3 failed for command "CHAN 2" to Load-load
14:29:52 | SERIAL   [error] Failed to write "CHAN 2
" to /dev/ttyUSB0: Bad file descriptor
14:29:52 | LOAD     [warning] Write attempt 3/3 failed for command "CHAN 2" to Load-load
14:29:52 | LOAD     [error] Failed to write command "CHAN 2" to Load-load after 3 attempts
14:29:52 | LOAD     [error] Failed to set channel at Load-load
14:29:52 | SERIAL   [error] Failed to write "MEAS:ALL?
" to /dev/ttyUSB1: Bad file descriptor
14:29:52 | SUPPLY   [warning] Write attempt 1/3 failed for command "MEAS:ALL?" to Supply-supply-1
14:29:52 | SERIAL   [error] Failed to write "MEAS:ALL?
" to /dev/ttyUSB1: Bad file descriptor
14:29:52 | SUPPLY   [warning] Write attempt 2/3 failed for command "MEAS:ALL?" to Supply-supply-1
14:29:52 | SERIAL   [error] Failed to write "MEAS:ALL?
" to /dev/ttyUSB1: Bad file descriptor
14:29:52 | SUPPLY   [warning] Write attempt 3/3 failed for command "MEAS:ALL?" to Supply-supply-1
14:29:52 | SUPPLY   [error] Failed to write command "MEAS:ALL?" to Supply-supply-1 after 3 attempts
14:29:52 | SUPPLY   [warning] Query write attempt 1/1 failed for "MEAS:ALL?" to Supply-supply-1
14:29:52 | SUPPLY   [error] Failed to query command "MEAS:ALL?" from Supply-supply-1 after 1 attempts
14:29:52 | SUPPLY   [error] Supply-supply-1 did not return any measurements
14:29:52 | SERIAL   [error] Failed to write "CHAN 1
" to /dev/ttyUSB0: Bad file descriptor
14:29:52 | LOAD     [warning] Write attempt 1/3 failed for command "CHAN 1" to Load-load
14:29:52 | SERIAL   [error] Failed to write "CHAN 1
" to /dev/ttyUSB0: Bad file descriptor
14:29:52 | LOAD     [warning] Write attempt 2/3 failed for command "CHAN 1" to Load-load
14:29:52 | SERIAL   [error] Failed to write "CHAN 1
" to /dev/ttyUSB0: Bad file descriptor
14:29:52 | LOAD     [warning] Write attempt 3/3 failed for command "CHAN 1" to Load-load
14:29:52 | LOAD     [error] Failed to write command "CHAN 1" to Load-load after 3 attempts
14:29:52 | LOAD     [error] Failed to set channel at Load-load
14:29:52 | SERIAL   [error] Failed to write "CHAN 1
" to /dev/ttyUSB0: Bad file descriptor
14:29:52 | LOAD     [warning] Write attempt 1/3 failed for command "CHAN 1" to Load-load
14:29:52 | SERIAL   [error] Failed to write "CHAN 1
" to /dev/ttyUSB0: Bad file descriptor
14:29:52 | LOAD     [warning] Write attempt 2/3 failed for command "CHAN 1" to Load-load
14:29:52 | SERIAL   [error] Failed to write "CHAN 1
" to /dev/ttyUSB0: Bad file descriptor
14:29:52 | LOAD     [warning] Write attempt 3/3 failed for command "CHAN 1" to Load-load
14:29:52 | LOAD     [error] Failed to write command "CHAN 1" to Load-load after 3 attempts
14:29:52 | LOAD     [error] Failed to set channel at Load-load
14:29:52 | SERIAL   [error] Failed to write "CHAN 2
" to /dev/ttyUSB0: Bad file descriptor
14:29:52 | LOAD     [warning] Write attempt 1/3 failed for command "CHAN 2" to Load-load
14:29:52 | SERIAL   [error] Failed to write "CHAN 2
" to /dev/ttyUSB0: Bad file descriptor
14:29:52 | LOAD     [warning] Write attempt 2/3 failed for command "CHAN 2" to Load-load
14:29:52 | SERIAL   [error] Failed to write "CHAN 2
" to /dev/ttyUSB0: Bad file descriptor
14:29:52 | LOAD     [warning] Write attempt 3/3 failed for command "CHAN 2" to Load-load
14:29:52 | LOAD     [error] Failed to write command "CHAN 2" to Load-load after 3 attempts
14:29:52 | LOAD     [error] Failed to set channel at Load-load
14:29:52 | SERIAL   [error] Failed to write "CHAN 2
" to /dev/ttyUSB0: Bad file descriptor
14:29:52 | LOAD     [warning] Write attempt 1/3 failed for command "CHAN 2" to Load-load
14:29:52 | SERIAL   [error] Failed to write "CHAN 2
" to /dev/ttyUSB0: Bad file descriptor
14:29:52 | LOAD     [warning] Write attempt 2/3 failed for command "CHAN 2" to Load-load
14:29:52 | SERIAL   [error] Failed to write "CHAN 2
" to /dev/ttyUSB0: Bad file descriptor
14:29:52 | LOAD     [warning] Write attempt 3/3 failed for command "CHAN 2" to Load-load
14:29:52 | LOAD     [error] Failed to write command "CHAN 2" to Load-load after 3 attempts
14:29:52 | LOAD     [error] Failed to set channel at Load-load
14:29:52 | SERIAL   [error] Failed to write "OUTP?
" to /dev/ttyUSB1: Bad file descriptor
14:29:52 | SUPPLY   [warning] Write attempt 1/3 failed for command "OUTP?" to Supply-supply-1
14:29:52 | SERIAL   [error] Failed to write "OUTP?
" to /dev/ttyUSB1: Bad file descriptor
14:29:52 | SUPPLY   [warning] Write attempt 2/3 failed for command "OUTP?" to Supply-supply-1
14:29:52 | SERIAL   [error] Failed to write "OUTP?
" to /dev/ttyUSB1: Bad file descriptor
14:29:52 | SUPPLY   [warning] Write attempt 3/3 failed for command "OUTP?" to Supply-supply-1
14:29:52 | SUPPLY   [error] Failed to write command "OUTP?" to Supply-supply-1 after 3 attempts
14:29:52 | SUPPLY   [warning] Query write attempt 1/1 failed for "OUTP?" to Supply-supply-1
14:29:52 | SUPPLY   [error] Failed to query command "OUTP?" from Supply-supply-1 after 1 attempts
14:29:52 | SUPPLY   [error] Supply-supply-1 did not return a valid state
14:29:52 | SERIAL   [error] Failed to write "VOLT?
" to /dev/ttyUSB1: Bad file descriptor
14:29:52 | SUPPLY   [warning] Write attempt 1/3 failed for command "VOLT?" to Supply-supply-1
14:29:52 | SERIAL   [error] Failed to write "VOLT?
" to /dev/ttyUSB1: Bad file descriptor
14:29:52 | SUPPLY   [warning] Write attempt 2/3 failed for command "VOLT?" to Supply-supply-1
14:29:52 | SERIAL   [error] Failed to write "VOLT?
" to /dev/ttyUSB1: Bad file descriptor
14:29:52 | SUPPLY   [warning] Write attempt 3/3 failed for command "VOLT?" to Supply-supply-1
14:29:52 | SUPPLY   [error] Failed to write command "VOLT?" to Supply-supply-1 after 3 attempts
14:29:52 | SUPPLY   [warning] Query write attempt 1/1 failed for "VOLT?" to Supply-supply-1
14:29:52 | SUPPLY   [error] Failed to query command "VOLT?" from Supply-supply-1 after 1 attempts
14:29:52 | SUPPLY   [error] Supply-supply-1 did not return a set voltage
14:29:52 | SERIAL   [error] Failed to write "CURR?
" to /dev/ttyUSB1: Bad file descriptor
14:29:52 | SUPPLY   [warning] Write attempt 1/3 failed for command "CURR?" to Supply-supply-1
14:29:52 | SERIAL   [error] Failed to write "CURR?
" to /dev/ttyUSB1: Bad file descriptor
14:29:52 | SUPPLY   [warning] Write attempt 2/3 failed for command "CURR?" to Supply-supply-1
14:29:52 | SERIAL   [error] Failed to write "CURR?
" to /dev/ttyUSB1: Bad file descriptor
14:29:52 | SUPPLY   [warning] Write attempt 3/3 failed for command "CURR?" to Supply-supply-1
14:29:52 | SUPPLY   [error] Failed to write command "CURR?" to Supply-supply-1 after 3 attempts
14:29:52 | SUPPLY   [warning] Query write attempt 1/1 failed for "CURR?" to Supply-supply-1
14:29:52 | SUPPLY   [error] Failed to query command "CURR?" from Supply-supply-1 after 1 attempts
14:29:52 | SUPPLY   [error] Supply-supply-1 did not return a set current
14:29:52 | SUPPLY   [error] Supply-supply-1 failed to query current state
14:29:52 | SERIAL   [error] Failed to write "STATE?
" to /dev/ttyUSB2: Bad file descriptor
14:29:52 | MODULE   [warning] Write attempt 1/3 failed for command "STATE?" to Module-module-1
14:29:52 | SERIAL   [error] Failed to write "STATE?
" to /dev/ttyUSB2: Bad file descriptor
14:29:52 | MODULE   [warning] Write attempt 2/3 failed for command "STATE?" to Module-module-1
14:29:52 | SERIAL   [error] Failed to write "STATE?
" to /dev/ttyUSB2: Bad file descriptor
14:29:52 | MODULE   [warning] Write attempt 3/3 failed for command "STATE?" to Module-module-1
14:29:52 | MODULE   [error] Failed to write command "STATE?" to Module-module-1 after 3 attempts
14:29:52 | MODULE   [warning] Query write attempt 1/1 failed for "STATE?" to Module-module-1
14:29:52 | MODULE   [error] Failed to query command "STATE?" from Module-module-1 after 1 attempts
14:29:52 | MODULE   [error] Module-module-1 did not return a state
14:29:52 | SERIAL   [error] Failed to write "STATE CHARGE
" to /dev/ttyUSB2: Bad file descriptor
14:29:52 | MODULE   [warning] Write attempt 1/3 failed for command "STATE CHARGE" to Module-module-1
14:29:52 | SERIAL   [error] Failed to write "STATE CHARGE
" to /dev/ttyUSB2: Bad file descriptor
14:29:52 | MODULE   [warning] Write attempt 2/3 failed for command "STATE CHARGE" to Module-module-1
14:29:52 | SERIAL   [error] Failed to write "STATE CHARGE
" to /dev/ttyUSB2: Bad file descriptor
14:29:52 | MODULE   [warning] Write attempt 3/3 failed for command "STATE CHARGE" to Module-module-1
14:29:52 | MODULE   [error] Failed to write command "STATE CHARGE" to Module-module-1 after 3 attempts
14:29:52 | MODULE   [error] Module-module-1 cannot be set to charging
14:29:52 | SERIAL   [error] Failed to write "CHAN 2
" to /dev/ttyUSB0: Bad file descriptor
14:29:52 | LOAD     [warning] Write attempt 1/3 failed for command "CHAN 2" to Load-load
14:29:52 | SERIAL   [error] Failed to write "CHAN 2
" to /dev/ttyUSB0: Bad file descriptor
14:29:52 | LOAD     [warning] Write attempt 2/3 failed for command "CHAN 2" to Load-load
14:29:52 | SERIAL   [error] Failed to write "CHAN 2
" to /dev/ttyUSB0: Bad file descriptor
14:29:52 | LOAD     [warning] Write attempt 3/3 failed for command "CHAN 2" to Load-load
14:29:52 | LOAD     [error] Failed to write command "CHAN 2" to Load-load after 3 attempts
14:29:52 | LOAD     [error] Failed to set channel at Load-load
14:29:52 | SERIAL   [error] Failed to write "MEAS:ALL?
" to /dev/ttyUSB1: Bad file descriptor
14:29:52 | SUPPLY   [warning] Write attempt 1/3 failed for command "MEAS:ALL?" to Supply-supply-1
14:29:52 | SERIAL   [error] Failed to write "MEAS:ALL?
" to /dev/ttyUSB1: Bad file descriptor
14:29:52 | SUPPLY   [warning] Write attempt 2/3 failed for command "MEAS:ALL?" to Supply-supply-1
14:29:52 | SERIAL   [error] Failed to write "MEAS:ALL?
" to /dev/ttyUSB1: Bad file descriptor
14:29:52 | SUPPLY   [warning] Write attempt 3/3 failed for command "MEAS:ALL?" to Supply-supply-1
14:29:52 | SUPPLY   [error] Failed to write command "MEAS:ALL?" to Supply-supply-1 after 3 attempts
14:29:52 | SUPPLY   [warning] Query write attempt 1/1 failed for "MEAS:ALL?" to Supply-supply-1
14:29:52 | SUPPLY   [error] Failed to query command "MEAS:ALL?" from Supply-supply-1 after 1 attempts
14:29:52 | SUPPLY   [error] Supply-supply-1 did not return any measurements
14:29:52 | SERIAL   [error] Failed to write "CHAN 1
" to /dev/ttyUSB0: Bad file descriptor
14:29:52 | LOAD     [warning] Write attempt 1/3 failed for command "CHAN 1" to Load-load
14:29:52 | SERIAL   [error] Failed to write "CHAN 1
" to /dev/ttyUSB0: Bad file descriptor
14:29:52 | LOAD     [warning] Write attempt 2/3 failed for command "CHAN 1" to Load-load
14:29:52 | SERIAL   [error] Failed to write "CHAN 1
" to /dev/ttyUSB0: Bad file descriptor
14:29:52 | LOAD     [warning] Write attempt 3/3 failed for command "CHAN 1" to Load-load
14:29:52 | LOAD     [error] Failed to write command "CHAN 1" to Load-load after 3 attempts
14:29:52 | LOAD     [error] Failed to set channel at Load-load
14:29:52 | SERIAL   [error] Failed to write "CHAN 1
" to /dev/ttyUSB0: Bad file descriptor
14:29:52 | LOAD     [warning] Write attempt 1/3 failed for command "CHAN 1" to Load-load
14:29:52 | SERIAL   [error] Failed to write "CHAN 1
" to /dev/ttyUSB0: Bad file descriptor
14:29:52 | LOAD     [warning] Write attempt 2/3 failed for command "CHAN 1" to Load-load
14:29:52 | SERIAL   [error] Failed to write "CHAN 1
" to /dev/ttyUSB0: Bad file descriptor
14:29:52 | LOAD     [warning] Write attempt 3/3 failed for command "CHAN 1" to Load-load
14:29:52 | LOAD     [error] Failed to write command "CHAN 1" to Load-load after 3 attempts
14:29:52 | LOAD     [error] Failed to set channel at Load-load
14:29:52 | SERIAL   [error] Failed to write "CHAN 2
" to /dev/ttyUSB0: Bad file descriptor
14:29:52 | LOAD     [warning] Write attempt 1/3 failed for command "CHAN 2" to Load-load
14:29:52 | SERIAL   [error] Failed to write "CHAN 2
" to /dev/ttyUSB0: Bad file descriptor
14:29:52 | LOAD     [warning] Write attempt 2/3 failed for command "CHAN 2" to Load-load
14:29:52 | SERIAL   [error] Failed to write "CHAN 2
" to /dev/ttyUSB0: Bad file descriptor
14:29:52 | LOAD     [warning] Write attempt 3/3 failed for command "CHAN 2" to Load-load
14:29:52 | LOAD     [error] Failed to write command "CHAN 2" to Load-load after 3 attempts
14:29:52 | LOAD     [error] Failed to set channel at Load-load
14:29:52 | SERIAL   [error] Failed to write "CHAN 2
" to /dev/ttyUSB0: Bad file descriptor
14:29:52 | LOAD     [warning] Write attempt 1/3 failed for command "CHAN 2" to Load-load
14:29:52 | SERIAL   [error] Failed to write "CHAN 2
" to /dev/ttyUSB0: Bad file descriptor
14:29:52 | LOAD     [warning] Write attempt 2/3 failed for command "CHAN 2" to Load-load
14:29:52 | SERIAL   [error] Failed to write "CHAN 2
" to /dev/ttyUSB0: Bad file descriptor
14:29:52 | LOAD     [warning] Write attempt 3/3 failed for command "CHAN 2" to Load-load
14:29:52 | LOAD     [error] Failed to write command "CHAN 2" to Load-load after 3 attempts
14:29:52 | LOAD     [error] Failed to set channel at Load-load
14:29:52 | SERIAL   [error] Failed to write "OUTP?
" to /dev/ttyUSB1: Bad file descriptor
14:29:52 | SUPPLY   [warning] Write attempt 1/3 failed for command "OUTP?" to Supply-supply-1
14:29:52 | SERIAL   [error] Failed to write "OUTP?
" to /dev/ttyUSB1: Bad file descriptor
14:29:52 | SUPPLY   [warning] Write attempt 2/3 failed for command "OUTP?" to Supply-supply-1
14:29:52 | SERIAL   [error] Failed to write "OUTP?
" to /dev/ttyUSB1: Bad file descriptor
14:29:52 | SUPPLY   [warning] Write attempt 3/3 failed for command "OUTP?" to Supply-supply-1
14:29:52 | SUPPLY   [error] Failed to write command "OUTP?" to Supply-supply-1 after 3 attempts
14:29:52 | SUPPLY   [warning] Query write attempt 1/1 failed for "OUTP?" to Supply-supply-1
14:29:52 | SUPPLY   [error] Failed to query command "OUTP?" from Supply-supply-1 after 1 attempts
14:29:52 | SUPPLY   [error] Supply-supply-1 did not return a valid state
14:29:52 | SERIAL   [error] Failed to write "VOLT?
" to /dev/ttyUSB1: Bad file descriptor
14:29:52 | SUPPLY   [warning] Write attempt 1/3 failed for command "VOLT?" to Supply-supply-1
14:29:52 | SERIAL   [error] Failed to write "VOLT?
" to /dev/ttyUSB1: Bad file descriptor
14:29:52 | SUPPLY   [warning] Write attempt 2/3 failed for command "VOLT?" to Supply-supply-1
14:29:52 | SERIAL   [error] Failed to write "VOLT?
" to /dev/ttyUSB1: Bad file descriptor
14:29:52 | SUPPLY   [warning] Write attempt 3/3 failed for command "VOLT?" to Supply-supply-1
14:29:52 | SUPPLY   [error] Failed to write command "VOLT?" to Supply-supply-1 after 3 attempts
14:29:52 | SUPPLY   [warning] Query write attempt 1/1 failed for "VOLT?" to Supply-supply-1
14:29:52 | SUPPLY   [error] Failed to query command "VOLT?" from Supply-supply-1 after 1 attempts
14:29:52 | SUPPLY   [error] Supply-supply-1 did not return a set voltage
14:29:52 | SERIAL   [error] Failed to write "CURR?
" to /dev/ttyUSB1: Bad file descriptor
14:29:52 | SUPPLY   [warning] Write attempt 1/3 failed for command "CURR?" to Supply-supply-1
14:29:52 | SERIAL   [error] Failed to write "CURR?
" to /dev/ttyUSB1: Bad file descriptor
14:29:52 | SUPPLY   [warning] Write attempt 2/3 failed for command "CURR?" to Supply-supply-1
14:29:52 | SERIAL   [error] Failed to write "CURR?
" to /dev/ttyUSB1: Bad file descriptor
14:29:52 | SUPPLY   [warning] Write attempt 3/3 failed for command "CURR?" to Supply-supply-1
14:29:52 | SUPPLY   [error] Failed to write command "CURR?" to Supply-supply-1 after 3 attempts
14:29:52 | SUPPLY   [warning] Query write attempt 1/1 failed for "CURR?" to Supply-supply-1
14:29:52 | SUPPLY   [error] Failed to query command "CURR?" from Supply-supply-1 after 1 attempts
14:29:52 | SUPPLY   [error] Supply-supply-1 did not return a set current
14:29:52 | SUPPLY   [error] Supply-supply-1 failed to query current state
14:29:52 | SERIAL   [error] Failed to write "STATE?
" to /dev/ttyUSB2: Bad file descriptor
14:29:52 | MODULE   [warning] Write attempt 1/3 failed for command "STATE?" to Module-module-1
14:29:52 | SERIAL   [error] Failed to write "STATE?
" to /dev/ttyUSB2: Bad file descriptor
14:29:52 | MODULE   [warning] Write attempt 2/3 failed for command "STATE?" to Module-module-1
14:29:52 | SERIAL   [error] Failed to write "STATE?
" to /dev/ttyUSB2: Bad file descriptor
14:29:52 | MODULE   [warning] Write attempt 3/3 failed for command "STATE?" to Module-module-1
14:29:52 | MODULE   [error] Failed to write command "STATE?" to Module-module-1 after 3 attempts
14:29:52 | MODULE   [warning] Query write attempt 1/1 failed for "STATE?" to Module-module-1
14:29:52 | MODULE   [error] Failed to query command "STATE?" from Module-module-1 after 1 attempts
14:29:52 | MODULE   [error] Module-module-1 did not return a state
14:29:52 | SERIAL   [error] Failed to write "STATE CHARGE
" to /dev/ttyUSB2: Bad file descriptor
14:29:52 | MODULE   [warning] Write attempt 1/3 failed for command "STATE CHARGE" to Module-module-1
14:29:52 | SERIAL   [error] Failed to write "STATE CHARGE
" to /dev/ttyUSB2: Bad file descriptor
14:29:52 | MODULE   [warning] Write attempt 2/3 failed for command "STATE CHARGE" to Module-module-1
14:29:52 | SERIAL   [error] Failed to write "STATE CHARGE
" to /dev/ttyUSB2: Bad file descriptor
14:29:52 | MODULE   [warning] Write attempt 3/3 failed for command "STATE CHARGE" to Module-module-1
14:29:52 | MODULE   [error] Failed to write command "STATE CHARGE" to Module-module-1 after 3 attempts
14:29:52 | MODULE   [error] Module-module-1 cannot be set to charging
14:29:52 | SERIAL   [error] Failed to write "CHAN 2
" to /dev/ttyUSB0: Bad file descriptor
14:29:52 | LOAD     [warning] Write attempt 1/3 failed for command "CHAN 2" to Load-load
14:29:52 | SERIAL   [error] Failed to write "CHAN 2
" to /dev/ttyUSB0: Bad file descriptor
14:29:52 | LOAD     [warning] Write attempt 2/3 failed for command "CHAN 2" to Load-load
14:29:52 | SERIAL   [error] Failed to write "CHAN 2
" to /dev/ttyUSB0: Bad file descriptor
14:29:52 | LOAD     [warning] Write attempt 3/3 failed for command "CHAN 2" to Load-load
14:29:52 | LOAD     [error] Failed to write command "CHAN 2" to Load-load after 3 attempts
14:29:52 | LOAD     [error] Failed to set channel at Load-load
14:29:52 | SERIAL   [error] Failed to write "MEAS:ALL?
" to /dev/ttyUSB1: Bad file descriptor
14:29:52 | SUPPLY   [warning] Write attempt 1/3 failed for command "MEAS:ALL?" to Supply-supply-1
14:29:52 | SERIAL   [error] Failed to write "MEAS:ALL?
" to /dev/ttyUSB1: Bad file descriptor
14:29:52 | SUPPLY   [warning] Write attempt 2/3 failed for command "MEAS:ALL?" to Supply-supply-1
14:29:52 | SERIAL   [error] Failed to write "MEAS:ALL?
" to /dev/ttyUSB1: Bad file descriptor
14:29:52 | SUPPLY   [warning] Write attempt 3/3 failed for command "MEAS:ALL?" to Supply-supply-1
14:29:52 | SUPPLY   [error] Failed to write command "MEAS:ALL?" to Supply-supply-1 after 3 attempts
14:29:52 | SUPPLY   [warning] Query write attempt 1/1 failed for "MEAS:ALL?" to Supply-supply-1
14:29:52 | SUPPLY   [error] Failed to query command "MEAS:ALL?" from Supply-supply-1 after 1 attempts
14:29:52 | SUPPLY   [error] Supply-supply-1 did not return any measurements
14:29:52 | SERIAL   [error] Failed to write "CHAN 1
" to /dev/ttyUSB0: Bad file descriptor
14:29:52 | LOAD     [warning] Write attempt 1/3 failed for command "CHAN 1" to Load-load
14:29:52 | SERIAL   [error] Failed to write "CHAN 1
" to /dev/ttyUSB0: Bad file descriptor
14:29:52 | LOAD     [warning] Write attempt 2/3 failed for command "CHAN 1" to Load-load
14:29:52 | SERIAL   [error] Failed to write "CHAN 1
" to /dev/ttyUSB0: Bad file descriptor
14:29:52 | LOAD     [warning] Write attempt 3/3 failed for command "CHAN 1" to Load-load
14:29:52 | LOAD     [error] Failed to write command "CHAN 1" to Load-load after 3 attempts
14:29:52 | LOAD     [error] Failed to set channel at Load-load
14:29:52 | SERIAL   [error] Failed to write "CHAN 1
" to /dev/ttyUSB0: Bad file descriptor
14:29:52 | LOAD     [warning] Write attempt 1/3 failed for command "CHAN 1" to Load-load
14:29:52 | SERIAL   [error] Failed to write "CHAN 1
" to /dev/ttyUSB0: Bad file descriptor
14:29:52 | LOAD     [warning] Write attempt 2/3 failed for command "CHAN 1" to Load-load
14:29:52 | SERIAL   [error] Failed to write "CHAN 1
" to /dev/ttyUSB0: Bad file descriptor
14:29:52 | LOAD     [warning] Write attempt 3/3 failed for command "CHAN 1" to Load-load
14:29:52 | LOAD     [error] Failed to write command "CHAN 1" to Load-load after 3 attempts
14:29:52 | LOAD     [error] Failed to set channel at Load-load
14:29:52 | SERIAL   [error] Failed to write "CHAN 2
" to /dev/ttyUSB0: Bad file descriptor
14:29:52 | LOAD     [warning] Write attempt 1/3 failed for command "CHAN 2" to Load-load
14:29:52 | SERIAL   [error] Failed to write "CHAN 2
" to /dev/ttyUSB0: Bad file descriptor
14:29:52 | LOAD     [warning] Write attempt 2/3 failed for command "CHAN 2" to Load-load
14:29:52 | SERIAL   [error] Failed to write "CHAN 2
" to /dev/ttyUSB0: Bad file descriptor
14:29:52 | LOAD     [warning] Write attempt 3/3 failed for command "CHAN 2" to Load-load
14:29:52 | LOAD     [error] Failed to write command "CHAN 2" to Load-load after 3 attempts
14:29:52 | LOAD     [error] Failed to set channel at Load-load
14:29:52 | SERIAL   [error] Failed to write "CHAN 2
" to /dev/ttyUSB0: Bad file descriptor
14:29:52 | LOAD     [warning] Write attempt 1/3 failed for command "CHAN 2" to Load-load
14:29:52 | SERIAL   [error] Failed to write "CHAN 2
" to /dev/ttyUSB0: Bad file descriptor
14:29:52 | LOAD     [warning] Write attempt 2/3 failed for command "CHAN 2" to Load-load
14:29:52 | SERIAL   [error] Failed to write "CHAN 2
" to /dev/ttyUSB0: Bad file descriptor
14:29:52 | LOAD     [warning] Write attempt 3/3 failed for command "CHAN 2" to Load-load
14:29:52 | LOAD     [error] Failed to write command "CHAN 2" to Load-load after 3 attempts
14:29:52 | LOAD     [error] Failed to set channel at Load-load
14:29:52 | SERIAL   [error] Failed to write "OUTP?
" to /dev/ttyUSB1: Bad file descriptor
14:29:52 | SUPPLY   [warning] Write attempt 1/3 failed for command "OUTP?" to Supply-supply-1
14:29:52 | SERIAL   [error] Failed to write "OUTP?
" to /dev/ttyUSB1: Bad file descriptor
14:29:52 | SUPPLY   [warning] Write attempt 2/3 failed for command "OUTP?" to Supply-supply-1
14:29:52 | SERIAL   [error] Failed to write "OUTP?
" to /dev/ttyUSB1: Bad file descriptor
14:29:52 | SUPPLY   [warning] Write attempt 3/3 failed for command "OUTP?" to Supply-supply-1
14:29:52 | SUPPLY   [error] Failed to write command "OUTP?" to Supply-supply-1 after 3 attempts
14:29:52 | SUPPLY   [warning] Query write attempt 1/1 failed for "OUTP?" to Supply-supply-1
14:29:52 | SUPPLY   [error] Failed to query command "OUTP?" from Supply-supply-1 after 1 attempts
14:29:52 | SUPPLY   [error] Supply-supply-1 did not return a valid state
14:29:52 | SERIAL   [error] Failed to write "VOLT?
" to /dev/ttyUSB1: Bad file descriptor
14:29:52 | SUPPLY   [warning] Write attempt 1/3 failed for command "VOLT?" to Supply-supply-1
14:29:52 | SERIAL   [error] Failed to write "VOLT?
" to /dev/ttyUSB1: Bad file descriptor
14:29:52 | SUPPLY   [warning] Write attempt 2/3 failed for command "VOLT?" to Supply-supply-1
14:29:52 | SERIAL   [error] Failed to write "VOLT?
" to /dev/ttyUSB1: Bad file descriptor
14:29:52 | SUPPLY   [warning] Write attempt 3/3 failed for command "VOLT?" to Supply-supply-1
14:29:52 | SUPPLY   [error] Failed to write command "VOLT?" to Supply-supply-1 after 3 attempts
14:29:52 | SUPPLY   [warning] Query write attempt 1/1 failed for "VOLT?" to Supply-supply-1
14:29:52 | SUPPLY   [error] Failed to query command "VOLT?" from Supply-supply-1 after 1 attempts
14:29:52 | SUPPLY   [error] Supply-supply-1 did not return a set voltage
14:29:52 | SERIAL   [error] Failed to write "CURR?
" to /dev/ttyUSB1: Bad file descriptor
14:29:52 | SUPPLY   [warning] Write attempt 1/3 failed for command "CURR?" to Supply-supply-1
14:29:52 | SERIAL   [error] Failed to write "CURR?
" to /dev/ttyUSB1: Bad file descriptor
14:29:52 | SUPPLY   [warning] Write attempt 2/3 failed for command "CURR?" to Supply-supply-1
14:29:52 | SERIAL   [error] Failed to write "CURR?
" to /dev/ttyUSB1: Bad file descriptor
14:29:52 | SUPPLY   [warning] Write attempt 3/3 failed for command "CURR?" to Supply-supply-1
14:29:52 | SUPPLY   [error] Failed to write command "CURR?" to Supply-supply-1 after 3 attempts
14:29:52 | SUPPLY   [warning] Query write attempt 1/1 failed for "CURR?" to Supply-supply-1
14:29:52 | SUPPLY   [error] Failed to query command "CURR?" from Supply-supply-1 after 1 attempts
14:29:52 | SUPPLY   [error] Supply-supply-1 did not return a set current
14:29:52 | SUPPLY   [error] Supply-supply-1 failed to query current state
14:29:52 | SERIAL   [error] Failed to write "STATE?
" to /dev/ttyUSB2: Bad file descriptor
14:29:52 | MODULE   [warning] Write attempt 1/3 failed for command "STATE?" to Module-module-1
14:29:52 | SERIAL   [error] Failed to write "STATE?
" to /dev/ttyUSB2: Bad file descriptor
14:29:52 | MODULE   [warning] Write attempt 2/3 failed for command "STATE?" to Module-module-1
14:29:52 | SERIAL   [error] Failed to write "STATE?
" to /dev/ttyUSB2: Bad file descriptor
14:29:52 | MODULE   [warning] Write attempt 3/3 failed for command "STATE?" to Module-module-1
14:29:52 | MODULE   [error] Failed to write command "STATE?" to Module-module-1 after 3 attempts
14:29:52 | MODULE   [warning] Query write attempt 1/1 failed for "STATE?" to Module-module-1
14:29:52 | MODULE   [error] Failed to query command "STATE?" from Module-module-1 after 1 attempts
14:29:52 | MODULE   [error] Module-module-1 did not return a state
14:29:52 | SERIAL   [error] Failed to write "STATE CHARGE
" to /dev/ttyUSB2: Bad file descriptor
14:29:52 | MODULE   [warning] Write attempt 1/3 failed for command "STATE CHARGE" to Module-module-1
14:29:52 | SERIAL   [error] Failed to write "STATE CHARGE
" to /dev/ttyUSB2: Bad file descriptor
14:29:52 | MODULE   [warning] Write attempt 2/3 failed for command "STATE CHARGE" to Module-module-1
14:29:52 | SERIAL   [error] Failed to write "STATE CHARGE
" to /dev/ttyUSB2: Bad file descriptor
14:29:52 | MODULE   [warning] Write attempt 3/3 failed for command "STATE CHARGE" to Module-module-1
14:29:52 | MODULE   [error] Failed to write command "STATE CHARGE" to Module-module-1 after 3 attempts
14:29:52 | MODULE   [error] Module-module-1 cannot be set to charging
14:29:52 | SERIAL   [error] Failed to write "CHAN 2
" to /dev/ttyUSB0: Bad file descriptor
14:29:52 | LOAD     [warning] Write attempt 1/3 failed for command "CHAN 2" to Load-load
14:29:52 | SERIAL   [error] Failed to write "CHAN 2
" to /dev/ttyUSB0: Bad file descriptor
14:29:52 | LOAD     [warning] Write attempt 2/3 failed for command "CHAN 2" to Load-load
14:29:52 | SERIAL   [error] Failed to write "CHAN 2
" to /dev/ttyUSB0: Bad file descriptor
14:29:52 | LOAD     [warning] Write attempt 3/3 failed for command "CHAN 2" to Load-load
14:29:52 | LOAD     [error] Failed to write command "CHAN 2" to Load-load after 3 attempts
14:29:52 | LOAD     [error] Failed to set channel at Load-load
14:29:52 | SERIAL   [error] Failed to write "MEAS:ALL?
" to /dev/ttyUSB1: Bad file descriptor
14:29:52 | SUPPLY   [warning] Write attempt 1/3 failed for command "MEAS:ALL?" to Supply-supply-1
14:29:52 | SERIAL   [error] Failed to write "MEAS:ALL?
" to /dev/ttyUSB1: Bad file descriptor
14:29:52 | SUPPLY   [warning] Write attempt 2/3 failed for command "MEAS:ALL?" to Supply-supply-1
14:29:52 | SERIAL   [error] Failed to write "MEAS:ALL?
" to /dev/ttyUSB1: Bad file descriptor
14:29:52 | SUPPLY   [warning] Write attempt 3/3 failed for command "MEAS:ALL?" to Supply-supply-1
14:29:52 | SUPPLY   [error] Failed to write command "MEAS:ALL?" to Supply-supply-1 after 3 attempts
14:29:52 | SUPPLY   [warning] Query write attempt 1/1 failed for "MEAS:ALL?" to Supply-supply-1
14:29:52 | SUPPLY   [error] Failed to query command "MEAS:ALL?" from Supply-supply-1 after 1 attempts
14:29:52 | SUPPLY   [error] Supply-supply-1 did not return any measurements
14:29:52 | SERIAL   [error] Failed to write "CHAN 1
" to /dev/ttyUSB0: Bad file descriptor
14:29:52 | LOAD     [warning] Write attempt 1/3 failed for command "CHAN 1" to Load-load
14:29:52 | SERIAL   [error] Failed to write "CHAN 1
" to /dev/ttyUSB0: Bad file descriptor
14:29:52 | LOAD     [warning] Write attempt 2/3 failed for command "CHAN 1" to Load-load
14:29:52 | SERIAL   [error] Failed to write "CHAN 1
" to /dev/ttyUSB0: Bad file descriptor
14:29:52 | LOAD     [warning] Write attempt 3/3 failed for command "CHAN 1" to Load-load
14:29:52 | LOAD     [error] Failed to write command "CHAN 1" to Load-load after 3 attempts
14:29:52 | LOAD     [error] Failed to set channel at Load-load
14:29:52 | SERIAL   [error] Failed to write "CHAN 1
" to /dev/ttyUSB0: Bad file descriptor
14:29:52 | LOAD     [warning] Write attempt 1/3 failed for command "CHAN 1" to Load-load
14:29:52 | SERIAL   [error] Failed to write "CHAN 1
" to /dev/ttyUSB0: Bad file descriptor
14:29:52 | LOAD     [warning] Write attempt 2/3 failed for command "CHAN 1" to Load-load
14:29:52 | SERIAL   [error] Failed to write "CHAN 1
" to /dev/ttyUSB0: Bad file descriptor
14:29:52 | LOAD     [warning] Write attempt 3/3 failed for command "CHAN 1" to Load-load
14:29:52 | LOAD     [error] Failed to write command "CHAN 1" to Load-load after 3 attempts
14:29:52 | LOAD     [error] Failed to set channel at Load-load
14:29:52 | SERIAL   [error] Failed to write "CHAN 2
" to /dev/ttyUSB0: Bad file descriptor
14:29:52 | LOAD     [warning] Write attempt 1/3 failed for command "CHAN 2" to Load-load
14:29:52 | SERIAL   [error] Failed to write "CHAN 2
" to /dev/ttyUSB0: Bad file descriptor
14:29:52 | LOAD     [warning] Write attempt 2/3 failed for command "CHAN 2" to Load-load
14:29:52 | SERIAL   [error] Failed to write "CHAN 2
" to /dev/ttyUSB0: Bad file descriptor
14:29:52 | LOAD     [warning] Write attempt 3/3 failed for command "CHAN 2" to Load-load
14:29:52 | LOAD     [error] Failed to write command "CHAN 2" to Load-load after 3 attempts
14:29:52 | LOAD     [error] Failed to set channel at Load-load
14:29:52 | SERIAL   [error] Failed to write "CHAN 2
" to /dev/ttyUSB0: Bad file descriptor
14:29:52 | LOAD     [warning] Write attempt 1/3 failed for command "CHAN 2" to Load-load
14:29:52 | SERIAL   [error] Failed to write "CHAN 2
" to /dev/ttyUSB0: Bad file descriptor
14:29:52 | LOAD     [warning] Write attempt 2/3 failed for command "CHAN 2" to Load-load
14:29:52 | SERIAL   [error] Failed to write "CHAN 2
" to /dev/ttyUSB0: Bad file descriptor
14:29:52 | LOAD     [warning] Write attempt 3/3 failed for command "CHAN 2" to Load-load
14:29:52 | LOAD     [error] Failed to write command "CHAN 2" to Load-load after 3 attempts
14:29:52 | LOAD     [error] Failed to set channel at Load-load
14:29:52 | SERIAL   [error] Failed to write "OUTP?
" to /dev/ttyUSB1: Bad file descriptor
14:29:52 | SUPPLY   [warning] Write attempt 1/3 failed for command "OUTP?" to Supply-supply-1
14:29:52 | SERIAL   [error] Failed to write "OUTP?
" to /dev/ttyUSB1: Bad file descriptor
14:29:52 | SUPPLY   [warning] Write attempt 2/3 failed for command "OUTP?" to Supply-supply-1
14:29:52 | SERIAL   [error] Failed to write "OUTP?
" to /dev/ttyUSB1: Bad file descriptor
14:29:52 | SUPPLY   [warning] Write attempt 3/3 failed for command "OUTP?" to Supply-supply-1
14:29:52 | SUPPLY   [error] Failed to write command "OUTP?" to Supply-supply-1 after 3 attempts
14:29:52 | SUPPLY   [warning] Query write attempt 1/1 failed for "OUTP?" to Supply-supply-1
14:29:52 | SUPPLY   [error] Failed to query command "OUTP?" from Supply-supply-1 after 1 attempts
14:29:52 | SUPPLY   [error] Supply-supply-1 did not return a valid state
14:29:52 | SERIAL   [error] Failed to write "VOLT?
" to /dev/ttyUSB1: Bad file descriptor
14:29:52 | SUPPLY   [warning] Write attempt 1/3 failed for command "VOLT?" to Supply-supply-1
14:29:52 | SERIAL   [error] Failed to write "VOLT?
" to /dev/ttyUSB1: Bad file descriptor
14:29:52 | SUPPLY   [warning] Write attempt 2/3 failed for command "VOLT?" to Supply-supply-1
14:29:52 | SERIAL   [error] Failed to write "VOLT?
" to /dev/ttyUSB1: Bad file descriptor
14:29:52 | SUPPLY   [warning] Write attempt 3/3 failed for command "VOLT?" to Supply-supply-1
14:29:52 | SUPPLY   [error] Failed to write command "VOLT?" to Supply-supply-1 after 3 attempts
14:29:52 | SUPPLY   [warning] Query write attempt 1/1 failed for "VOLT?" to Supply-supply-1
14:29:52 | SUPPLY   [error] Failed to query command "VOLT?" from Supply-supply-1 after 1 attempts
14:29:52 | SUPPLY   [error] Supply-supply-1 did not return a set voltage
14:29:52 | SERIAL   [error] Failed to write "CURR?
" to /dev/ttyUSB1: Bad file descriptor
14:29:52 | SUPPLY   [warning] Write attempt 1/3 failed for command "CURR?" to Supply-supply-1
14:29:52 | SERIAL   [error] Failed to write "CURR?
" to /dev/ttyUSB1: Bad file descriptor
14:29:52 | SUPPLY   [warning] Write attempt 2/3 failed for command "CURR?" to Supply-supply-1
14:29:52 | SERIAL   [error] Failed to write "CURR?
" to /dev/ttyUSB1: Bad file descriptor
14:29:52 | SUPPLY   [warning] Write attempt 3/3 failed for command "CURR?" to Supply-supply-1
14:29:52 | SUPPLY   [error] Failed to write command "CURR?" to Supply-supply-1 after 3 attempts
14:29:52 | SUPPLY   [warning] Query write attempt 1/1 failed for "CURR?" to Supply-supply-1
14:29:52 | SUPPLY   [error] Failed to query command "CURR?" from Supply-supply-1 after 1 attempts
14:29:52 | SUPPLY   [error] Supply-supply-1 did not return a set current
14:29:52 | SUPPLY   [error] Supply-supply-1 failed to query current state
14:29:52 | SERIAL   [error] Failed to write "STATE?
" to /dev/ttyUSB2: Bad file descriptor
14:29:52 | MODULE   [warning] Write attempt 1/3 failed for command "STATE?" to Module-module-1
14:29:52 | SERIAL   [error] Failed to write "STATE?
" to /dev/ttyUSB2: Bad file descriptor
14:29:52 | MODULE   [warning] Write attempt 2/3 failed for command "STATE?" to Module-module-1
14:29:52 | SERIAL   [error] Failed to write "STATE?
" to /dev/ttyUSB2: Bad file descriptor
14:29:52 | MODULE   [warning] Write attempt 3/3 failed for command "STATE?" to Module-module-1
14:29:52 | MODULE   [error] Failed to write command "STATE?" to Module-module-1 after 3 attempts
14:29:52 | MODULE   [warning] Query write attempt 1/1 failed for "STATE?" to Module-module-1
14:29:52 | MODULE   [error] Failed to query command "STATE?" from Module-module-1 after 1 attempts
14:29:52 | MODULE   [error] Module-module-1 did not return a state
14:29:52 | SERIAL   [error] Failed to write "STATE CHARGE
" to /dev/ttyUSB2: Bad file descriptor
14:29:52 | MODULE   [warning] Write attempt 1/3 failed for command "STATE CHARGE" to Module-module-1
14:29:52 | SERIAL   [error] Failed to write "STATE CHARGE
" to /dev/ttyUSB2: Bad file descriptor
14:29:52 | MODULE   [warning] Write attempt 2/3 failed for command "STATE CHARGE" to Module-module-1
14:29:52 | SERIAL   [error] Failed to write "STATE CHARGE
" to /dev/ttyUSB2: Bad file descriptor
14:29:52 | MODULE   [warning] Write attempt 3/3 failed for command "STATE CHARGE" to Module-module-1
14:29:52 | MODULE   [error] Failed to write command "STATE CHARGE" to Module-module-1 after 3 attempts
14:29:52 | MODULE   [error] Module-module-1 cannot be set to charging
14:29:52 | SERIAL   [error] Failed to write "CHAN 2
" to /dev/ttyUSB0: Bad file descriptor
14:29:52 | LOAD     [warning] Write attempt 1/3 failed for command "CHAN 2" to Load-load
14:29:52 | SERIAL   [error] Failed to write "CHAN 2
" to /dev/ttyUSB0: Bad file descriptor
14:29:52 | LOAD     [warning] Write attempt 2/3 failed for command "CHAN 2" to Load-load
14:29:52 | SERIAL   [error] Failed to write "CHAN 2
" to /dev/ttyUSB0: Bad file descriptor
14:29:52 | LOAD     [warning] Write attempt 3/3 failed for command "CHAN 2" to Load-load
14:29:52 | LOAD     [error] Failed to write command "CHAN 2" to Load-load after 3 attempts
14:29:52 | LOAD     [error] Failed to set channel at Load-load
14:29:52 | SERIAL   [error] Failed to write "MEAS:ALL?
" to /dev/ttyUSB1: Bad file descriptor
14:29:52 | SUPPLY   [warning] Write attempt 1/3 failed for command "MEAS:ALL?" to Supply-supply-1
14:29:52 | SERIAL   [error] Failed to write "MEAS:ALL?
" to /dev/ttyUSB1: Bad file descriptor
14:29:52 | SUPPLY   [warning] Write attempt 2/3 failed for command "MEAS:ALL?" to Supply-supply-1
14:29:52 | SERIAL   [error] Failed to write "MEAS:ALL?
" to /dev/ttyUSB1: Bad file descriptor
14:29:52 | SUPPLY   [warning] Write attempt 3/3 failed for command "MEAS:ALL?" to Supply-supply-1
14:29:52 | SUPPLY   [error] Failed to write command "MEAS:ALL?" to Supply-supply-1 after 3 attempts
14:29:52 | SUPPLY   [warning] Query write attempt 1/1 failed for "MEAS:ALL?" to Supply-supply-1
14:29:52 | SUPPLY   [error] Failed to query command "MEAS:ALL?" from Supply-supply-1 after 1 attempts
14:29:52 | SUPPLY   [error] Supply-supply-1 did not return any measurements
14:29:52 | SERIAL   [error] Failed to write "CHAN 1
" to /dev/ttyUSB0: Bad file descriptor
14:29:52 | LOAD     [warning] Write attempt 1/3 failed for command "CHAN 1" to Load-load
14:29:52 | SERIAL   [error] Failed to write "CHAN 1
" to /dev/ttyUSB0: Bad file descriptor
14:29:52 | LOAD     [warning] Write attempt 2/3 failed for command "CHAN 1" to Load-load
14:29:52 | SERIAL   [error] Failed to write "CHAN 1
" to /dev/ttyUSB0: Bad file descriptor
14:29:52 | LOAD     [warning] Write attempt 3/3 failed for command "CHAN 1" to Load-load
14:29:52 | LOAD     [error] Failed to write command "CHAN 1" to Load-load after 3 attempts
14:29:52 | LOAD     [error] Failed to set channel at Load-load
14:29:52 | SERIAL   [error] Failed to write "CHAN 1
" to /dev/ttyUSB0: Bad file descriptor
14:29:52 | LOAD     [warning] Write attempt 1/3 failed for command "CHAN 1" to Load-load
14:29:52 | SERIAL   [error] Failed to write "CHAN 1
" to /dev/ttyUSB0: Bad file descriptor
14:29:52 | LOAD     [warning] Write attempt 2/3 failed for command "CHAN 1" to Load-load
14:29:52 | SERIAL   [error] Failed to write "CHAN 1
" to /dev/ttyUSB0: Bad file descriptor
14:29:52 | LOAD     [warning] Write attempt 3/3 failed for command "CHAN 1" to Load-load
14:29:52 | LOAD     [error] Failed to write command "CHAN 1" to Load-load after 3 attempts
14:29:52 | LOAD     [error] Failed to set channel at Load-load
14:29:52 | SERIAL   [error] Failed to write "CHAN 2
" to /dev/ttyUSB0: Bad file descriptor
14:29:52 | LOAD     [warning] Write attempt 1/3 failed for command "CHAN 2" to Load-load
14:29:52 | SERIAL   [error] Failed to write "CHAN 2
" to /dev/ttyUSB0: Bad file descriptor
14:29:52 | LOAD     [warning] Write attempt 2/3 failed for command "CHAN 2" to Load-load
14:29:52 | SERIAL   [error] Failed to write "CHAN 2
" to /dev/ttyUSB0: Bad file descriptor
14:29:52 | LOAD     [warning] Write attempt 3/3 failed for command "CHAN 2" to Load-load
14:29:52 | LOAD     [error] Failed to write command "CHAN 2" to Load-load after 3 attempts
14:29:52 | LOAD     [error] Failed to set channel at Load-load
14:29:52 | SERIAL   [error] Failed to write "CHAN 2
" to /dev/ttyUSB0: Bad file descriptor
14:29:52 | LOAD     [warning] Write attempt 1/3 failed for command "CHAN 2" to Load-load
14:29:52 | SERIAL   [error] Failed to write "CHAN 2
" to /dev/ttyUSB0: Bad file descriptor
14:29:52 | LOAD     [warning] Write attempt 2/3 failed for command "CHAN 2" to Load-load
14:29:52 | SERIAL   [error] Failed to write "CHAN 2
" to /dev/ttyUSB0: Bad file descriptor
14:29:52 | LOAD     [warning] Write attempt 3/3 failed for command "CHAN 2" to Load-load
14:29:52 | LOAD     [error] Failed to write command "CHAN 2" to Load-load after 3 attempts
14:29:52 | LOAD     [error] Failed to set channel at Load-load
14:29:52 | SERIAL   [error] Failed to write "OUTP?
" to /dev/ttyUSB1: Bad file descriptor
14:29:52 | SUPPLY   [warning] Write attempt 1/3 failed for command "OUTP?" to Supply-supply-1
14:29:52 | SERIAL   [error] Failed to write "OUTP?
" to /dev/ttyUSB1: Bad file descriptor
14:29:52 | SUPPLY   [warning] Write attempt 2/3 failed for command "OUTP?" to Supply-supply-1
14:29:52 | SERIAL   [error] Failed to write "OUTP?
" to /dev/ttyUSB1: Bad file descriptor
14:29:52 | SUPPLY   [warning] Write attempt 3/3 failed for command "OUTP?" to Supply-supply-1
14:29:52 | SUPPLY   [error] Failed to write command "OUTP?" to Supply-supply-1 after 3 attempts
14:29:52 | SUPPLY   [warning] Query write attempt 1/1 failed for "OUTP?" to Supply-supply-1
14:29:52 | SUPPLY   [error] Failed to query command "OUTP?" from Supply-supply-1 after 1 attempts
14:29:52 | SUPPLY   [error] Supply-supply-1 did not return a valid state
14:29:52 | SERIAL   [error] Failed to write "VOLT?
" to /dev/ttyUSB1: Bad file descriptor
14:29:52 | SUPPLY   [warning] Write attempt 1/3 failed for command "VOLT?" to Supply-supply-1
14:29:52 | SERIAL   [error] Failed to write "VOLT?
" to /dev/ttyUSB1: Bad file descriptor
14:29:52 | SUPPLY   [warning] Write attempt 2/3 failed for command "VOLT?" to Supply-supply-1
14:29:52 | SERIAL   [error] Failed to write "VOLT?
" to /dev/ttyUSB1: Bad file descriptor
14:29:52 | SUPPLY   [warning] Write attempt 3/3 failed for command "VOLT?" to Supply-supply-1
14:29:52 | SUPPLY   [error] Failed to write command "VOLT?" to Supply-supply-1 after 3 attempts
14:29:52 | SUPPLY   [warning] Query write attempt 1/1 failed for "VOLT?" to Supply-supply-1
14:29:52 | SUPPLY   [error] Failed to query command "VOLT?" from Supply-supply-1 after 1 attempts
14:29:52 | SUPPLY   [error] Supply-supply-1 did not return a set voltage
14:29:52 | SERIAL   [error] Failed to write "CURR?
" to /dev/ttyUSB1: Bad file descriptor
14:29:52 | SUPPLY   [warning] Write attempt 1/3 failed for command "CURR?" to Supply-supply-1
14:29:52 | SERIAL   [error] Failed to write "CURR?
" to /dev/ttyUSB1: Bad file descriptor
14:29:52 | SUPPLY   [warning] Write attempt 2/3 failed for command "CURR?" to Supply-supply-1
14:29:52 | SERIAL   [error] Failed to write "CURR?
" to /dev/ttyUSB1: Bad file descriptor
14:29:52 | SUPPLY   [warning] Write attempt 3/3 failed for command "CURR?" to Supply-supply-1
14:29:52 | SUPPLY   [error] Failed to write command "CURR?" to Supply-supply-1 after 3 attempts
14:29:52 | SUPPLY   [warning] Query write attempt 1/1 failed for "CURR?" to Supply-supply-1
14:29:52 | SUPPLY   [error] Failed to query command "CURR?" from Supply-supply-1 after 1 attempts
14:29:52 | SUPPLY   [error] Supply-supply-1 did not return a set current
14:29:52 | SUPPLY   [error] Supply-supply-1 failed to query current state
14:29:52 | SERIAL   [error] Failed to write "STATE?
" to /dev/ttyUSB2: Bad file descriptor
14:29:52 | MODULE   [warning] Write attempt 1/3 failed for command "STATE?" to Module-module-1
14:29:52 | SERIAL   [error] Failed to write "STATE?
" to /dev/ttyUSB2: Bad file descriptor
14:29:52 | MODULE   [warning] Write attempt 2/3 failed for command "STATE?" to Module-module-1
14:29:52 | SERIAL   [error] Failed to write "STATE?
" to /dev/ttyUSB2: Bad file descriptor
14:29:52 | MODULE   [warning] Write attempt 3/3 failed for command "STATE?" to Module-module-1
14:29:52 | MODULE   [error] Failed to write command "STATE?" to Module-module-1 after 3 attempts
14:29:52 | MODULE   [warning] Query write attempt 1/1 failed for "STATE?" to Module-module-1
14:29:52 | MODULE   [error] Failed to query command "STATE?" from Module-module-1 after 1 attempts
14:29:52 | MODULE   [error] Module-module-1 did not return a state
14:29:52 | SERIAL   [error] Failed to write "STATE CHARGE
" to /dev/ttyUSB2: Bad file descriptor
14:29:52 | MODULE   [warning] Write attempt 1/3 failed for command "STATE CHARGE" to Module-module-1
14:29:52 | SERIAL   [error] Failed to write "STATE CHARGE
" to /dev/ttyUSB2: Bad file descriptor
14:29:52 | MODULE   [warning] Write attempt 2/3 failed for command "STATE CHARGE" to Module-module-1
14:29:52 | SERIAL   [error] Failed to write "STATE CHARGE
" to /dev/ttyUSB2: Bad file descriptor
14:29:52 | MODULE   [warning] Write attempt 3/3 failed for command "STATE CHARGE" to Module-module-1
14:29:52 | MODULE   [error] Failed to write command "STATE CHARGE" to Module-module-1 after 3 attempts
14:29:52 | MODULE   [error] Module-module-1 cannot be set to charging
14:29:52 | SERIAL   [error] Failed to write "CHAN 2
" to /dev/ttyUSB0: Bad file descriptor
14:29:52 | LOAD     [warning] Write attempt 1/3 failed for command "CHAN 2" to Load-load
14:29:52 | SERIAL   [error] Failed to write "CHAN 2
" to /dev/ttyUSB0: Bad file descriptor
14:29:52 | LOAD     [warning] Write attempt 2/3 failed for command "CHAN 2" to Load-load
14:29:52 | SERIAL   [error] Failed to write "CHAN 2
" to /dev/ttyUSB0: Bad file descriptor
14:29:52 | LOAD     [warning] Write attempt 3/3 failed for command "CHAN 2" to Load-load
14:29:52 | LOAD     [error] Failed to write command "CHAN 2" to Load-load after 3 attempts
14:29:52 | LOAD     [error] Failed to set channel at Load-load
14:29:52 | SERIAL   [error] Failed to write "MEAS:ALL?
" to /dev/ttyUSB1: Bad file descriptor
14:29:52 | SUPPLY   [warning] Write attempt 1/3 failed for command "MEAS:ALL?" to Supply-supply-1
14:29:52 | SERIAL   [error] Failed to write "MEAS:ALL?
" to /dev/ttyUSB1: Bad file descriptor
14:29:52 | SUPPLY   [warning] Write attempt 2/3 failed for command "MEAS:ALL?" to Supply-supply-1
14:29:52 | SERIAL   [error] Failed to write "MEAS:ALL?
" to /dev/ttyUSB1: Bad file descriptor
14:29:52 | SUPPLY   [warning] Write attempt 3/3 failed for command "MEAS:ALL?" to Supply-supply-1
14:29:52 | SUPPLY   [error] Failed to write command "MEAS:ALL?" to Supply-supply-1 after 3 attempts
14:29:52 | SUPPLY   [warning] Query write attempt 1/1 failed for "MEAS:ALL?" to Supply-supply-1
14:29:52 | SUPPLY   [error] Failed to query command "MEAS:ALL?" from Supply-supply-1 after 1 attempts
14:29:52 | SUPPLY   [error] Supply-supply-1 did not return any measurements
14:29:52 | SERIAL   [error] Failed to write "CHAN 1
" to /dev/ttyUSB0: Bad file descriptor
14:29:52 | LOAD     [warning] Write attempt 1/3 failed for command "CHAN 1" to Load-load
14:29:52 | SERIAL   [error] Failed to write "CHAN 1
" to /dev/ttyUSB0: Bad file descriptor
14:29:52 | LOAD     [warning] Write attempt 2/3 failed for command "CHAN 1" to Load-load
14:29:52 | SERIAL   [error] Failed to write "CHAN 1
" to /dev/ttyUSB0: Bad file descriptor
14:29:52 | LOAD     [warning] Write attempt 3/3 failed for command "CHAN 1" to Load-load
14:29:52 | LOAD     [error] Failed to write command "CHAN 1" to Load-load after 3 attempts
14:29:52 | LOAD     [error] Failed to set channel at Load-load
14:29:52 | SERIAL   [error] Failed to write "CHAN 1
" to /dev/ttyUSB0: Bad file descriptor
14:29:52 | LOAD     [warning] Write attempt 1/3 failed for command "CHAN 1" to Load-load
14:29:52 | SERIAL   [error] Failed to write "CHAN 1
" to /dev/ttyUSB0: Bad file descriptor
14:29:52 | LOAD     [warning] Write attempt 2/3 failed for command "CHAN 1" to Load-load
14:29:52 | SERIAL   [error] Failed to write "CHAN 1
" to /dev/ttyUSB0: Bad file descriptor
14:29:52 | LOAD     [warning] Write attempt 3/3 failed for command "CHAN 1" to Load-load
14:29:52 | LOAD     [error] Failed to write command "CHAN 1" to Load-load after 3 attempts
14:29:52 | LOAD     [error] Failed to set channel at Load-load
14:29:52 | SERIAL   [error] Failed to write "CHAN 2
" to /dev/ttyUSB0: Bad file descriptor
14:29:52 | LOAD     [warning] Write attempt 1/3 failed for command "CHAN 2" to Load-load
14:29:52 | SERIAL   [error] Failed to write "CHAN 2
" to /dev/ttyUSB0: Bad file descriptor
14:29:52 | LOAD     [warning] Write attempt 2/3 failed for command "CHAN 2" to Load-load
14:29:52 | SERIAL   [error] Failed to write "CHAN 2
" to /dev/ttyUSB0: Bad file descriptor
14:29:52 | LOAD     [warning] Write attempt 3/3 failed for command "CHAN 2" to Load-load
14:29:52 | LOAD     [error] Failed to write command "CHAN 2" to Load-load after 3 attempts
14:29:52 | LOAD     [error] Failed to set channel at Load-load
14:29:52 | SERIAL   [error] Failed to write "CHAN 2
" to /dev/ttyUSB0: Bad file descriptor
14:29:52 | LOAD     [warning] Write attempt 1/3 failed for command "CHAN 2" to Load-load
14:29:52 | SERIAL   [error] Failed to write "CHAN 2
" to /dev/ttyUSB0: Bad file descriptor
14:29:52 | LOAD     [warning] Write attempt 2/3 failed for command "CHAN 2" to Load-load
14:29:52 | SERIAL   [error] Failed to write "CHAN 2
" to /dev/ttyUSB0: Bad file descriptor
14:29:52 | LOAD     [warning] Write attempt 3/3 failed for command "CHAN 2" to Load-load
14:29:52 | LOAD     [error] Failed to write command "CHAN 2" to Load-load after 3 attempts
14:29:52 | LOAD     [error] Failed to set channel at Load-load
14:29:52 | SERIAL   [error] Failed to write "OUTP?
" to /dev/ttyUSB1: Bad file descriptor
14:29:52 | SUPPLY   [warning] Write attempt 1/3 failed for command "OUTP?" to Supply-supply-1
14:29:52 | SERIAL   [error] Failed to write "OUTP?
" to /dev/ttyUSB1: Bad file descriptor
14:29:52 | SUPPLY   [warning] Write attempt 2/3 failed for command "OUTP?" to Supply-supply-1
14:29:52 | SERIAL   [error] Failed to write "OUTP?
" to /dev/ttyUSB1: Bad file descriptor
14:29:52 | SUPPLY   [warning] Write attempt 3/3 failed for command "OUTP?" to Supply-supply-1
14:29:52 | SUPPLY   [error] Failed to write command "OUTP?" to Supply-supply-1 after 3 attempts
14:29:52 | SUPPLY   [warning] Query write attempt 1/1 failed for "OUTP?" to Supply-supply-1
14:29:52 | SUPPLY   [error] Failed to query command "OUTP?" from Supply-supply-1 after 1 attempts
14:29:52 | SUPPLY   [error] Supply-supply-1 did not return a valid state
14:29:52 | SERIAL   [error] Failed to write "VOLT?
" to /dev/ttyUSB1: Bad file descriptor
14:29:52 | SUPPLY   [warning] Write attempt 1/3 failed for command "VOLT?" to Supply-supply-1
14:29:52 | SERIAL   [error] Failed to write "VOLT?
" to /dev/ttyUSB1: Bad file descriptor
14:29:52 | SUPPLY   [warning] Write attempt 2/3 failed for command "VOLT?" to Supply-supply-1
14:29:52 | SERIAL   [error] Failed to write "VOLT?
" to /dev/ttyUSB1: Bad file descriptor
14:29:52 | SUPPLY   [warning] Write attempt 3/3 failed for command "VOLT?" to Supply-supply-1
14:29:52 | SUPPLY   [error] Failed to write command "VOLT?" to Supply-supply-1 after 3 attempts
14:29:52 | SUPPLY   [warning] Query write attempt 1/1 failed for "VOLT?" to Supply-supply-1
14:29:52 | SUPPLY   [error] Failed to query command "VOLT?" from Supply-supply-1 after 1 attempts
14:29:52 | SUPPLY   [error] Supply-supply-1 did not return a set voltage
14:29:52 | SERIAL   [error] Failed to write "CURR?
" to /dev/ttyUSB1: Bad file descriptor
14:29:52 | SUPPLY   [warning] Write attempt 1/3 failed for command "CURR?" to Supply-supply-1
14:29:52 | SERIAL   [error] Failed to write "CURR?
" to /dev/ttyUSB1: Bad file descriptor
14:29:52 | SUPPLY   [warning] Write attempt 2/3 failed for command "CURR?" to Supply-supply-1
14:29:52 | SERIAL   [error] Failed to write "CURR?
" to /dev/ttyUSB1: Bad file descriptor
14:29:52 | SUPPLY   [warning] Write attempt 3/3 failed for command "CURR?" to Supply-supply-1
14:29:52 | SUPPLY   [error] Failed to write command "CURR?" to Supply-supply-1 after 3 attempts
14:29:52 | SUPPLY   [warning] Query write attempt 1/1 failed for "CURR?" to Supply-supply-1
14:29:52 | SUPPLY   [error] Failed to query command "CURR?" from Supply-supply-1 after 1 attempts
14:29:52 | SUPPLY   [error] Supply-supply-1 did not return a set current
14:29:52 | SUPPLY   [error] Supply-supply-1 failed to query current state
14:29:52 | SERIAL   [error] Failed to write "STATE?
" to /dev/ttyUSB2: Bad file descriptor
14:29:52 | MODULE   [warning] Write attempt 1/3 failed for command "STATE?" to Module-module-1
14:29:52 | SERIAL   [error] Failed to write "STATE?
" to /dev/ttyUSB2: Bad file descriptor
14:29:52 | MODULE   [warning] Write attempt 2/3 failed for command "STATE?" to Module-module-1
14:29:52 | SERIAL   [error] Failed to write "STATE?
" to /dev/ttyUSB2: Bad file descriptor
14:29:52 | MODULE   [warning] Write attempt 3/3 failed for command "STATE?" to Module-module-1
14:29:52 | MODULE   [error] Failed to write command "STATE?" to Module-module-1 after 3 attempts
14:29:52 | MODULE   [warning] Query write attempt 1/1 failed for "STATE?" to Module-module-1
14:29:52 | MODULE   [error] Failed to query command "STATE?" from Module-module-1 after 1 attempts
14:29:52 | MODULE   [error] Module-module-1 did not return a state
14:29:52 | SERIAL   [error] Failed to write "STATE CHARGE
" to /dev/ttyUSB2: Bad file descriptor
14:29:52 | MODULE   [warning] Write attempt 1/3 failed for command "STATE CHARGE" to Module-module-1
14:29:52 | SERIAL   [error] Failed to write "STATE CHARGE
" to /dev/ttyUSB2: Bad file descriptor
14:29:52 | MODULE   [warning] Write attempt 2/3 failed for command "STATE CHARGE" to Module-module-1
14:29:52 | SERIAL   [error] Failed to write "STATE CHARGE
" to /dev/ttyUSB2: Bad file descriptor
14:29:52 | MODULE   [warning] Write attempt 3/3 failed for command "STATE CHARGE" to Module-module-1
14:29:52 | MODULE   [error] Failed to write command "STATE CHARGE" to Module-module-1 after 3 attempts
14:29:52 | MODULE   [error] Module-module-1 cannot be set to charging
14:29:52 | SERIAL   [error] Failed to write "CHAN 2
" to /dev/ttyUSB0: Bad file descriptor
14:29:52 | LOAD     [warning] Write attempt 1/3 failed for command "CHAN 2" to Load-load
14:29:52 | SERIAL   [error] Failed to write "CHAN 2
" to /dev/ttyUSB0: Bad file descriptor
14:29:52 | LOAD     [warning] Write attempt 2/3 failed for command "CHAN 2" to Load-load
14:29:52 | SERIAL   [error] Failed to write "CHAN 2
" to /dev/ttyUSB0: Bad file descriptor
14:29:52 | LOAD     [warning] Write attempt 3/3 failed for command "CHAN 2" to Load-load
14:29:52 | LOAD     [error] Failed to write command "CHAN 2" to Load-load after 3 attempts
14:29:52 | LOAD     [error] Failed to set channel at Load-load
14:29:52 | SERIAL   [error] Failed to write "MEAS:ALL?
" to /dev/ttyUSB1: Bad file descriptor
14:29:52 | SUPPLY   [warning] Write attempt 1/3 failed for command "MEAS:ALL?" to Supply-supply-1
14:29:52 | SERIAL   [error] Failed to write "MEAS:ALL?
" to /dev/ttyUSB1: Bad file descriptor
14:29:52 | SUPPLY   [warning] Write attempt 2/3 failed for command "MEAS:ALL?" to Supply-supply-1
14:29:52 | SERIAL   [error] Failed to write "MEAS:ALL?
" to /dev/ttyUSB1: Bad file descriptor
14:29:52 | SUPPLY   [warning] Write attempt 3/3 failed for command "MEAS:ALL?" to Supply-supply-1
14:29:52 | SUPPLY   [error] Failed to write command "MEAS:ALL?" to Supply-supply-1 after 3 attempts
14:29:52 | SUPPLY   [warning] Query write attempt 1/1 failed for "MEAS:ALL?" to Supply-supply-1
14:29:52 | SUPPLY   [error] Failed to query command "MEAS:ALL?" from Supply-supply-1 after 1 attempts
14:29:52 | SUPPLY   [error] Supply-supply-1 did not return any measurements
14:29:52 | SERIAL   [error] Failed to write "CHAN 1
" to /dev/ttyUSB0: Bad file descriptor
14:29:52 | LOAD     [warning] Write attempt 1/3 failed for command "CHAN 1" to Load-load
14:29:52 | SERIAL   [error] Failed to write "CHAN 1
" to /dev/ttyUSB0: Bad file descriptor
14:29:52 | LOAD     [warning] Write attempt 2/3 failed for command "CHAN 1" to Load-load
14:29:52 | SERIAL   [error] Failed to write "CHAN 1
" to /dev/ttyUSB0: Bad file descriptor
14:29:52 | LOAD     [warning] Write attempt 3/3 failed for command "CHAN 1" to Load-load
14:29:52 | LOAD     [error] Failed to write command "CHAN 1" to Load-load after 3 attempts
14:29:52 | LOAD     [error] Failed to set channel at Load-load
14:29:52 | SERIAL   [error] Failed to write "CHAN 1
" to /dev/ttyUSB0: Bad file descriptor
14:29:52 | LOAD     [warning] Write attempt 1/3 failed for command "CHAN 1" to Load-load
14:29:52 | SERIAL   [error] Failed to write "CHAN 1
" to /dev/ttyUSB0: Bad file descriptor
14:29:52 | LOAD     [warning] Write attempt 2/3 failed for command "CHAN 1" to Load-load
14:29:52 | SERIAL   [error] Failed to write "CHAN 1
" to /dev/ttyUSB0: Bad file descriptor
14:29:52 | LOAD     [warning] Write attempt 3/3 failed for command "CHAN 1" to Load-load
14:29:52 | LOAD     [error] Failed to write command "CHAN 1" to Load-load after 3 attempts
14:29:52 | LOAD     [error] Failed to set channel at Load-load
14:29:52 | SERIAL   [error] Failed to write "CHAN 2
" to /dev/ttyUSB0: Bad file descriptor
14:29:52 | LOAD     [warning] Write attempt 1/3 failed for command "CHAN 2" to Load-load
14:29:52 | SERIAL   [error] Failed to write "CHAN 2
" to /dev/ttyUSB0: Bad file descriptor
14:29:52 | LOAD     [warning] Write attempt 2/3 failed for command "CHAN 2" to Load-load
14:29:52 | SERIAL   [error] Failed to write "CHAN 2
" to /dev/ttyUSB0: Bad file descriptor
14:29:52 | LOAD     [warning] Write attempt 3/3 failed for command "CHAN 2" to Load-load
14:29:52 | LOAD     [error] Failed to write command "CHAN 2" to Load-load after 3 attempts
14:29:52 | LOAD     [error] Failed to set channel at Load-load
14:29:52 | SERIAL   [error] Failed to write "CHAN 2
" to /dev/ttyUSB0: Bad file descriptor
14:29:52 | LOAD     [warning] Write attempt 1/3 failed for command "CHAN 2" to Load-load
14:29:52 | SERIAL   [error] Failed to write "CHAN 2
" to /dev/ttyUSB0: Bad file descriptor
14:29:52 | LOAD     [warning] Write attempt 2/3 failed for command "CHAN 2" to Load-load
14:29:52 | SERIAL   [error] Failed to write "CHAN 2
" to /dev/ttyUSB0: Bad file descriptor
14:29:52 | LOAD     [warning] Write attempt 3/3 failed for command "CHAN 2" to Load-load
14:29:52 | LOAD     [error] Failed to write command "CHAN 2" to Load-load after 3 attempts
14:29:52 | LOAD     [error] Failed to set channel at Load-load
14:29:52 | SERIAL   [error] Failed to write "OUTP?
" to /dev/ttyUSB1: Bad file descriptor
14:29:52 | SUPPLY   [warning] Write attempt 1/3 failed for command "OUTP?" to Supply-supply-1
14:29:52 | SERIAL   [error] Failed to write "OUTP?
" to /dev/ttyUSB1: Bad file descriptor
14:29:52 | SUPPLY   [warning] Write attempt 2/3 failed for command "OUTP?" to Supply-supply-1
14:29:52 | SERIAL   [error] Failed to write "OUTP?
" to /dev/ttyUSB1: Bad file descriptor
14:29:52 | SUPPLY   [warning] Write attempt 3/3 failed for command "OUTP?" to Supply-supply-1
14:29:52 | SUPPLY   [error] Failed to write command "OUTP?" to Supply-supply-1 after 3 attempts
14:29:52 | SUPPLY   [warning] Query write attempt 1/1 failed for "OUTP?" to Supply-supply-1
14:29:52 | SUPPLY   [error] Failed to query command "OUTP?" from Supply-supply-1 after 1 attempts
14:29:52 | SUPPLY   [error] Supply-supply-1 did not return a valid state
14:29:52 | SERIAL   [error] Failed to write "VOLT?
" to /dev/ttyUSB1: Bad file descriptor
14:29:52 | SUPPLY   [warning] Write attempt 1/3 failed for command "VOLT?" to Supply-supply-1
14:29:52 | SERIAL   [error] Failed to write "VOLT?
" to /dev/ttyUSB1: Bad file descriptor
14:29:52 | SUPPLY   [warning] Write attempt 2/3 failed for command "VOLT?" to Supply-supply-1
14:29:52 | SERIAL   [error] Failed to write "VOLT?
" to /dev/ttyUSB1: Bad file descriptor
14:29:52 | SUPPLY   [warning] Write attempt 3/3 failed for command "VOLT?" to Supply-supply-1
14:29:52 | SUPPLY   [error] Failed to write command "VOLT?" to Supply-supply-1 after 3 attempts
14:29:52 | SUPPLY   [warning] Query write attempt 1/1 failed for "VOLT?" to Supply-supply-1
14:29:52 | SUPPLY   [error] Failed to query command "VOLT?" from Supply-supply-1 after 1 attempts
14:29:52 | SUPPLY   [error] Supply-supply-1 did not return a set voltage
14:29:52 | SERIAL   [error] Failed to write "CURR?
" to /dev/ttyUSB1: Bad file descriptor
14:29:52 | SUPPLY   [warning] Write attempt 1/3 failed for command "CURR?" to Supply-supply-1
14:29:52 | SERIAL   [error] Failed to write "CURR?
" to /dev/ttyUSB1: Bad file descriptor
14:29:52 | SUPPLY   [warning] Write attempt 2/3 failed for command "CURR?" to Supply-supply-1
14:29:52 | SERIAL   [error] Failed to write "CURR?
" to /dev/ttyUSB1: Bad file descriptor
14:29:52 | SUPPLY   [warning] Write attempt 3/3 failed for command "CURR?" to Supply-supply-1
14:29:52 | SUPPLY   [error] Failed to write command "CURR?" to Supply-supply-1 after 3 attempts
14:29:52 | SUPPLY   [warning] Query write attempt 1/1 failed for "CURR?" to Supply-supply-1
14:29:52 | SUPPLY   [error] Failed to query command "CURR?" from Supply-supply-1 after 1 attempts
14:29:52 | SUPPLY   [error] Supply-supply-1 did not return a set current
14:29:52 | SUPPLY   [error] Supply-supply-1 failed to query current state
14:29:52 | SERIAL   [error] Failed to write "STATE?
" to /dev/ttyUSB2: Bad file descriptor
14:29:52 | MODULE   [warning] Write attempt 1/3 failed for command "STATE?" to Module-module-1
14:29:52 | SERIAL   [error] Failed to write "STATE?
" to /dev/ttyUSB2: Bad file descriptor
14:29:52 | MODULE   [warning] Write attempt 2/3 failed for command "STATE?" to Module-module-1
14:29:52 | SERIAL   [error] Failed to write "STATE?
" to /dev/ttyUSB2: Bad file descriptor
14:29:52 | MODULE   [warning] Write attempt 3/3 failed for command "STATE?" to Module-module-1
14:29:52 | MODULE   [error] Failed to write command "STATE?" to Module-module-1 after 3 attempts
14:29:52 | MODULE   [warning] Query write attempt 1/1 failed for "STATE?" to Module-module-1
14:29:52 | MODULE   [error] Failed to query command "STATE?" from Module-module-1 after 1 attempts
14:29:52 | MODULE   [error] Module-module-1 did not return a state
14:29:52 | SERIAL   [error] Failed to write "STATE CHARGE
" to /dev/ttyUSB2: Bad file descriptor
14:29:52 | MODULE   [warning] Write attempt 1/3 failed for command "STATE CHARGE" to Module-module-1
14:29:52 | SERIAL   [error] Failed to write "STATE CHARGE
" to /dev/ttyUSB2: Bad file descriptor
14:29:52 | MODULE   [warning] Write attempt 2/3 failed for command "STATE CHARGE" to Module-module-1
14:29:52 | SERIAL   [error] Failed to write "STATE CHARGE
" to /dev/ttyUSB2: Bad file descriptor
14:29:52 | MODULE   [warning] Write attempt 3/3 failed for command "STATE CHARGE" to Module-module-1
14:29:52 | MODULE   [error] Failed to write command "STATE CHARGE" to Module-module-1 after 3 attempts
14:29:52 | MODULE   [error] Module-module-1 cannot be set to charging
14:29:52 | SERIAL   [error] Failed to write "CHAN 2
" to /dev/ttyUSB0: Bad file descriptor
14:29:52 | LOAD     [warning] Write attempt 1/3 failed for command "CHAN 2" to Load-load
14:29:52 | SERIAL   [error] Failed to write "CHAN 2
" to /dev/ttyUSB0: Bad file descriptor
14:29:52 | LOAD     [warning] Write attempt 2/3 failed for command "CHAN 2" to Load-load
14:29:52 | SERIAL   [error] Failed to write "CHAN 2
" to /dev/ttyUSB0: Bad file descriptor
14:29:52 | LOAD     [warning] Write attempt 3/3 failed for command "CHAN 2" to Load-load
14:29:52 | LOAD     [error] Failed to write command "CHAN 2" to Load-load after 3 attempts
14:29:52 | LOAD     [error] Failed to set channel at Load-load
14:29:52 | SERIAL   [error] Failed to write "MEAS:ALL?
" to /dev/ttyUSB1: Bad file descriptor
14:29:52 | SUPPLY   [warning] Write attempt 1/3 failed for command "MEAS:ALL?" to Supply-supply-1
14:29:52 | SERIAL   [error] Failed to write "MEAS:ALL?
" to /dev/ttyUSB1: Bad file descriptor
14:29:52 | SUPPLY   [warning] Write attempt 2/3 failed for command "MEAS:ALL?" to Supply-supply-1
14:29:52 | SERIAL   [error] Failed to write "MEAS:ALL?
" to /dev/ttyUSB1: Bad file descriptor
14:29:52 | SUPPLY   [warning] Write attempt 3/3 failed for command "MEAS:ALL?" to Supply-supply-1
14:29:52 | SUPPLY   [error] Failed to write command "MEAS:ALL?" to Supply-supply-1 after 3 attempts
14:29:52 | SUPPLY   [warning] Query write attempt 1/1 failed for "MEAS:ALL?" to Supply-supply-1
14:29:52 | SUPPLY   [error] Failed to query command "MEAS:ALL?" from Supply-supply-1 after 1 attempts
14:29:52 | SUPPLY   [error] Supply-supply-1 did not return any measurements
14:29:52 | SERIAL   [error] Failed to write "CHAN 1
" to /dev/ttyUSB0: Bad file descriptor
14:29:52 | LOAD     [warning] Write attempt 1/3 failed for command "CHAN 1" to Load-load
14:29:52 | SERIAL   [error] Failed to write "CHAN 1
" to /dev/ttyUSB0: Bad file descriptor
14:29:52 | LOAD     [warning] Write attempt 2/3 failed for command "CHAN 1" to Load-load
14:29:52 | SERIAL   [error] Failed to write "CHAN 1
" to /dev/ttyUSB0: Bad file descriptor
14:29:52 | LOAD     [warning] Write attempt 3/3 failed for command "CHAN 1" to Load-load
14:29:52 | LOAD     [error] Failed to write command "CHAN 1" to Load-load after 3 attempts
14:29:52 | LOAD     [error] Failed to set channel at Load-load
14:29:52 | SERIAL   [error] Failed to write "CHAN 1
" to /dev/ttyUSB0: Bad file descriptor
14:29:52 | LOAD     [warning] Write attempt 1/3 failed for command "CHAN 1" to Load-load
14:29:52 | SERIAL   [error] Failed to write "CHAN 1
" to /dev/ttyUSB0: Bad file descriptor
14:29:52 | LOAD     [warning] Write attempt 2/3 failed for command "CHAN 1" to Load-load
14:29:52 | SERIAL   [error] Failed to write "CHAN 1
" to /dev/ttyUSB0: Bad file descriptor
14:29:52 | LOAD     [warning] Write attempt 3/3 failed for command "CHAN 1" to Load-load
14:29:52 | LOAD     [error] Failed to write command "CHAN 1" to Load-load after 3 attempts
14:29:52 | LOAD     [error] Failed to set channel at Load-load
14:29:52 | SERIAL   [error] Failed to write "CHAN 2
" to /dev/ttyUSB0: Bad file descriptor
14:29:52 | LOAD     [warning] Write attempt 1/3 failed for command "CHAN 2" to Load-load
14:29:52 | SERIAL   [error] Failed to write "CHAN 2
" to /dev/ttyUSB0: Bad file descriptor
14:29:52 | LOAD     [warning] Write attempt 2/3 failed for command "CHAN 2" to Load-load
14:29:52 | SERIAL   [error] Failed to write "CHAN 2
" to /dev/ttyUSB0: Bad file descriptor
14:29:52 | LOAD     [warning] Write attempt 3/3 failed for command "CHAN 2" to Load-load
14:29:52 | LOAD     [error] Failed to write command "CHAN 2" to Load-load after 3 attempts
14:29:52 | LOAD     [error] Failed to set channel at Load-load
14:29:52 | SERIAL   [error] Failed to write "CHAN 2
" to /dev/ttyUSB0: Bad file descriptor
14:29:52 | LOAD     [warning] Write attempt 1/3 failed for command "CHAN 2" to Load-load
14:29:52 | SERIAL   [error] Failed to write "CHAN 2
" to /dev/ttyUSB0: Bad file descriptor
14:29:52 | LOAD     [warning] Write attempt 2/3 failed for command "CHAN 2" to Load-load
14:29:52 | SERIAL   [error] Failed to write "CHAN 2
" to /dev/ttyUSB0: Bad file descriptor
14:29:52 | LOAD     [warning] Write attempt 3/3 failed for command "CHAN 2" to Load-load
14:29:52 | LOAD     [error] Failed to write command "CHAN 2" to Load-load after 3 attempts
14:29:52 | LOAD     [error] Failed to set channel at Load-load
14:29:52 | SERIAL   [error] Failed to write "OUTP?
" to /dev/ttyUSB1: Bad file descriptor
14:29:52 | SUPPLY   [warning] Write attempt 1/3 failed for command "OUTP?" to Supply-supply-1
14:29:52 | SERIAL   [error] Failed to write "OUTP?
" to /dev/ttyUSB1: Bad file descriptor
14:29:52 | SUPPLY   [warning] Write attempt 2/3 failed for command "OUTP?" to Supply-supply-1
14:29:52 | SERIAL   [error] Failed to write "OUTP?
" to /dev/ttyUSB1: Bad file descriptor
14:29:52 | SUPPLY   [warning] Write attempt 3/3 failed for command "OUTP?" to Supply-supply-1
14:29:52 | SUPPLY   [error] Failed to write command "OUTP?" to Supply-supply-1 after 3 attempts
14:29:52 | SUPPLY   [warning] Query write attempt 1/1 failed for "OUTP?" to Supply-supply-1
14:29:52 | SUPPLY   [error] Failed to query command "OUTP?" from Supply-supply-1 after 1 attempts
14:29:52 | SUPPLY   [error] Supply-supply-1 did not return a valid state
14:29:52 | SERIAL   [error] Failed to write "VOLT?
" to /dev/ttyUSB1: Bad file descriptor
14:29:52 | SUPPLY   [warning] Write attempt 1/3 failed for command "VOLT?" to Supply-supply-1
14:29:52 | SERIAL   [error] Failed to write "VOLT?
" to /dev/ttyUSB1: Bad file descriptor
14:29:52 | SUPPLY   [warning] Write attempt 2/3 failed for command "VOLT?" to Supply-supply-1
14:29:52 | SERIAL   [error] Failed to write "VOLT?
" to /dev/ttyUSB1: Bad file descriptor
14:29:52 | SUPPLY   [warning] Write attempt 3/3 failed for command "VOLT?" to Supply-supply-1
14:29:52 | SUPPLY   [error] Failed to write command "VOLT?" to Supply-supply-1 after 3 attempts
14:29:52 | SUPPLY   [warning] Query write attempt 1/1 failed for "VOLT?" to Supply-supply-1
14:29:52 | SUPPLY   [error] Failed to query command "VOLT?" from Supply-supply-1 after 1 attempts
14:29:52 | SUPPLY   [error] Supply-supply-1 did not return a set voltage
14:29:52 | SERIAL   [error] Failed to write "CURR?
" to /dev/ttyUSB1: Bad file descriptor
14:29:52 | SUPPLY   [warning] Write attempt 1/3 failed for command "CURR?" to Supply-supply-1
14:29:52 | SERIAL   [error] Failed to write "CURR?
" to /dev/ttyUSB1: Bad file descriptor
14:29:52 | SUPPLY   [warning] Write attempt 2/3 failed for command "CURR?" to Supply-supply-1
14:29:52 | SERIAL   [error] Failed to write "CURR?
" to /dev/ttyUSB1: Bad file descriptor
14:29:52 | SUPPLY   [warning] Write attempt 3/3 failed for command "CURR?" to Supply-supply-1
14:29:52 | SUPPLY   [error] Failed to write command "CURR?" to Supply-supply-1 after 3 attempts
14:29:52 | SUPPLY   [warning] Query write attempt 1/1 failed for "CURR?" to Supply-supply-1
14:29:52 | SUPPLY   [error] Failed to query command "CURR?" from Supply-supply-1 after 1 attempts
14:29:52 | SUPPLY   [error] Supply-supply-1 did not return a set current
14:29:52 | SUPPLY   [error] Supply-supply-1 failed to query current state
14:29:52 | SERIAL   [error] Failed to write "STATE?
" to /dev/ttyUSB2: Bad file descriptor
14:29:52 | MODULE   [warning] Write attempt 1/3 failed for command "STATE?" to Module-module-1
14:29:52 | SERIAL   [error] Failed to write "STATE?
" to /dev/ttyUSB2: Bad file descriptor
14:29:52 | MODULE   [warning] Write attempt 2/3 failed for command "STATE?" to Module-module-1
14:29:52 | SERIAL   [error] Failed to write "STATE?
" to /dev/ttyUSB2: Bad file descriptor
14:29:52 | MODULE   [warning] Write attempt 3/3 failed for command "STATE?" to Module-module-1
14:29:52 | MODULE   [error] Failed to write command "STATE?" to Module-module-1 after 3 attempts
14:29:52 | MODULE   [warning] Query write attempt 1/1 failed for "STATE?" to Module-module-1
14:29:52 | MODULE   [error] Failed to query command "STATE?" from Module-module-1 after 1 attempts
14:29:52 | MODULE   [error] Module-module-1 did not return a state
14:29:52 | SERIAL   [error] Failed to write "STATE CHARGE
" to /dev/ttyUSB2: Bad file descriptor
14:29:52 | MODULE   [warning] Write attempt 1/3 failed for command "STATE CHARGE" to Module-module-1
14:29:52 | SERIAL   [error] Failed to write "STATE CHARGE
" to /dev/ttyUSB2: Bad file descriptor
14:29:52 | MODULE   [warning] Write attempt 2/3 failed for command "STATE CHARGE" to Module-module-1
14:29:52 | SERIAL   [error] Failed to write "STATE CHARGE
" to /dev/ttyUSB2: Bad file descriptor
14:29:52 | MODULE   [warning] Write attempt 3/3 failed for command "STATE CHARGE" to Module-module-1
14:29:52 | MODULE   [error] Failed to write command "STATE CHARGE" to Module-module-1 after 3 attempts
14:29:52 | MODULE   [error] Module-module-1 cannot be set to charging
14:29:52 | SERIAL   [error] Failed to write "CHAN 2
" to /dev/ttyUSB0: Bad file descriptor
14:29:52 | LOAD     [warning] Write attempt 1/3 failed for command "CHAN 2" to Load-load
14:29:52 | SERIAL   [error] Failed to write "CHAN 2
" to /dev/ttyUSB0: Bad file descriptor
14:29:52 | LOAD     [warning] Write attempt 2/3 failed for command "CHAN 2" to Load-load
14:29:52 | SERIAL   [error] Failed to write "CHAN 2
" to /dev/ttyUSB0: Bad file descriptor
14:29:52 | LOAD     [warning] Write attempt 3/3 failed for command "CHAN 2" to Load-load
14:29:52 | LOAD     [error] Failed to write command "CHAN 2" to Load-load after 3 attempts
14:29:52 | LOAD     [error] Failed to set channel at Load-load
14:29:52 | SERIAL   [error] Failed to write "MEAS:ALL?
" to /dev/ttyUSB1: Bad file descriptor
14:29:52 | SUPPLY   [warning] Write attempt 1/3 failed for command "MEAS:ALL?" to Supply-supply-1
14:29:52 | SERIAL   [error] Failed to write "MEAS:ALL?
" to /dev/ttyUSB1: Bad file descriptor
14:29:52 | SUPPLY   [warning] Write attempt 2/3 failed for command "MEAS:ALL?" to Supply-supply-1
14:29:52 | SERIAL   [error] Failed to write "MEAS:ALL?
" to /dev/ttyUSB1: Bad file descriptor
14:29:52 | SUPPLY   [warning] Write attempt 3/3 failed for command "MEAS:ALL?" to Supply-supply-1
14:29:52 | SUPPLY   [error] Failed to write command "MEAS:ALL?" to Supply-supply-1 after 3 attempts
14:29:52 | SUPPLY   [warning] Query write attempt 1/1 failed for "MEAS:ALL?" to Supply-supply-1
14:29:52 | SUPPLY   [error] Failed to query command "MEAS:ALL?" from Supply-supply-1 after 1 attempts
14:29:52 | SUPPLY   [error] Supply-supply-1 did not return any measurements
14:29:52 | SERIAL   [error] Failed to write "CHAN 1
" to /dev/ttyUSB0: Bad file descriptor
14:29:52 | LOAD     [warning] Write attempt 1/3 failed for command "CHAN 1" to Load-load
14:29:52 | SERIAL   [error] Failed to write "CHAN 1
" to /dev/ttyUSB0: Bad file descriptor
14:29:52 | LOAD     [warning] Write attempt 2/3 failed for command "CHAN 1" to Load-load
14:29:52 | SERIAL   [error] Failed to write "CHAN 1
" to /dev/ttyUSB0: Bad file descriptor
14:29:52 | LOAD     [warning] Write attempt 3/3 failed for command "CHAN 1" to Load-load
14:29:52 | LOAD     [error] Failed to write command "CHAN 1" to Load-load after 3 attempts
14:29:52 | LOAD     [error] Failed to set channel at Load-load
14:29:52 | SERIAL   [error] Failed to write "CHAN 1
" to /dev/ttyUSB0: Bad file descriptor
14:29:52 | LOAD     [warning] Write attempt 1/3 failed for command "CHAN 1" to Load-load
14:29:52 | SERIAL   [error] Failed to write "CHAN 1
" to /dev/ttyUSB0: Bad file descriptor
14:29:52 | LOAD     [warning] Write attempt 2/3 failed for command "CHAN 1" to Load-load
14:29:52 | SERIAL   [error] Failed to write "CHAN 1
" to /dev/ttyUSB0: Bad file descriptor
14:29:52 | LOAD     [warning] Write attempt 3/3 failed for command "CHAN 1" to Load-load
14:29:52 | LOAD     [error] Failed to write command "CHAN 1" to Load-load after 3 attempts
14:29:52 | LOAD     [error] Failed to set channel at Load-load
14:29:52 | SERIAL   [error] Failed to write "CHAN 2
" to /dev/ttyUSB0: Bad file descriptor
14:29:52 | LOAD     [warning] Write attempt 1/3 failed for command "CHAN 2" to Load-load
14:29:52 | SERIAL   [error] Failed to write "CHAN 2
" to /dev/ttyUSB0: Bad file descriptor
14:29:52 | LOAD     [warning] Write attempt 2/3 failed for command "CHAN 2" to Load-load
14:29:52 | SERIAL   [error] Failed to write "CHAN 2
" to /dev/ttyUSB0: Bad file descriptor
14:29:52 | LOAD     [warning] Write attempt 3/3 failed for command "CHAN 2" to Load-load
14:29:52 | LOAD     [error] Failed to write command "CHAN 2" to Load-load after 3 attempts
14:29:52 | LOAD     [error] Failed to set channel at Load-load
14:29:52 | SERIAL   [error] Failed to write "CHAN 2
" to /dev/ttyUSB0: Bad file descriptor
14:29:52 | LOAD     [warning] Write attempt 1/3 failed for command "CHAN 2" to Load-load
14:29:52 | SERIAL   [error] Failed to write "CHAN 2
" to /dev/ttyUSB0: Bad file descriptor
14:29:52 | LOAD     [warning] Write attempt 2/3 failed for command "CHAN 2" to Load-load
14:29:52 | SERIAL   [error] Failed to write "CHAN 2
" to /dev/ttyUSB0: Bad file descriptor
14:29:52 | LOAD     [warning] Write attempt 3/3 failed for command "CHAN 2" to Load-load
14:29:52 | LOAD     [error] Failed to write command "CHAN 2" to Load-load after 3 attempts
14:29:52 | LOAD     [error] Failed to set channel at Load-load
14:29:52 | SERIAL   [error] Failed to write "OUTP?
" to /dev/ttyUSB1: Bad file descriptor
14:29:52 | SUPPLY   [warning] Write attempt 1/3 failed for command "OUTP?" to Supply-supply-1
14:29:52 | SERIAL   [error] Failed to write "OUTP?
" to /dev/ttyUSB1: Bad file descriptor
14:29:52 | SUPPLY   [warning] Write attempt 2/3 failed for command "OUTP?" to Supply-supply-1
14:29:52 | SERIAL   [error] Failed to write "OUTP?
" to /dev/ttyUSB1: Bad file descriptor
14:29:52 | SUPPLY   [warning] Write attempt 3/3 failed for command "OUTP?" to Supply-supply-1
14:29:52 | SUPPLY   [error] Failed to write command "OUTP?" to Supply-supply-1 after 3 attempts
14:29:52 | SUPPLY   [warning] Query write attempt 1/1 failed for "OUTP?" to Supply-supply-1
14:29:52 | SUPPLY   [error] Failed to query command "OUTP?" from Supply-supply-1 after 1 attempts
14:29:52 | SUPPLY   [error] Supply-supply-1 did not return a valid state
14:29:52 | SERIAL   [error] Failed to write "VOLT?
" to /dev/ttyUSB1: Bad file descriptor
14:29:52 | SUPPLY   [warning] Write attempt 1/3 failed for command "VOLT?" to Supply-supply-1
14:29:52 | SERIAL   [error] Failed to write "VOLT?
" to /dev/ttyUSB1: Bad file descriptor
14:29:52 | SUPPLY   [warning] Write attempt 2/3 failed for command "VOLT?" to Supply-supply-1
14:29:52 | SERIAL   [error] Failed to write "VOLT?
" to /dev/ttyUSB1: Bad file descriptor
14:29:52 | SUPPLY   [warning] Write attempt 3/3 failed for command "VOLT?" to Supply-supply-1
14:29:52 | SUPPLY   [error] Failed to write command "VOLT?" to Supply-supply-1 after 3 attempts
14:29:52 | SUPPLY   [warning] Query write attempt 1/1 failed for "VOLT?" to Supply-supply-1
14:29:52 | SUPPLY   [error] Failed to query command "VOLT?" from Supply-supply-1 after 1 attempts
14:29:52 | SUPPLY   [error] Supply-supply-1 did not return a set voltage
14:29:52 | SERIAL   [error] Failed to write "CURR?
" to /dev/ttyUSB1: Bad file descriptor
14:29:52 | SUPPLY   [warning] Write attempt 1/3 failed for command "CURR?" to Supply-supply-1
14:29:52 | SERIAL   [error] Failed to write "CURR?
" to /dev/ttyUSB1: Bad file descriptor
14:29:52 | SUPPLY   [warning] Write attempt 2/3 failed for command "CURR?" to Supply-supply-1
14:29:52 | SERIAL   [error] Failed to write "CURR?
" to /dev/ttyUSB1: Bad file descriptor
14:29:52 | SUPPLY   [warning] Write attempt 3/3 failed for command "CURR?" to Supply-supply-1
14:29:52 | SUPPLY   [error] Failed to write command "CURR?" to Supply-supply-1 after 3 attempts
14:29:52 | SUPPLY   [warning] Query write attempt 1/1 failed for "CURR?" to Supply-supply-1
14:29:52 | SUPPLY   [error] Failed to query command "CURR?" from Supply-supply-1 after 1 attempts
14:29:52 | SUPPLY   [error] Supply-supply-1 did not return a set current
14:29:52 | SUPPLY   [error] Supply-supply-1 failed to query current state
14:29:52 | SERIAL   [error] Failed to write "STATE?
" to /dev/ttyUSB2: Bad file descriptor
14:29:52 | MODULE   [warning] Write attempt 1/3 failed for command "STATE?" to Module-module-1
14:29:52 | SERIAL   [error] Failed to write "STATE?
" to /dev/ttyUSB2: Bad file descriptor
14:29:52 | MODULE   [warning] Write attempt 2/3 failed for command "STATE?" to Module-module-1
14:29:52 | SERIAL   [error] Failed to write "STATE?
" to /dev/ttyUSB2: Bad file descriptor
14:29:52 | MODULE   [warning] Write attempt 3/3 failed for command "STATE?" to Module-module-1
14:29:52 | MODULE   [error] Failed to write command "STATE?" to Module-module-1 after 3 attempts
14:29:52 | MODULE   [warning] Query write attempt 1/1 failed for "STATE?" to Module-module-1
14:29:52 | MODULE   [error] Failed to query command "STATE?" from Module-module-1 after 1 attempts
14:29:52 | MODULE   [error] Module-module-1 did not return a state
14:29:52 | SERIAL   [error] Failed to write "STATE CHARGE
" to /dev/ttyUSB2: Bad file descriptor
14:29:52 | MODULE   [warning] Write attempt 1/3 failed for command "STATE CHARGE" to Module-module-1
14:29:52 | SERIAL   [error] Failed to write "STATE CHARGE
" to /dev/ttyUSB2: Bad file descriptor
14:29:52 | MODULE   [warning] Write attempt 2/3 failed for command "STATE CHARGE" to Module-module-1
14:29:52 | SERIAL   [error] Failed to write "STATE CHARGE
" to /dev/ttyUSB2: Bad file descriptor
14:29:52 | MODULE   [warning] Write attempt 3/3 failed for command "STATE CHARGE" to Module-module-1
14:29:52 | MODULE   [error] Failed to write command "STATE CHARGE" to Module-module-1 after 3 attempts
14:29:52 | MODULE   [error] Module-module-1 cannot be set to charging
14:29:52 | SERIAL   [error] Failed to write "CHAN 2
" to /dev/ttyUSB0: Bad file descriptor
14:29:52 | LOAD     [warning] Write attempt 1/3 failed for command "CHAN 2" to Load-load
14:29:52 | SERIAL   [error] Failed to write "CHAN 2
" to /dev/ttyUSB0: Bad file descriptor
14:29:52 | LOAD     [warning] Write attempt 2/3 failed for command "CHAN 2" to Load-load
14:29:52 | SERIAL   [error] Failed to write "CHAN 2
" to /dev/ttyUSB0: Bad file descriptor
14:29:52 | LOAD     [warning] Write attempt 3/3 failed for command "CHAN 2" to Load-load
14:29:52 | LOAD     [error] Failed to write command "CHAN 2" to Load-load after 3 attempts
14:29:52 | LOAD     [error] Failed to set channel at Load-load
14:29:52 | SERIAL   [error] Failed to write "MEAS:ALL?
" to /dev/ttyUSB1: Bad file descriptor
14:29:52 | SUPPLY   [warning] Write attempt 1/3 failed for command "MEAS:ALL?" to Supply-supply-1
14:29:52 | SERIAL   [error] Failed to write "MEAS:ALL?
" to /dev/ttyUSB1: Bad file descriptor
14:29:52 | SUPPLY   [warning] Write attempt 2/3 failed for command "MEAS:ALL?" to Supply-supply-1
14:29:52 | SERIAL   [error] Failed to write "MEAS:ALL?
" to /dev/ttyUSB1: Bad file descriptor
14:29:52 | SUPPLY   [warning] Write attempt 3/3 failed for command "MEAS:ALL?" to Supply-supply-1
14:29:52 | SUPPLY   [error] Failed to write command "MEAS:ALL?" to Supply-supply-1 after 3 attempts
14:29:52 | SUPPLY   [warning] Query write attempt 1/1 failed for "MEAS:ALL?" to Supply-supply-1
14:29:52 | SUPPLY   [error] Failed to query command "MEAS:ALL?" from Supply-supply-1 after 1 attempts
14:29:52 | SUPPLY   [error] Supply-supply-1 did not return any measurements
14:29:52 | SERIAL   [error] Failed to write "CHAN 1
" to /dev/ttyUSB0: Bad file descriptor
14:29:52 | LOAD     [warning] Write attempt 1/3 failed for command "CHAN 1" to Load-load
14:29:52 | SERIAL   [error] Failed to write "CHAN 1
" to /dev/ttyUSB0: Bad file descriptor
14:29:52 | LOAD     [warning] Write attempt 2/3 failed for command "CHAN 1" to Load-load
14:29:52 | SERIAL   [error] Failed to write "CHAN 1
" to /dev/ttyUSB0: Bad file descriptor
14:29:52 | LOAD     [warning] Write attempt 3/3 failed for command "CHAN 1" to Load-load
14:29:52 | LOAD     [error] Failed to write command "CHAN 1" to Load-load after 3 attempts
14:29:52 | LOAD     [error] Failed to set channel at Load-load
14:29:52 | SERIAL   [error] Failed to write "CHAN 1
" to /dev/ttyUSB0: Bad file descriptor
14:29:52 | LOAD     [warning] Write attempt 1/3 failed for command "CHAN 1" to Load-load
14:29:52 | SERIAL   [error] Failed to write "CHAN 1
" to /dev/ttyUSB0: Bad file descriptor
14:29:52 | LOAD     [warning] Write attempt 2/3 failed for command "CHAN 1" to Load-load
14:29:52 | SERIAL   [error] Failed to write "CHAN 1
" to /dev/ttyUSB0: Bad file descriptor
14:29:52 | LOAD     [warning] Write attempt 3/3 failed for command "CHAN 1" to Load-load
14:29:52 | LOAD     [error] Failed to write command "CHAN 1" to Load-load after 3 attempts
14:29:52 | LOAD     [error] Failed to set channel at Load-load
14:29:52 | SERIAL   [error] Failed to write "CHAN 2
" to /dev/ttyUSB0: Bad file descriptor
14:29:52 | LOAD     [warning] Write attempt 1/3 failed for command "CHAN 2" to Load-load
14:29:52 | SERIAL   [error] Failed to write "CHAN 2
" to /dev/ttyUSB0: Bad file descriptor
14:29:52 | LOAD     [warning] Write attempt 2/3 failed for command "CHAN 2" to Load-load
14:29:52 | SERIAL   [error] Failed to write "CHAN 2
" to /dev/ttyUSB0: Bad file descriptor
14:29:52 | LOAD     [warning] Write attempt 3/3 failed for command "CHAN 2" to Load-load
14:29:52 | LOAD     [error] Failed to write command "CHAN 2" to Load-load after 3 attempts
14:29:52 | LOAD     [error] Failed to set channel at Load-load
14:29:52 | SERIAL   [error] Failed to write "CHAN 2
" to /dev/ttyUSB0: Bad file descriptor
14:29:52 | LOAD     [warning] Write attempt 1/3 failed for command "CHAN 2" to Load-load
14:29:52 | SERIAL   [error] Failed to write "CHAN 2
" to /dev/ttyUSB0: Bad file descriptor
14:29:52 | LOAD     [warning] Write attempt 2/3 failed for command "CHAN 2" to Load-load
14:29:52 | SERIAL   [error] Failed to write "CHAN 2
" to /dev/ttyUSB0: Bad file descriptor
14:29:52 | LOAD     [warning] Write attempt 3/3 failed for command "CHAN 2" to Load-load
14:29:52 | LOAD     [error] Failed to write command "CHAN 2" to Load-load after 3 attempts
14:29:52 | LOAD     [error] Failed to set channel at Load-load
14:29:52 | SERIAL   [error] Failed to write "OUTP?
" to /dev/ttyUSB1: Bad file descriptor
14:29:52 | SUPPLY   [warning] Write attempt 1/3 failed for command "OUTP?" to Supply-supply-1
14:29:52 | SERIAL   [error] Failed to write "OUTP?
" to /dev/ttyUSB1: Bad file descriptor
14:29:52 | SUPPLY   [warning] Write attempt 2/3 failed for command "OUTP?" to Supply-supply-1
14:29:52 | SERIAL   [error] Failed to write "OUTP?
" to /dev/ttyUSB1: Bad file descriptor
14:29:52 | SUPPLY   [warning] Write attempt 3/3 failed for command "OUTP?" to Supply-supply-1
14:29:52 | SUPPLY   [error] Failed to write command "OUTP?" to Supply-supply-1 after 3 attempts
14:29:52 | SUPPLY   [warning] Query write attempt 1/1 failed for "OUTP?" to Supply-supply-1
14:29:52 | SUPPLY   [error] Failed to query command "OUTP?" from Supply-supply-1 after 1 attempts
14:29:52 | SUPPLY   [error] Supply-supply-1 did not return a valid state
14:29:52 | SERIAL   [error] Failed to write "VOLT?
" to /dev/ttyUSB1: Bad file descriptor
14:29:52 | SUPPLY   [warning] Write attempt 1/3 failed for command "VOLT?" to Supply-supply-1
14:29:52 | SERIAL   [error] Failed to write "VOLT?
" to /dev/ttyUSB1: Bad file descriptor
14:29:52 | SUPPLY   [warning] Write attempt 2/3 failed for command "VOLT?" to Supply-supply-1
14:29:52 | SERIAL   [error] Failed to write "VOLT?
" to /dev/ttyUSB1: Bad file descriptor
14:29:52 | SUPPLY   [warning] Write attempt 3/3 failed for command "VOLT?" to Supply-supply-1
14:29:52 | SUPPLY   [error] Failed to write command "VOLT?" to Supply-supply-1 after 3 attempts
14:29:52 | SUPPLY   [warning] Query write attempt 1/1 failed for "VOLT?" to Supply-supply-1
14:29:52 | SUPPLY   [error] Failed to query command "VOLT?" from Supply-supply-1 after 1 attempts
14:29:52 | SUPPLY   [error] Supply-supply-1 did not return a set voltage
14:29:52 | SERIAL   [error] Failed to write "CURR?
" to /dev/ttyUSB1: Bad file descriptor
14:29:52 | SUPPLY   [warning] Write attempt 1/3 failed for command "CURR?" to Supply-supply-1
14:29:52 | SERIAL   [error] Failed to write "CURR?
" to /dev/ttyUSB1: Bad file descriptor
14:29:52 | SUPPLY   [warning] Write attempt 2/3 failed for command "CURR?" to Supply-supply-1
14:29:52 | SERIAL   [error] Failed to write "CURR?
" to /dev/ttyUSB1: Bad file descriptor
14:29:52 | SUPPLY   [warning] Write attempt 3/3 failed for command "CURR?" to Supply-supply-1
14:29:52 | SUPPLY   [error] Failed to write command "CURR?" to Supply-supply-1 after 3 attempts
14:29:52 | SUPPLY   [warning] Query write attempt 1/1 failed for "CURR?" to Supply-supply-1
14:29:52 | SUPPLY   [error] Failed to query command "CURR?" from Supply-supply-1 after 1 attempts
14:29:52 | SUPPLY   [error] Supply-supply-1 did not return a set current
14:29:52 | SUPPLY   [error] Supply-supply-1 failed to query current state
14:29:52 | SERIAL   [error] Failed to write "STATE?
" to /dev/ttyUSB2: Bad file descriptor
14:29:52 | MODULE   [warning] Write attempt 1/3 failed for command "STATE?" to Module-module-1
14:29:52 | SERIAL   [error] Failed to write "STATE?
" to /dev/ttyUSB2: Bad file descriptor
14:29:52 | MODULE   [warning] Write attempt 2/3 failed for command "STATE?" to Module-module-1
14:29:52 | SERIAL   [error] Failed to write "STATE?
" to /dev/ttyUSB2: Bad file descriptor
14:29:52 | MODULE   [warning] Write attempt 3/3 failed for command "STATE?" to Module-module-1
14:29:52 | MODULE   [error] Failed to write command "STATE?" to Module-module-1 after 3 attempts
14:29:52 | MODULE   [warning] Query write attempt 1/1 failed for "STATE?" to Module-module-1
14:29:52 | MODULE   [error] Failed to query command "STATE?" from Module-module-1 after 1 attempts
14:29:52 | MODULE   [error] Module-module-1 did not return a state
14:29:52 | SERIAL   [error] Failed to write "STATE CHARGE
" to /dev/ttyUSB2: Bad file descriptor
14:29:52 | MODULE   [warning] Write attempt 1/3 failed for command "STATE CHARGE" to Module-module-1
14:29:52 | SERIAL   [error] Failed to write "STATE CHARGE
" to /dev/ttyUSB2: Bad file descriptor
14:29:52 | MODULE   [warning] Write attempt 2/3 failed for command "STATE CHARGE" to Module-module-1
14:29:52 | SERIAL   [error] Failed to write "STATE CHARGE
" to /dev/ttyUSB2: Bad file descriptor
14:29:52 | MODULE   [warning] Write attempt 3/3 failed for command "STATE CHARGE" to Module-module-1
14:29:52 | MODULE   [error] Failed to write command "STATE CHARGE" to Module-module-1 after 3 attempts
14:29:52 | MODULE   [error] Module-module-1 cannot be set to charging
14:29:52 | SERIAL   [error] Failed to write "CHAN 2
" to /dev/ttyUSB0: Bad file descriptor
14:29:52 | LOAD     [warning] Write attempt 1/3 failed for command "CHAN 2" to Load-load
14:29:52 | SERIAL   [error] Failed to write "CHAN 2
" to /dev/ttyUSB0: Bad file descriptor
14:29:52 | LOAD     [warning] Write attempt 2/3 failed for command "CHAN 2" to Load-load
14:29:52 | SERIAL   [error] Failed to write "CHAN 2
" to /dev/ttyUSB0: Bad file descriptor
14:29:52 | LOAD     [warning] Write attempt 3/3 failed for command "CHAN 2" to Load-load
14:29:52 | LOAD     [error] Failed to write command "CHAN 2" to Load-load after 3 attempts
14:29:52 | LOAD     [error] Failed to set channel at Load-load
14:29:52 | SERIAL   [error] Failed to write "MEAS:ALL?
" to /dev/ttyUSB1: Bad file descriptor
14:29:52 | SUPPLY   [warning] Write attempt 1/3 failed for command "MEAS:ALL?" to Supply-supply-1
14:29:52 | SERIAL   [error] Failed to write "MEAS:ALL?
" to /dev/ttyUSB1: Bad file descriptor
14:29:52 | SUPPLY   [warning] Write attempt 2/3 failed for command "MEAS:ALL?" to Supply-supply-1
14:29:52 | SERIAL   [error] Failed to write "MEAS:ALL?
" to /dev/ttyUSB1: Bad file descriptor
14:29:52 | SUPPLY   [warning] Write attempt 3/3 failed for command "MEAS:ALL?" to Supply-supply-1
14:29:52 | SUPPLY   [error] Failed to write command "MEAS:ALL?" to Supply-supply-1 after 3 attempts
14:29:52 | SUPPLY   [warning] Query write attempt 1/1 failed for "MEAS:ALL?" to Supply-supply-1
14:29:52 | SUPPLY   [error] Failed to query command "MEAS:ALL?" from Supply-supply-1 after 1 attempts
14:29:52 | SUPPLY   [error] Supply-supply-1 did not return any measurements
14:29:52 | SERIAL   [error] Failed to write "CHAN 1
" to /dev/ttyUSB0: Bad file descriptor
14:29:52 | LOAD     [warning] Write attempt 1/3 failed for command "CHAN 1" to Load-load
14:29:52 | SERIAL   [error] Failed to write "CHAN 1
" to /dev/ttyUSB0: Bad file descriptor
14:29:52 | LOAD     [warning] Write attempt 2/3 failed for command "CHAN 1" to Load-load
14:29:52 | SERIAL   [error] Failed to write "CHAN 1
" to /dev/ttyUSB0: Bad file descriptor
14:29:52 | LOAD     [warning] Write attempt 3/3 failed for command "CHAN 1" to Load-load
14:29:52 | LOAD     [error] Failed to write command "CHAN 1" to Load-load after 3 attempts
14:29:52 | LOAD     [error] Failed to set channel at Load-load
14:29:52 | SERIAL   [error] Failed to write "CHAN 1
" to /dev/ttyUSB0: Bad file descriptor
14:29:52 | LOAD     [warning] Write attempt 1/3 failed for command "CHAN 1" to Load-load
14:29:52 | SERIAL   [error] Failed to write "CHAN 1
" to /dev/ttyUSB0: Bad file descriptor
14:29:52 | LOAD     [warning] Write attempt 2/3 failed for command "CHAN 1" to Load-load
14:29:52 | SERIAL   [error] Failed to write "CHAN 1
" to /dev/ttyUSB0: Bad file descriptor
14:29:52 | LOAD     [warning] Write attempt 3/3 failed for command "CHAN 1" to Load-load
14:29:52 | LOAD     [error] Failed to write command "CHAN 1" to Load-load after 3 attempts
14:29:52 | LOAD     [error] Failed to set channel at Load-load
14:29:52 | SERIAL   [error] Failed to write "CHAN 2
" to /dev/ttyUSB0: Bad file descriptor
14:29:52 | LOAD     [warning] Write attempt 1/3 failed for command "CHAN 2" to Load-load
14:29:52 | SERIAL   [error] Failed to write "CHAN 2
" to /dev/ttyUSB0: Bad file descriptor
14:29:52 | LOAD     [warning] Write attempt 2/3 failed for command "CHAN 2" to Load-load
14:29:52 | SERIAL   [error] Failed to write "CHAN 2
" to /dev/ttyUSB0: Bad file descriptor
14:29:52 | LOAD     [warning] Write attempt 3/3 failed for command "CHAN 2" to Load-load
14:29:52 | LOAD     [error] Failed to write command "CHAN 2" to Load-load after 3 attempts
14:29:52 | LOAD     [error] Failed to set channel at Load-load
14:29:52 | SERIAL   [error] Failed to write "CHAN 2
" to /dev/ttyUSB0: Bad file descriptor
14:29:52 | LOAD     [warning] Write attempt 1/3 failed for command "CHAN 2" to Load-load
14:29:52 | SERIAL   [error] Failed to write "CHAN 2
" to /dev/ttyUSB0: Bad file descriptor
14:29:52 | LOAD     [warning] Write attempt 2/3 failed for command "CHAN 2" to Load-load
14:29:52 | SERIAL   [error] Failed to write "CHAN 2
" to /dev/ttyUSB0: Bad file descriptor
14:29:52 | LOAD     [warning] Write attempt 3/3 failed for command "CHAN 2" to Load-load
14:29:52 | LOAD     [error] Failed to write command "CHAN 2" to Load-load after 3 attempts
14:29:52 | LOAD     [error] Failed to set channel at Load-load
14:29:52 | SERIAL   [error] Failed to write "OUTP?
" to /dev/ttyUSB1: Bad file descriptor
14:29:52 | SUPPLY   [warning] Write attempt 1/3 failed for command "OUTP?" to Supply-supply-1
14:29:52 | SERIAL   [error] Failed to write "OUTP?
" to /dev/ttyUSB1: Bad file descriptor
14:29:52 | SUPPLY   [warning] Write attempt 2/3 failed for command "OUTP?" to Supply-supply-1
14:29:52 | SERIAL   [error] Failed to write "OUTP?
" to /dev/ttyUSB1: Bad file descriptor
14:29:52 | SUPPLY   [warning] Write attempt 3/3 failed for command "OUTP?" to Supply-supply-1
14:29:52 | SUPPLY   [error] Failed to write command "OUTP?" to Supply-supply-1 after 3 attempts
14:29:52 | SUPPLY   [warning] Query write attempt 1/1 failed for "OUTP?" to Supply-supply-1
14:29:52 | SUPPLY   [error] Failed to query command "OUTP?" from Supply-supply-1 after 1 attempts
14:29:52 | SUPPLY   [error] Supply-supply-1 did not return a valid state
14:29:52 | SERIAL   [error] Failed to write "VOLT?
" to /dev/ttyUSB1: Bad file descriptor
14:29:52 | SUPPLY   [warning] Write attempt 1/3 failed for command "VOLT?" to Supply-supply-1
14:29:52 | SERIAL   [error] Failed to write "VOLT?
" to /dev/ttyUSB1: Bad file descriptor
14:29:52 | SUPPLY   [warning] Write attempt 2/3 failed for command "VOLT?" to Supply-supply-1
14:29:52 | SERIAL   [error] Failed to write "VOLT?
" to /dev/ttyUSB1: Bad file descriptor
14:29:52 | SUPPLY   [warning] Write attempt 3/3 failed for command "VOLT?" to Supply-supply-1
14:29:52 | SUPPLY   [error] Failed to write command "VOLT?" to Supply-supply-1 after 3 attempts
14:29:52 | SUPPLY   [warning] Query write attempt 1/1 failed for "VOLT?" to Supply-supply-1
14:29:52 | SUPPLY   [error] Failed to query command "VOLT?" from Supply-supply-1 after 1 attempts
14:29:52 | SUPPLY   [error] Supply-supply-1 did not return a set voltage
14:29:52 | SERIAL   [error] Failed to write "CURR?
" to /dev/ttyUSB1: Bad file descriptor
14:29:52 | SUPPLY   [warning] Write attempt 1/3 failed for command "CURR?" to Supply-supply-1
14:29:52 | SERIAL   [error] Failed to write "CURR?
" to /dev/ttyUSB1: Bad file descriptor
14:29:52 | SUPPLY   [warning] Write attempt 2/3 failed for command "CURR?" to Supply-supply-1
14:29:52 | SERIAL   [error] Failed to write "CURR?
" to /dev/ttyUSB1: Bad file descriptor
14:29:52 | SUPPLY   [warning] Write attempt 3/3 failed for command "CURR?" to Supply-supply-1
14:29:52 | SUPPLY   [error] Failed to write command "CURR?" to Supply-supply-1 after 3 attempts
14:29:52 | SUPPLY   [warning] Query write attempt 1/1 failed for "CURR?" to Supply-supply-1
14:29:52 | SUPPLY   [error] Failed to query command "CURR?" from Supply-supply-1 after 1 attempts
14:29:52 | SUPPLY   [error] Supply-supply-1 did not return a set current
14:29:52 | SUPPLY   [error] Supply-supply-1 failed to query current state
14:29:52 | SERIAL   [error] Failed to write "STATE?
" to /dev/ttyUSB2: Bad file descriptor
14:29:52 | MODULE   [warning] Write attempt 1/3 failed for command "STATE?" to Module-module-1
14:29:52 | SERIAL   [error] Failed to write "STATE?
" to /dev/ttyUSB2: Bad file descriptor
14:29:52 | MODULE   [warning] Write attempt 2/3 failed for command "STATE?" to Module-module-1
14:29:52 | SERIAL   [error] Failed to write "STATE?
" to /dev/ttyUSB2: Bad file descriptor
14:29:52 | MODULE   [warning] Write attempt 3/3 failed for command "STATE?" to Module-module-1
14:29:52 | MODULE   [error] Failed to write command "STATE?" to Module-module-1 after 3 attempts
14:29:52 | MODULE   [warning] Query write attempt 1/1 failed for "STATE?" to Module-module-1
14:29:52 | MODULE   [error] Failed to query command "STATE?" from Module-module-1 after 1 attempts
14:29:52 | MODULE   [error] Module-module-1 did not return a state
14:29:52 | SERIAL   [error] Failed to write "STATE CHARGE
" to /dev/ttyUSB2: Bad file descriptor
14:29:52 | MODULE   [warning] Write attempt 1/3 failed for command "STATE CHARGE" to Module-module-1
14:29:52 | SERIAL   [error] Failed to write "STATE CHARGE
" to /dev/ttyUSB2: Bad file descriptor
14:29:52 | MODULE   [warning] Write attempt 2/3 failed for command "STATE CHARGE" to Module-module-1
14:29:52 | SERIAL   [error] Failed to write "STATE CHARGE
" to /dev/ttyUSB2: Bad file descriptor
14:29:52 | MODULE   [warning] Write attempt 3/3 failed for command "STATE CHARGE" to Module-module-1
14:29:52 | MODULE   [error] Failed to write command "STATE CHARGE" to Module-module-1 after 3 attempts
14:29:52 | MODULE   [error] Module-module-1 cannot be set to charging
14:29:52 | SERIAL   [error] Failed to write "CHAN 2
" to /dev/ttyUSB0: Bad file descriptor
14:29:52 | LOAD     [warning] Write attempt 1/3 failed for command "CHAN 2" to Load-load
14:29:52 | SERIAL   [error] Failed to write "CHAN 2
" to /dev/ttyUSB0: Bad file descriptor
14:29:52 | LOAD     [warning] Write attempt 2/3 failed for command "CHAN 2" to Load-load
14:29:52 | SERIAL   [error] Failed to write "CHAN 2
" to /dev/ttyUSB0: Bad file descriptor
14:29:52 | LOAD     [warning] Write attempt 3/3 failed for command "CHAN 2" to Load-load
14:29:52 | LOAD     [error] Failed to write command "CHAN 2" to Load-load after 3 attempts
14:29:52 | LOAD     [error] Failed to set channel at Load-load
14:29:52 | SERIAL   [error] Failed to write "MEAS:ALL?
" to /dev/ttyUSB1: Bad file descriptor
14:29:52 | SUPPLY   [warning] Write attempt 1/3 failed for command "MEAS:ALL?" to Supply-supply-1
14:29:52 | SERIAL   [error] Failed to write "MEAS:ALL?
" to /dev/ttyUSB1: Bad file descriptor
14:29:52 | SUPPLY   [warning] Write attempt 2/3 failed for command "MEAS:ALL?" to Supply-supply-1
14:29:52 | SERIAL   [error] Failed to write "MEAS:ALL?
" to /dev/ttyUSB1: Bad file descriptor
14:29:52 | SUPPLY   [warning] Write attempt 3/3 failed for command "MEAS:ALL?" to Supply-supply-1
14:29:52 | SUPPLY   [error] Failed to write command "MEAS:ALL?" to Supply-supply-1 after 3 attempts
14:29:52 | SUPPLY   [warning] Query write attempt 1/1 failed for "MEAS:ALL?" to Supply-supply-1
14:29:52 | SUPPLY   [error] Failed to query command "MEAS:ALL?" from Supply-supply-1 after 1 attempts
14:29:52 | SUPPLY   [error] Supply-supply-1 did not return any measurements
14:29:52 | SERIAL   [error] Failed to write "CHAN 1
" to /dev/ttyUSB0: Bad file descriptor
14:29:52 | LOAD     [warning] Write attempt 1/3 failed for command "CHAN 1" to Load-load
14:29:52 | SERIAL   [error] Failed to write "CHAN 1
" to /dev/ttyUSB0: Bad file descriptor
14:29:52 | LOAD     [warning] Write attempt 2/3 failed for command "CHAN 1" to Load-load
14:29:52 | SERIAL   [error] Failed to write "CHAN 1
" to /dev/ttyUSB0: Bad file descriptor
14:29:52 | LOAD     [warning] Write attempt 3/3 failed for command "CHAN 1" to Load-load
14:29:52 | LOAD     [error] Failed to write command "CHAN 1" to Load-load after 3 attempts
14:29:52 | LOAD     [error] Failed to set channel at Load-load
14:29:52 | SERIAL   [error] Failed to write "CHAN 1
" to /dev/ttyUSB0: Bad file descriptor
14:29:52 | LOAD     [warning] Write attempt 1/3 failed for command "CHAN 1" to Load-load
14:29:52 | SERIAL   [error] Failed to write "CHAN 1
" to /dev/ttyUSB0: Bad file descriptor
14:29:52 | LOAD     [warning] Write attempt 2/3 failed for command "CHAN 1" to Load-load
14:29:52 | SERIAL   [error] Failed to write "CHAN 1
" to /dev/ttyUSB0: Bad file descriptor
14:29:52 | LOAD     [warning] Write attempt 3/3 failed for command "CHAN 1" to Load-load
14:29:52 | LOAD     [error] Failed to write command "CHAN 1" to Load-load after 3 attempts
14:29:52 | LOAD     [error] Failed to set channel at Load-load
14:29:52 | SERIAL   [error] Failed to write "CHAN 2
" to /dev/ttyUSB0: Bad file descriptor
14:29:52 | LOAD     [warning] Write attempt 1/3 failed for command "CHAN 2" to Load-load
14:29:52 | SERIAL   [error] Failed to write "CHAN 2
" to /dev/ttyUSB0: Bad file descriptor
14:29:52 | LOAD     [warning] Write attempt 2/3 failed for command "CHAN 2" to Load-load
14:29:52 | SERIAL   [error] Failed to write "CHAN 2
" to /dev/ttyUSB0: Bad file descriptor
14:29:52 | LOAD     [warning] Write attempt 3/3 failed for command "CHAN 2" to Load-load
14:29:52 | LOAD     [error] Failed to write command "CHAN 2" to Load-load after 3 attempts
14:29:52 | LOAD     [error] Failed to set channel at Load-load
14:29:52 | SERIAL   [error] Failed to write "CHAN 2
" to /dev/ttyUSB0: Bad file descriptor
14:29:52 | LOAD     [warning] Write attempt 1/3 failed for command "CHAN 2" to Load-load
14:29:52 | SERIAL   [error] Failed to write "CHAN 2
" to /dev/ttyUSB0: Bad file descriptor
14:29:52 | LOAD     [warning] Write attempt 2/3 failed for command "CHAN 2" to Load-load
14:29:52 | SERIAL   [error] Failed to write "CHAN 2
" to /dev/ttyUSB0: Bad file descriptor
14:29:52 | LOAD     [warning] Write attempt 3/3 failed for command "CHAN 2" to Load-load
14:29:52 | LOAD     [error] Failed to write command "CHAN 2" to Load-load after 3 attempts
14:29:52 | LOAD     [error] Failed to set channel at Load-load
14:29:52 | SERIAL   [error] Failed to write "OUTP?
" to /dev/ttyUSB1: Bad file descriptor
14:29:52 | SUPPLY   [warning] Write attempt 1/3 failed for command "OUTP?" to Supply-supply-1
14:29:52 | SERIAL   [error] Failed to write "OUTP?
" to /dev/ttyUSB1: Bad file descriptor
14:29:52 | SUPPLY   [warning] Write attempt 2/3 failed for command "OUTP?" to Supply-supply-1
14:29:52 | SERIAL   [error] Failed to write "OUTP?
" to /dev/ttyUSB1: Bad file descriptor
14:29:52 | SUPPLY   [warning] Write attempt 3/3 failed for command "OUTP?" to Supply-supply-1
14:29:52 | SUPPLY   [error] Failed to write command "OUTP?" to Supply-supply-1 after 3 attempts
14:29:52 | SUPPLY   [warning] Query write attempt 1/1 failed for "OUTP?" to Supply-supply-1
14:29:52 | SUPPLY   [error] Failed to query command "OUTP?" from Supply-supply-1 after 1 attempts
14:29:52 | SUPPLY   [error] Supply-supply-1 did not return a valid state
14:29:52 | SERIAL   [error] Failed to write "VOLT?
" to /dev/ttyUSB1: Bad file descriptor
14:29:52 | SUPPLY   [warning] Write attempt 1/3 failed for command "VOLT?" to Supply-supply-1
14:29:52 | SERIAL   [error] Failed to write "VOLT?
" to /dev/ttyUSB1: Bad file descriptor
14:29:52 | SUPPLY   [warning] Write attempt 2/3 failed for command "VOLT?" to Supply-supply-1
14:29:52 | SERIAL   [error] Failed to write "VOLT?
" to /dev/ttyUSB1: Bad file descriptor
14:29:52 | SUPPLY   [warning] Write attempt 3/3 failed for command "VOLT?" to Supply-supply-1
14:29:52 | SUPPLY   [error] Failed to write command "VOLT?" to Supply-supply-1 after 3 attempts
14:29:52 | SUPPLY   [warning] Query write attempt 1/1 failed for "VOLT?" to Supply-supply-1
14:29:52 | SUPPLY   [error] Failed to query command "VOLT?" from Supply-supply-1 after 1 attempts
14:29:52 | SUPPLY   [error] Supply-supply-1 did not return a set voltage
14:29:52 | SERIAL   [error] Failed to write "CURR?
" to /dev/ttyUSB1: Bad file descriptor
14:29:52 | SUPPLY   [warning] Write attempt 1/3 failed for command "CURR?" to Supply-supply-1
14:29:52 | SERIAL   [error] Failed to write "CURR?
" to /dev/ttyUSB1: Bad file descriptor
14:29:52 | SUPPLY   [warning] Write attempt 2/3 failed for command "CURR?" to Supply-supply-1
14:29:52 | SERIAL   [error] Failed to write "CURR?
" to /dev/ttyUSB1: Bad file descriptor
14:29:52 | SUPPLY   [warning] Write attempt 3/3 failed for command "CURR?" to Supply-supply-1
14:29:52 | SUPPLY   [error] Failed to write command "CURR?" to Supply-supply-1 after 3 attempts
14:29:52 | SUPPLY   [warning] Query write attempt 1/1 failed for "CURR?" to Supply-supply-1
14:29:52 | SUPPLY   [error] Failed to query command "CURR?" from Supply-supply-1 after 1 attempts
14:29:52 | SUPPLY   [error] Supply-supply-1 did not return a set current
14:29:52 | SUPPLY   [error] Supply-supply-1 failed to query current state
14:29:52 | SERIAL   [error] Failed to write "STATE?
" to /dev/ttyUSB2: Bad file descriptor
14:29:52 | MODULE   [warning] Write attempt 1/3 failed for command "STATE?" to Module-module-1
14:29:52 | SERIAL   [error] Failed to write "STATE?
" to /dev/ttyUSB2: Bad file descriptor
14:29:52 | MODULE   [warning] Write attempt 2/3 failed for command "STATE?" to Module-module-1
14:29:52 | SERIAL   [error] Failed to write "STATE?
" to /dev/ttyUSB2: Bad file descriptor
14:29:52 | MODULE   [warning] Write attempt 3/3 failed for command "STATE?" to Module-module-1
14:29:52 | MODULE   [error] Failed to write command "STATE?" to Module-module-1 after 3 attempts
14:29:52 | MODULE   [warning] Query write attempt 1/1 failed for "STATE?" to Module-module-1
14:29:52 | MODULE   [error] Failed to query command "STATE?" from Module-module-1 after 1 attempts
14:29:52 | MODULE   [error] Module-module-1 did not return a state
14:29:52 | SERIAL   [error] Failed to write "STATE CHARGE
" to /dev/ttyUSB2: Bad file descriptor
14:29:52 | MODULE   [warning] Write attempt 1/3 failed for command "STATE CHARGE" to Module-module-1
14:29:52 | SERIAL   [error] Failed to write "STATE CHARGE
" to /dev/ttyUSB2: Bad file descriptor
14:29:52 | MODULE   [warning] Write attempt 2/3 failed for command "STATE CHARGE" to Module-module-1
14:29:52 | SERIAL   [error] Failed to write "STATE CHARGE
" to /dev/ttyUSB2: Bad file descriptor
14:29:52 | MODULE   [warning] Write attempt 3/3 failed for command "STATE CHARGE" to Module-module-1
14:29:52 | MODULE   [error] Failed to write command "STATE CHARGE" to Module-module-1 after 3 attempts
14:29:52 | MODULE   [error] Module-module-1 cannot be set to charging
14:29:52 | SERIAL   [error] Failed to write "CHAN 2
" to /dev/ttyUSB0: Bad file descriptor
14:29:52 | LOAD     [warning] Write attempt 1/3 failed for command "CHAN 2" to Load-load
14:29:52 | SERIAL   [error] Failed to write "CHAN 2
" to /dev/ttyUSB0: Bad file descriptor
14:29:52 | LOAD     [warning] Write attempt 2/3 failed for command "CHAN 2" to Load-load
14:29:52 | SERIAL   [error] Failed to write "CHAN 2
" to /dev/ttyUSB0: Bad file descriptor
14:29:52 | LOAD     [warning] Write attempt 3/3 failed for command "CHAN 2" to Load-load
14:29:52 | LOAD     [error] Failed to write command "CHAN 2" to Load-load after 3 attempts
14:29:52 | LOAD     [error] Failed to set channel at Load-load
14:29:52 | SERIAL   [error] Failed to write "MEAS:ALL?
" to /dev/ttyUSB1: Bad file descriptor
14:29:52 | SUPPLY   [warning] Write attempt 1/3 failed for command "MEAS:ALL?" to Supply-supply-1
14:29:52 | SERIAL   [error] Failed to write "MEAS:ALL?
" to /dev/ttyUSB1: Bad file descriptor
14:29:52 | SUPPLY   [warning] Write attempt 2/3 failed for command "MEAS:ALL?" to Supply-supply-1
14:29:52 | SERIAL   [error] Failed to write "MEAS:ALL?
" to /dev/ttyUSB1: Bad file descriptor
14:29:52 | SUPPLY   [warning] Write attempt 3/3 failed for command "MEAS:ALL?" to Supply-supply-1
14:29:52 | SUPPLY   [error] Failed to write command "MEAS:ALL?" to Supply-supply-1 after 3 attempts
14:29:52 | SUPPLY   [warning] Query write attempt 1/1 failed for "MEAS:ALL?" to Supply-supply-1
14:29:52 | SUPPLY   [error] Failed to query command "MEAS:ALL?" from Supply-supply-1 after 1 attempts
14:29:52 | SUPPLY   [error] Supply-supply-1 did not return any measurements
14:29:52 | SERIAL   [error] Failed to write "CHAN 1
" to /dev/ttyUSB0: Bad file descriptor
14:29:52 | LOAD     [warning] Write attempt 1/3 failed for command "CHAN 1" to Load-load
14:29:52 | SERIAL   [error] Failed to write "CHAN 1
" to /dev/ttyUSB0: Bad file descriptor
14:29:52 | LOAD     [warning] Write attempt 2/3 failed for command "CHAN 1" to Load-load
14:29:52 | SERIAL   [error] Failed to write "CHAN 1
" to /dev/ttyUSB0: Bad file descriptor
14:29:52 | LOAD     [warning] Write attempt 3/3 failed for command "CHAN 1" to Load-load
14:29:52 | LOAD     [error] Failed to write command "CHAN 1" to Load-load after 3 attempts
14:29:52 | LOAD     [error] Failed to set channel at Load-load
14:29:52 | SERIAL   [error] Failed to write "CHAN 1
" to /dev/ttyUSB0: Bad file descriptor
14:29:52 | LOAD     [warning] Write attempt 1/3 failed for command "CHAN 1" to Load-load
14:29:52 | SERIAL   [error] Failed to write "CHAN 1
" to /dev/ttyUSB0: Bad file descriptor
14:29:52 | LOAD     [warning] Write attempt 2/3 failed for command "CHAN 1" to Load-load
14:29:52 | SERIAL   [error] Failed to write "CHAN 1
" to /dev/ttyUSB0: Bad file descriptor
14:29:52 | LOAD     [warning] Write attempt 3/3 failed for command "CHAN 1" to Load-load
14:29:52 | LOAD     [error] Failed to write command "CHAN 1" to Load-load after 3 attempts
14:29:52 | LOAD     [error] Failed to set channel at Load-load
14:29:52 | SERIAL   [error] Failed to write "CHAN 2
" to /dev/ttyUSB0: Bad file descriptor
14:29:52 | LOAD     [warning] Write attempt 1/3 failed for command "CHAN 2" to Load-load
14:29:52 | SERIAL   [error] Failed to write "CHAN 2
" to /dev/ttyUSB0: Bad file descriptor
14:29:52 | LOAD     [warning] Write attempt 2/3 failed for command "CHAN 2" to Load-load
14:29:52 | SERIAL   [error] Failed to write "CHAN 2
" to /dev/ttyUSB0: Bad file descriptor
14:29:52 | LOAD     [warning] Write attempt 3/3 failed for command "CHAN 2" to Load-load
14:29:52 | LOAD     [error] Failed to write command "CHAN 2" to Load-load after 3 attempts
14:29:52 | LOAD     [error] Failed to set channel at Load-load
14:29:52 | SERIAL   [error] Failed to write "CHAN 2
" to /dev/ttyUSB0: Bad file descriptor
14:29:52 | LOAD     [warning] Write attempt 1/3 failed for command "CHAN 2" to Load-load
14:29:52 | SERIAL   [error] Failed to write "CHAN 2
" to /dev/ttyUSB0: Bad file descriptor
14:29:52 | LOAD     [warning] Write attempt 2/3 failed for command "CHAN 2" to Load-load
14:29:52 | SERIAL   [error] Failed to write "CHAN 2
" to /dev/ttyUSB0: Bad file descriptor
14:29:52 | LOAD     [warning] Write attempt 3/3 failed for command "CHAN 2" to Load-load
14:29:52 | LOAD     [error] Failed to write command "CHAN 2" to Load-load after 3 attempts
14:29:52 | LOAD     [error] Failed to set channel at Load-load
14:29:52 | SERIAL   [error] Failed to write "OUTP?
" to /dev/ttyUSB1: Bad file descriptor
14:29:52 | SUPPLY   [warning] Write attempt 1/3 failed for command "OUTP?" to Supply-supply-1
14:29:52 | SERIAL   [error] Failed to write "OUTP?
" to /dev/ttyUSB1: Bad file descriptor
14:29:52 | SUPPLY   [warning] Write attempt 2/3 failed for command "OUTP?" to Supply-supply-1
14:29:52 | SERIAL   [error] Failed to write "OUTP?
" to /dev/ttyUSB1: Bad file descriptor
14:29:52 | SUPPLY   [warning] Write attempt 3/3 failed for command "OUTP?" to Supply-supply-1
14:29:52 | SUPPLY   [error] Failed to write command "OUTP?" to Supply-supply-1 after 3 attempts
14:29:52 | SUPPLY   [warning] Query write attempt 1/1 failed for "OUTP?" to Supply-supply-1
14:29:52 | SUPPLY   [error] Failed to query command "OUTP?" from Supply-supply-1 after 1 attempts
14:29:52 | SUPPLY   [error] Supply-supply-1 did not return a valid state
14:29:52 | SERIAL   [error] Failed to write "VOLT?
" to /dev/ttyUSB1: Bad file descriptor
14:29:52 | SUPPLY   [warning] Write attempt 1/3 failed for command "VOLT?" to Supply-supply-1
14:29:52 | SERIAL   [error] Failed to write "VOLT?
" to /dev/ttyUSB1: Bad file descriptor
14:29:52 | SUPPLY   [warning] Write attempt 2/3 failed for command "VOLT?" to Supply-supply-1
14:29:52 | SERIAL   [error] Failed to write "VOLT?
" to /dev/ttyUSB1: Bad file descriptor
14:29:52 | SUPPLY   [warning] Write attempt 3/3 failed for command "VOLT?" to Supply-supply-1
14:29:52 | SUPPLY   [error] Failed to write command "VOLT?" to Supply-supply-1 after 3 attempts
14:29:52 | SUPPLY   [warning] Query write attempt 1/1 failed for "VOLT?" to Supply-supply-1
14:29:52 | SUPPLY   [error] Failed to query command "VOLT?" from Supply-supply-1 after 1 attempts
14:29:52 | SUPPLY   [error] Supply-supply-1 did not return a set voltage
14:29:52 | SERIAL   [error] Failed to write "CURR?
" to /dev/ttyUSB1: Bad file descriptor
14:29:52 | SUPPLY   [warning] Write attempt 1/3 failed for command "CURR?" to Supply-supply-1
14:29:52 | SERIAL   [error] Failed to write "CURR?
" to /dev/ttyUSB1: Bad file descriptor
14:29:52 | SUPPLY   [warning] Write attempt 2/3 failed for command "CURR?" to Supply-supply-1
14:29:52 | SERIAL   [error] Failed to write "CURR?
" to /dev/ttyUSB1: Bad file descriptor
14:29:52 | SUPPLY   [warning] Write attempt 3/3 failed for command "CURR?" to Supply-supply-1
14:29:52 | SUPPLY   [error] Failed to write command "CURR?" to Supply-supply-1 after 3 attempts
14:29:52 | SUPPLY   [warning] Query write attempt 1/1 failed for "CURR?" to Supply-supply-1
14:29:52 | SUPPLY   [error] Failed to query command "CURR?" from Supply-supply-1 after 1 attempts
14:29:52 | SUPPLY   [error] Supply-supply-1 did not return a set current
14:29:52 | SUPPLY   [error] Supply-supply-1 failed to query current state
14:29:52 | SERIAL   [error] Failed to write "STATE?
" to /dev/ttyUSB2: Bad file descriptor
14:29:52 | MODULE   [warning] Write attempt 1/3 failed for command "STATE?" to Module-module-1
14:29:52 | SERIAL   [error] Failed to write "STATE?
" to /dev/ttyUSB2: Bad file descriptor
14:29:52 | MODULE   [warning] Write attempt 2/3 failed for command "STATE?" to Module-module-1
14:29:52 | SERIAL   [error] Failed to write "STATE?
" to /dev/ttyUSB2: Bad file descriptor
14:29:52 | MODULE   [warning] Write attempt 3/3 failed for command "STATE?" to Module-module-1
14:29:52 | MODULE   [error] Failed to write command "STATE?" to Module-module-1 after 3 attempts
14:29:52 | MODULE   [warning] Query write attempt 1/1 failed for "STATE?" to Module-module-1
14:29:52 | MODULE   [error] Failed to query command "STATE?" from Module-module-1 after 1 attempts
14:29:52 | MODULE   [error] Module-module-1 did not return a state
14:29:52 | SERIAL   [error] Failed to write "STATE CHARGE
" to /dev/ttyUSB2: Bad file descriptor
14:29:52 | MODULE   [warning] Write attempt 1/3 failed for command "STATE CHARGE" to Module-module-1
14:29:52 | SERIAL   [error] Failed to write "STATE CHARGE
" to /dev/ttyUSB2: Bad file descriptor
14:29:52 | MODULE   [warning] Write attempt 2/3 failed for command "STATE CHARGE" to Module-module-1
14:29:52 | SERIAL   [error] Failed to write "STATE CHARGE
" to /dev/ttyUSB2: Bad file descriptor
14:29:52 | MODULE   [warning] Write attempt 3/3 failed for command "STATE CHARGE" to Module-module-1
14:29:52 | MODULE   [error] Failed to write command "STATE CHARGE" to Module-module-1 after 3 attempts
14:29:52 | MODULE   [error] Module-module-1 cannot be set to charging
14:29:52 | SERIAL   [error] Failed to write "CHAN 2
" to /dev/ttyUSB0: Bad file descriptor
14:29:52 | LOAD     [warning] Write attempt 1/3 failed for command "CHAN 2" to Load-load
14:29:52 | SERIAL   [error] Failed to write "CHAN 2
" to /dev/ttyUSB0: Bad file descriptor
14:29:52 | LOAD     [warning] Write attempt 2/3 failed for command "CHAN 2" to Load-load
14:29:52 | SERIAL   [error] Failed to write "CHAN 2
" to /dev/ttyUSB0: Bad file descriptor
14:29:52 | LOAD     [warning] Write attempt 3/3 failed for command "CHAN 2" to Load-load
14:29:52 | LOAD     [error] Failed to write command "CHAN 2" to Load-load after 3 attempts
14:29:52 | LOAD     [error] Failed to set channel at Load-load
14:29:52 | SERIAL   [error] Failed to write "MEAS:ALL?
" to /dev/ttyUSB1: Bad file descriptor
14:29:52 | SUPPLY   [warning] Write attempt 1/3 failed for command "MEAS:ALL?" to Supply-supply-1
14:29:52 | SERIAL   [error] Failed to write "MEAS:ALL?
" to /dev/ttyUSB1: Bad file descriptor
14:29:52 | SUPPLY   [warning] Write attempt 2/3 failed for command "MEAS:ALL?" to Supply-supply-1
14:29:52 | SERIAL   [error] Failed to write "MEAS:ALL?
" to /dev/ttyUSB1: Bad file descriptor
14:29:52 | SUPPLY   [warning] Write attempt 3/3 failed for command "MEAS:ALL?" to Supply-supply-1
14:29:52 | SUPPLY   [error] Failed to write command "MEAS:ALL?" to Supply-supply-1 after 3 attempts
14:29:52 | SUPPLY   [warning] Query write attempt 1/1 failed for "MEAS:ALL?" to Supply-supply-1
14:29:52 | SUPPLY   [error] Failed to query command "MEAS:ALL?" from Supply-supply-1 after 1 attempts
14:29:52 | SUPPLY   [error] Supply-supply-1 did not return any measurements
14:29:52 | SERIAL   [error] Failed to write "CHAN 1
" to /dev/ttyUSB0: Bad file descriptor
14:29:52 | LOAD     [warning] Write attempt 1/3 failed for command "CHAN 1" to Load-load
14:29:52 | SERIAL   [error] Failed to write "CHAN 1
" to /dev/ttyUSB0: Bad file descriptor
14:29:52 | LOAD     [warning] Write attempt 2/3 failed for command "CHAN 1" to Load-load
14:29:52 | SERIAL   [error] Failed to write "CHAN 1
" to /dev/ttyUSB0: Bad file descriptor
14:29:52 | LOAD     [warning] Write attempt 3/3 failed for command "CHAN 1" to Load-load
14:29:52 | LOAD     [error] Failed to write command "CHAN 1" to Load-load after 3 attempts
14:29:52 | LOAD     [error] Failed to set channel at Load-load
14:29:52 | SERIAL   [error] Failed to write "CHAN 1
" to /dev/ttyUSB0: Bad file descriptor
14:29:52 | LOAD     [warning] Write attempt 1/3 failed for command "CHAN 1" to Load-load
14:29:52 | SERIAL   [error] Failed to write "CHAN 1
" to /dev/ttyUSB0: Bad file descriptor
14:29:52 | LOAD     [warning] Write attempt 2/3 failed for command "CHAN 1" to Load-load
14:29:52 | SERIAL   [error] Failed to write "CHAN 1
" to /dev/ttyUSB0: Bad file descriptor
14:29:52 | LOAD     [warning] Write attempt 3/3 failed for command "CHAN 1" to Load-load
14:29:52 | LOAD     [error] Failed to write command "CHAN 1" to Load-load after 3 attempts
14:29:52 | LOAD     [error] Failed to set channel at Load-load
14:29:52 | SERIAL   [error] Failed to write "CHAN 2
" to /dev/ttyUSB0: Bad file descriptor
14:29:52 | LOAD     [warning] Write attempt 1/3 failed for command "CHAN 2" to Load-load
14:29:52 | SERIAL   [error] Failed to write "CHAN 2
" to /dev/ttyUSB0: Bad file descriptor
14:29:52 | LOAD     [warning] Write attempt 2/3 failed for command "CHAN 2" to Load-load
14:29:52 | SERIAL   [error] Failed to write "CHAN 2
" to /dev/ttyUSB0: Bad file descriptor
14:29:52 | LOAD     [warning] Write attempt 3/3 failed for command "CHAN 2" to Load-load
14:29:52 | LOAD     [error] Failed to write command "CHAN 2" to Load-load after 3 attempts
14:29:52 | LOAD     [error] Failed to set channel at Load-load
14:29:52 | SERIAL   [error] Failed to write "CHAN 2
" to /dev/ttyUSB0: Bad file descriptor
14:29:52 | LOAD     [warning] Write attempt 1/3 failed for command "CHAN 2" to Load-load
14:29:52 | SERIAL   [error] Failed to write "CHAN 2
" to /dev/ttyUSB0: Bad file descriptor
14:29:52 | LOAD     [warning] Write attempt 2/3 failed for command "CHAN 2" to Load-load
14:29:52 | SERIAL   [error] Failed to write "CHAN 2
" to /dev/ttyUSB0: Bad file descriptor
14:29:52 | LOAD     [warning] Write attempt 3/3 failed for command "CHAN 2" to Load-load
14:29:52 | LOAD     [error] Failed to write command "CHAN 2" to Load-load after 3 attempts
14:29:52 | LOAD     [error] Failed to set channel at Load-load
14:29:52 | SERIAL   [error] Failed to write "OUTP?
" to /dev/ttyUSB1: Bad file descriptor
14:29:52 | SUPPLY   [warning] Write attempt 1/3 failed for command "OUTP?" to Supply-supply-1
14:29:52 | SERIAL   [error] Failed to write "OUTP?
" to /dev/ttyUSB1: Bad file descriptor
14:29:52 | SUPPLY   [warning] Write attempt 2/3 failed for command "OUTP?" to Supply-supply-1
14:29:52 | SERIAL   [error] Failed to write "OUTP?
" to /dev/ttyUSB1: Bad file descriptor
14:29:52 | SUPPLY   [warning] Write attempt 3/3 failed for command "OUTP?" to Supply-supply-1
14:29:52 | SUPPLY   [error] Failed to write command "OUTP?" to Supply-supply-1 after 3 attempts
14:29:52 | SUPPLY   [warning] Query write attempt 1/1 failed for "OUTP?" to Supply-supply-1
14:29:52 | SUPPLY   [error] Failed to query command "OUTP?" from Supply-supply-1 after 1 attempts
14:29:52 | SUPPLY   [error] Supply-supply-1 did not return a valid state
14:29:52 | SERIAL   [error] Failed to write "VOLT?
" to /dev/ttyUSB1: Bad file descriptor
14:29:52 | SUPPLY   [warning] Write attempt 1/3 failed for command "VOLT?" to Supply-supply-1
14:29:52 | SERIAL   [error] Failed to write "VOLT?
" to /dev/ttyUSB1: Bad file descriptor
14:29:52 | SUPPLY   [warning] Write attempt 2/3 failed for command "VOLT?" to Supply-supply-1
14:29:52 | SERIAL   [error] Failed to write "VOLT?
" to /dev/ttyUSB1: Bad file descriptor
14:29:52 | SUPPLY   [warning] Write attempt 3/3 failed for command "VOLT?" to Supply-supply-1
14:29:52 | SUPPLY   [error] Failed to write command "VOLT?" to Supply-supply-1 after 3 attempts
14:29:52 | SUPPLY   [warning] Query write attempt 1/1 failed for "VOLT?" to Supply-supply-1
14:29:52 | SUPPLY   [error] Failed to query command "VOLT?" from Supply-supply-1 after 1 attempts
14:29:52 | SUPPLY   [error] Supply-supply-1 did not return a set voltage
14:29:52 | SERIAL   [error] Failed to write "CURR?
" to /dev/ttyUSB1: Bad file descriptor
14:29:52 | SUPPLY   [warning] Write attempt 1/3 failed for command "CURR?" to Supply-supply-1
14:29:52 | SERIAL   [error] Failed to write "CURR?
" to /dev/ttyUSB1: Bad file descriptor
14:29:52 | SUPPLY   [warning] Write attempt 2/3 failed for command "CURR?" to Supply-supply-1
14:29:52 | SERIAL   [error] Failed to write "CURR?
" to /dev/ttyUSB1: Bad file descriptor
14:29:52 | SUPPLY   [warning] Write attempt 3/3 failed for command "CURR?" to Supply-supply-1
14:29:52 | SUPPLY   [error] Failed to write command "CURR?" to Supply-supply-1 after 3 attempts
14:29:52 | SUPPLY   [warning] Query write attempt 1/1 failed for "CURR?" to Supply-supply-1
14:29:52 | SUPPLY   [error] Failed to query command "CURR?" from Supply-supply-1 after 1 attempts
14:29:52 | SUPPLY   [error] Supply-supply-1 did not return a set current
14:29:52 | SUPPLY   [error] Supply-supply-1 failed to query current state
14:29:52 | SERIAL   [error] Failed to write "STATE?
" to /dev/ttyUSB2: Bad file descriptor
14:29:52 | MODULE   [warning] Write attempt 1/3 failed for command "STATE?" to Module-module-1
14:29:52 | SERIAL   [error] Failed to write "STATE?
" to /dev/ttyUSB2: Bad file descriptor
14:29:52 | MODULE   [warning] Write attempt 2/3 failed for command "STATE?" to Module-module-1
14:29:52 | SERIAL   [error] Failed to write "STATE?
" to /dev/ttyUSB2: Bad file descriptor
14:29:52 | MODULE   [warning] Write attempt 3/3 failed for command "STATE?" to Module-module-1
14:29:52 | MODULE   [error] Failed to write command "STATE?" to Module-module-1 after 3 attempts
14:29:52 | MODULE   [warning] Query write attempt 1/1 failed for "STATE?" to Module-module-1
14:29:52 | MODULE   [error] Failed to query command "STATE?" from Module-module-1 after 1 attempts
14:29:52 | MODULE   [error] Module-module-1 did not return a state
14:29:52 | SERIAL   [error] Failed to write "STATE CHARGE
" to /dev/ttyUSB2: Bad file descriptor
14:29:52 | MODULE   [warning] Write attempt 1/3 failed for command "STATE CHARGE" to Module-module-1
14:29:52 | SERIAL   [error] Failed to write "STATE CHARGE
" to /dev/ttyUSB2: Bad file descriptor
14:29:52 | MODULE   [warning] Write attempt 2/3 failed for command "STATE CHARGE" to Module-module-1
14:29:52 | SERIAL   [error] Failed to write "STATE CHARGE
" to /dev/ttyUSB2: Bad file descriptor
14:29:52 | MODULE   [warning] Write attempt 3/3 failed for command "STATE CHARGE" to Module-module-1
14:29:52 | MODULE   [error] Failed to write command "STATE CHARGE" to Module-module-1 after 3 attempts
14:29:52 | MODULE   [error] Module-module-1 cannot be set to charging
14:29:52 | SERIAL   [error] Failed to write "CHAN 2
" to /dev/ttyUSB0: Bad file descriptor
14:29:52 | LOAD     [warning] Write attempt 1/3 failed for command "CHAN 2" to Load-load
14:29:52 | SERIAL   [error] Failed to write "CHAN 2
" to /dev/ttyUSB0: Bad file descriptor
14:29:52 | LOAD     [warning] Write attempt 2/3 failed for command "CHAN 2" to Load-load
14:29:52 | SERIAL   [error] Failed to write "CHAN 2
" to /dev/ttyUSB0: Bad file descriptor
14:29:52 | LOAD     [warning] Write attempt 3/3 failed for command "CHAN 2" to Load-load
14:29:52 | LOAD     [error] Failed to write command "CHAN 2" to Load-load after 3 attempts
14:29:52 | LOAD     [error] Failed to set channel at Load-load
14:29:52 | SERIAL   [error] Failed to write "MEAS:ALL?
" to /dev/ttyUSB1: Bad file descriptor
14:29:52 | SUPPLY   [warning] Write attempt 1/3 failed for command "MEAS:ALL?" to Supply-supply-1
14:29:52 | SERIAL   [error] Failed to write "MEAS:ALL?
" to /dev/ttyUSB1: Bad file descriptor
14:29:52 | SUPPLY   [warning] Write attempt 2/3 failed for command "MEAS:ALL?" to Supply-supply-1
14:29:52 | SERIAL   [error] Failed to write "MEAS:ALL?
" to /dev/ttyUSB1: Bad file descriptor
14:29:52 | SUPPLY   [warning] Write attempt 3/3 failed for command "MEAS:ALL?" to Supply-supply-1
14:29:52 | SUPPLY   [error] Failed to write command "MEAS:ALL?" to Supply-supply-1 after 3 attempts
14:29:52 | SUPPLY   [warning] Query write attempt 1/1 failed for "MEAS:ALL?" to Supply-supply-1
14:29:52 | SUPPLY   [error] Failed to query command "MEAS:ALL?" from Supply-supply-1 after 1 attempts
14:29:52 | SUPPLY   [error] Supply-supply-1 did not return any measurements
14:29:52 | SERIAL   [error] Failed to write "CHAN 1
" to /dev/ttyUSB0: Bad file descriptor
14:29:52 | LOAD     [warning] Write attempt 1/3 failed for command "CHAN 1" to Load-load
14:29:52 | SERIAL   [error] Failed to write "CHAN 1
" to /dev/ttyUSB0: Bad file descriptor
14:29:52 | LOAD     [warning] Write attempt 2/3 failed for command "CHAN 1" to Load-load
14:29:52 | SERIAL   [error] Failed to write "CHAN 1
" to /dev/ttyUSB0: Bad file descriptor
14:29:52 | LOAD     [warning] Write attempt 3/3 failed for command "CHAN 1" to Load-load
14:29:52 | LOAD     [error] Failed to write command "CHAN 1" to Load-load after 3 attempts
14:29:52 | LOAD     [error] Failed to set channel at Load-load
14:29:52 | SERIAL   [error] Failed to write "CHAN 1
" to /dev/ttyUSB0: Bad file descriptor
14:29:52 | LOAD     [warning] Write attempt 1/3 failed for command "CHAN 1" to Load-load
14:29:52 | SERIAL   [error] Failed to write "CHAN 1
" to /dev/ttyUSB0: Bad file descriptor
14:29:52 | LOAD     [warning] Write attempt 2/3 failed for command "CHAN 1" to Load-load
14:29:52 | SERIAL   [error] Failed to write "CHAN 1
" to /dev/ttyUSB0: Bad file descriptor
14:29:52 | LOAD     [warning] Write attempt 3/3 failed for command "CHAN 1" to Load-load
14:29:52 | LOAD     [error] Failed to write command "CHAN 1" to Load-load after 3 attempts
14:29:52 | LOAD     [error] Failed to set channel at Load-load
14:29:52 | SERIAL   [error] Failed to write "CHAN 2
" to /dev/ttyUSB0: Bad file descriptor
14:29:52 | LOAD     [warning] Write attempt 1/3 failed for command "CHAN 2" to Load-load
14:29:52 | SERIAL   [error] Failed to write "CHAN 2
" to /dev/ttyUSB0: Bad file descriptor
14:29:52 | LOAD     [warning] Write attempt 2/3 failed for command "CHAN 2" to Load-load
14:29:52 | SERIAL   [error] Failed to write "CHAN 2
" to /dev/ttyUSB0: Bad file descriptor
14:29:52 | LOAD     [warning] Write attempt 3/3 failed for command "CHAN 2" to Load-load
14:29:52 | LOAD     [error] Failed to write command "CHAN 2" to Load-load after 3 attempts
14:29:52 | LOAD     [error] Failed to set channel at Load-load
14:29:52 | SERIAL   [error] Failed to write "CHAN 2
" to /dev/ttyUSB0: Bad file descriptor
14:29:52 | LOAD     [warning] Write attempt 1/3 failed for command "CHAN 2" to Load-load
14:29:52 | SERIAL   [error] Failed to write "CHAN 2
" to /dev/ttyUSB0: Bad file descriptor
14:29:52 | LOAD     [warning] Write attempt 2/3 failed for command "CHAN 2" to Load-load
14:29:52 | SERIAL   [error] Failed to write "CHAN 2
" to /dev/ttyUSB0: Bad file descriptor
14:29:52 | LOAD     [warning] Write attempt 3/3 failed for command "CHAN 2" to Load-load
14:29:52 | LOAD     [error] Failed to write command "CHAN 2" to Load-load after 3 attempts
14:29:52 | LOAD     [error] Failed to set channel at Load-load
14:29:52 | SERIAL   [error] Failed to write "OUTP?
" to /dev/ttyUSB1: Bad file descriptor
14:29:52 | SUPPLY   [warning] Write attempt 1/3 failed for command "OUTP?" to Supply-supply-1
14:29:52 | SERIAL   [error] Failed to write "OUTP?
" to /dev/ttyUSB1: Bad file descriptor
14:29:52 | SUPPLY   [warning] Write attempt 2/3 failed for command "OUTP?" to Supply-supply-1
14:29:52 | SERIAL   [error] Failed to write "OUTP?
" to /dev/ttyUSB1: Bad file descriptor
14:29:52 | SUPPLY   [warning] Write attempt 3/3 failed for command "OUTP?" to Supply-supply-1
14:29:52 | SUPPLY   [error] Failed to write command "OUTP?" to Supply-supply-1 after 3 attempts
14:29:52 | SUPPLY   [warning] Query write attempt 1/1 failed for "OUTP?" to Supply-supply-1
14:29:52 | SUPPLY   [error] Failed to query command "OUTP?" from Supply-supply-1 after 1 attempts
14:29:52 | SUPPLY   [error] Supply-supply-1 did not return a valid state
14:29:52 | SERIAL   [error] Failed to write "VOLT?
" to /dev/ttyUSB1: Bad file descriptor
14:29:52 | SUPPLY   [warning] Write attempt 1/3 failed for command "VOLT?" to Supply-supply-1
14:29:52 | SERIAL   [error] Failed to write "VOLT?
" to /dev/ttyUSB1: Bad file descriptor
14:29:52 | SUPPLY   [warning] Write attempt 2/3 failed for command "VOLT?" to Supply-supply-1
14:29:52 | SERIAL   [error] Failed to write "VOLT?
" to /dev/ttyUSB1: Bad file descriptor
14:29:52 | SUPPLY   [warning] Write attempt 3/3 failed for command "VOLT?" to Supply-supply-1
14:29:52 | SUPPLY   [error] Failed to write command "VOLT?" to Supply-supply-1 after 3 attempts
14:29:52 | SUPPLY   [warning] Query write attempt 1/1 failed for "VOLT?" to Supply-supply-1
14:29:52 | SUPPLY   [error] Failed to query command "VOLT?" from Supply-supply-1 after 1 attempts
14:29:52 | SUPPLY   [error] Supply-supply-1 did not return a set voltage
14:29:52 | SERIAL   [error] Failed to write "CURR?
" to /dev/ttyUSB1: Bad file descriptor
14:29:52 | SUPPLY   [warning] Write attempt 1/3 failed for command "CURR?" to Supply-supply-1
14:29:52 | SERIAL   [error] Failed to write "CURR?
" to /dev/ttyUSB1: Bad file descriptor
14:29:52 | SUPPLY   [warning] Write attempt 2/3 failed for command "CURR?" to Supply-supply-1
14:29:52 | SERIAL   [error] Failed to write "CURR?
" to /dev/ttyUSB1: Bad file descriptor
14:29:52 | SUPPLY   [warning] Write attempt 3/3 failed for command "CURR?" to Supply-supply-1
14:29:52 | SUPPLY   [error] Failed to write command "CURR?" to Supply-supply-1 after 3 attempts
14:29:52 | SUPPLY   [warning] Query write attempt 1/1 failed for "CURR?" to Supply-supply-1
14:29:52 | SUPPLY   [error] Failed to query command "CURR?" from Supply-supply-1 after 1 attempts
14:29:52 | SUPPLY   [error] Supply-supply-1 did not return a set current
14:29:52 | SUPPLY   [error] Supply-supply-1 failed to query current state
14:29:52 | SERIAL   [error] Failed to write "STATE?
" to /dev/ttyUSB2: Bad file descriptor
14:29:52 | MODULE   [warning] Write attempt 1/3 failed for command "STATE?" to Module-module-1
14:29:52 | SERIAL   [error] Failed to write "STATE?
" to /dev/ttyUSB2: Bad file descriptor
14:29:52 | MODULE   [warning] Write attempt 2/3 failed for command "STATE?" to Module-module-1
14:29:52 | SERIAL   [error] Failed to write "STATE?
" to /dev/ttyUSB2: Bad file descriptor
14:29:52 | MODULE   [warning] Write attempt 3/3 failed for command "STATE?" to Module-module-1
14:29:52 | MODULE   [error] Failed to write command "STATE?" to Module-module-1 after 3 attempts
14:29:52 | MODULE   [warning] Query write attempt 1/1 failed for "STATE?" to Module-module-1
14:29:52 | MODULE   [error] Failed to query command "STATE?" from Module-module-1 after 1 attempts
14:29:52 | MODULE   [error] Module-module-1 did not return a state
14:29:52 | SERIAL   [error] Failed to write "STATE CHARGE
" to /dev/ttyUSB2: Bad file descriptor
14:29:52 | MODULE   [warning] Write attempt 1/3 failed for command "STATE CHARGE" to Module-module-1
14:29:52 | SERIAL   [error] Failed to write "STATE CHARGE
" to /dev/ttyUSB2: Bad file descriptor
14:29:52 | MODULE   [warning] Write attempt 2/3 failed for command "STATE CHARGE" to Module-module-1
14:29:52 | SERIAL   [error] Failed to write "STATE CHARGE
" to /dev/ttyUSB2: Bad file descriptor
14:29:52 | MODULE   [warning] Write attempt 3/3 failed for command "STATE CHARGE" to Module-module-1
14:29:52 | MODULE   [error] Failed to write command "STATE CHARGE" to Module-module-1 after 3 attempts
14:29:52 | MODULE   [error] Module-module-1 cannot be set to charging
14:29:52 | SERIAL   [error] Failed to write "CHAN 2
" to /dev/ttyUSB0: Bad file descriptor
14:29:52 | LOAD     [warning] Write attempt 1/3 failed for command "CHAN 2" to Load-load
14:29:52 | SERIAL   [error] Failed to write "CHAN 2
" to /dev/ttyUSB0: Bad file descriptor
14:29:52 | LOAD     [warning] Write attempt 2/3 failed for command "CHAN 2" to Load-load
14:29:52 | SERIAL   [error] Failed to write "CHAN 2
" to /dev/ttyUSB0: Bad file descriptor
14:29:52 | LOAD     [warning] Write attempt 3/3 failed for command "CHAN 2" to Load-load
14:29:52 | LOAD     [error] Failed to write command "CHAN 2" to Load-load after 3 attempts
14:29:52 | LOAD     [error] Failed to set channel at Load-load
14:29:52 | SERIAL   [error] Failed to write "MEAS:ALL?
" to /dev/ttyUSB1: Bad file descriptor
14:29:52 | SUPPLY   [warning] Write attempt 1/3 failed for command "MEAS:ALL?" to Supply-supply-1
14:29:52 | SERIAL   [error] Failed to write "MEAS:ALL?
" to /dev/ttyUSB1: Bad file descriptor
14:29:52 | SUPPLY   [warning] Write attempt 2/3 failed for command "MEAS:ALL?" to Supply-supply-1
14:29:52 | SERIAL   [error] Failed to write "MEAS:ALL?
" to /dev/ttyUSB1: Bad file descriptor
14:29:52 | SUPPLY   [warning] Write attempt 3/3 failed for command "MEAS:ALL?" to Supply-supply-1
14:29:52 | SUPPLY   [error] Failed to write command "MEAS:ALL?" to Supply-supply-1 after 3 attempts
14:29:52 | SUPPLY   [warning] Query write attempt 1/1 failed for "MEAS:ALL?" to Supply-supply-1
14:29:52 | SUPPLY   [error] Failed to query command "MEAS:ALL?" from Supply-supply-1 after 1 attempts
14:29:52 | SUPPLY   [error] Supply-supply-1 did not return any measurements
14:29:52 | SERIAL   [error] Failed to write "CHAN 1
" to /dev/ttyUSB0: Bad file descriptor
14:29:52 | LOAD     [warning] Write attempt 1/3 failed for command "CHAN 1" to Load-load
14:29:52 | SERIAL   [error] Failed to write "CHAN 1
" to /dev/ttyUSB0: Bad file descriptor
14:29:52 | LOAD     [warning] Write attempt 2/3 failed for command "CHAN 1" to Load-load
14:29:52 | SERIAL   [error] Failed to write "CHAN 1
" to /dev/ttyUSB0: Bad file descriptor
14:29:52 | LOAD     [warning] Write attempt 3/3 failed for command "CHAN 1" to Load-load
14:29:52 | LOAD     [error] Failed to write command "CHAN 1" to Load-load after 3 attempts
14:29:52 | LOAD     [error] Failed to set channel at Load-load
14:29:52 | SERIAL   [error] Failed to write "CHAN 1
" to /dev/ttyUSB0: Bad file descriptor
14:29:52 | LOAD     [warning] Write attempt 1/3 failed for command "CHAN 1" to Load-load
14:29:52 | SERIAL   [error] Failed to write "CHAN 1
" to /dev/ttyUSB0: Bad file descriptor
14:29:52 | LOAD     [warning] Write attempt 2/3 failed for command "CHAN 1" to Load-load
14:29:52 | SERIAL   [error] Failed to write "CHAN 1
" to /dev/ttyUSB0: Bad file descriptor
14:29:52 | LOAD     [warning] Write attempt 3/3 failed for command "CHAN 1" to Load-load
14:29:52 | LOAD     [error] Failed to write command "CHAN 1" to Load-load after 3 attempts
14:29:52 | LOAD     [error] Failed to set channel at Load-load
14:29:52 | SERIAL   [error] Failed to write "CHAN 2
" to /dev/ttyUSB0: Bad file descriptor
14:29:52 | LOAD     [warning] Write attempt 1/3 failed for command "CHAN 2" to Load-load
14:29:52 | SERIAL   [error] Failed to write "CHAN 2
" to /dev/ttyUSB0: Bad file descriptor
14:29:52 | LOAD     [warning] Write attempt 2/3 failed for command "CHAN 2" to Load-load
14:29:52 | SERIAL   [error] Failed to write "CHAN 2
" to /dev/ttyUSB0: Bad file descriptor
14:29:52 | LOAD     [warning] Write attempt 3/3 failed for command "CHAN 2" to Load-load
14:29:52 | LOAD     [error] Failed to write command "CHAN 2" to Load-load after 3 attempts
14:29:52 | LOAD     [error] Failed to set channel at Load-load
14:29:52 | SERIAL   [error] Failed to write "CHAN 2
" to /dev/ttyUSB0: Bad file descriptor
14:29:52 | LOAD     [warning] Write attempt 1/3 failed for command "CHAN 2" to Load-load
14:29:52 | SERIAL   [error] Failed to write "CHAN 2
" to /dev/ttyUSB0: Bad file descriptor
14:29:52 | LOAD     [warning] Write attempt 2/3 failed for command "CHAN 2" to Load-load
14:29:52 | SERIAL   [error] Failed to write "CHAN 2
" to /dev/ttyUSB0: Bad file descriptor
14:29:52 | LOAD     [warning] Write attempt 3/3 failed for command "CHAN 2" to Load-load
14:29:52 | LOAD     [error] Failed to write command "CHAN 2" to Load-load after 3 attempts
14:29:52 | LOAD     [error] Failed to set channel at Load-load
14:29:52 | SERIAL   [error] Failed to write "OUTP?
" to /dev/ttyUSB1: Bad file descriptor
14:29:52 | SUPPLY   [warning] Write attempt 1/3 failed for command "OUTP?" to Supply-supply-1
14:29:52 | SERIAL   [error] Failed to write "OUTP?
" to /dev/ttyUSB1: Bad file descriptor
14:29:52 | SUPPLY   [warning] Write attempt 2/3 failed for command "OUTP?" to Supply-supply-1
14:29:52 | SERIAL   [error] Failed to write "OUTP?
" to /dev/ttyUSB1: Bad file descriptor
14:29:52 | SUPPLY   [warning] Write attempt 3/3 failed for command "OUTP?" to Supply-supply-1
14:29:52 | SUPPLY   [error] Failed to write command "OUTP?" to Supply-supply-1 after 3 attempts
14:29:52 | SUPPLY   [warning] Query write attempt 1/1 failed for "OUTP?" to Supply-supply-1
14:29:52 | SUPPLY   [error] Failed to query command "OUTP?" from Supply-supply-1 after 1 attempts
14:29:52 | SUPPLY   [error] Supply-supply-1 did not return a valid state
14:29:52 | SERIAL   [error] Failed to write "VOLT?
" to /dev/ttyUSB1: Bad file descriptor
14:29:52 | SUPPLY   [warning] Write attempt 1/3 failed for command "VOLT?" to Supply-supply-1
14:29:52 | SERIAL   [error] Failed to write "VOLT?
" to /dev/ttyUSB1: Bad file descriptor
14:29:52 | SUPPLY   [warning] Write attempt 2/3 failed for command "VOLT?" to Supply-supply-1
14:29:52 | SERIAL   [error] Failed to write "VOLT?
" to /dev/ttyUSB1: Bad file descriptor
14:29:52 | SUPPLY   [warning] Write attempt 3/3 failed for command "VOLT?" to Supply-supply-1
14:29:52 | SUPPLY   [error] Failed to write command "VOLT?" to Supply-supply-1 after 3 attempts
14:29:52 | SUPPLY   [warning] Query write attempt 1/1 failed for "VOLT?" to Supply-supply-1
14:29:52 | SUPPLY   [error] Failed to query command "VOLT?" from Supply-supply-1 after 1 attempts
14:29:52 | SUPPLY   [error] Supply-supply-1 did not return a set voltage
14:29:52 | SERIAL   [error] Failed to write "CURR?
" to /dev/ttyUSB1: Bad file descriptor
14:29:52 | SUPPLY   [warning] Write attempt 1/3 failed for command "CURR?" to Supply-supply-1
14:29:52 | SERIAL   [error] Failed to write "CURR?
" to /dev/ttyUSB1: Bad file descriptor
14:29:52 | SUPPLY   [warning] Write attempt 2/3 failed for command "CURR?" to Supply-supply-1
14:29:52 | SERIAL   [error] Failed to write "CURR?
" to /dev/ttyUSB1: Bad file descriptor
14:29:52 | SUPPLY   [warning] Write attempt 3/3 failed for command "CURR?" to Supply-supply-1
14:29:52 | SUPPLY   [error] Failed to write command "CURR?" to Supply-supply-1 after 3 attempts
14:29:52 | SUPPLY   [warning] Query write attempt 1/1 failed for "CURR?" to Supply-supply-1
14:29:52 | SUPPLY   [error] Failed to query command "CURR?" from Supply-supply-1 after 1 attempts
14:29:52 | SUPPLY   [error] Supply-supply-1 did not return a set current
14:29:52 | SUPPLY   [error] Supply-supply-1 failed to query current state
14:29:52 | SERIAL   [error] Failed to write "STATE?
" to /dev/ttyUSB2: Bad file descriptor
14:29:52 | MODULE   [warning] Write attempt 1/3 failed for command "STATE?" to Module-module-1
14:29:52 | SERIAL   [error] Failed to write "STATE?
" to /dev/ttyUSB2: Bad file descriptor
14:29:52 | MODULE   [warning] Write attempt 2/3 failed for command "STATE?" to Module-module-1
14:29:52 | SERIAL   [error] Failed to write "STATE?
" to /dev/ttyUSB2: Bad file descriptor
14:29:52 | MODULE   [warning] Write attempt 3/3 failed for command "STATE?" to Module-module-1
14:29:52 | MODULE   [error] Failed to write command "STATE?" to Module-module-1 after 3 attempts
14:29:52 | MODULE   [warning] Query write attempt 1/1 failed for "STATE?" to Module-module-1
14:29:52 | MODULE   [error] Failed to query command "STATE?" from Module-module-1 after 1 attempts
14:29:52 | MODULE   [error] Module-module-1 did not return a state
14:29:52 | SERIAL   [error] Failed to write "STATE CHARGE
" to /dev/ttyUSB2: Bad file descriptor
14:29:52 | MODULE   [warning] Write attempt 1/3 failed for command "STATE CHARGE" to Module-module-1
14:29:52 | SERIAL   [error] Failed to write "STATE CHARGE
" to /dev/ttyUSB2: Bad file descriptor
14:29:52 | MODULE   [warning] Write attempt 2/3 failed for command "STATE CHARGE" to Module-module-1
14:29:52 | SERIAL   [error] Failed to write "STATE CHARGE
" to /dev/ttyUSB2: Bad file descriptor
14:29:52 | MODULE   [warning] Write attempt 3/3 failed for command "STATE CHARGE" to Module-module-1
14:29:52 | MODULE   [error] Failed to write command "STATE CHARGE" to Module-module-1 after 3 attempts
14:29:52 | MODULE   [error] Module-module-1 cannot be set to charging
14:29:52 | SERIAL   [error] Failed to write "CHAN 2
" to /dev/ttyUSB0: Bad file descriptor
14:29:52 | LOAD     [warning] Write attempt 1/3 failed for command "CHAN 2" to Load-load
14:29:52 | SERIAL   [error] Failed to write "CHAN 2
" to /dev/ttyUSB0: Bad file descriptor
14:29:52 | LOAD     [warning] Write attempt 2/3 failed for command "CHAN 2" to Load-load
14:29:52 | SERIAL   [error] Failed to write "CHAN 2
" to /dev/ttyUSB0: Bad file descriptor
14:29:52 | LOAD     [warning] Write attempt 3/3 failed for command "CHAN 2" to Load-load
14:29:52 | LOAD     [error] Failed to write command "CHAN 2" to Load-load after 3 attempts
14:29:52 | LOAD     [error] Failed to set channel at Load-load
14:29:52 | SERIAL   [error] Failed to write "MEAS:ALL?
" to /dev/ttyUSB1: Bad file descriptor
14:29:52 | SUPPLY   [warning] Write attempt 1/3 failed for command "MEAS:ALL?" to Supply-supply-1
14:29:52 | SERIAL   [error] Failed to write "MEAS:ALL?
" to /dev/ttyUSB1: Bad file descriptor
14:29:52 | SUPPLY   [warning] Write attempt 2/3 failed for command "MEAS:ALL?" to Supply-supply-1
14:29:52 | SERIAL   [error] Failed to write "MEAS:ALL?
" to /dev/ttyUSB1: Bad file descriptor
14:29:52 | SUPPLY   [warning] Write attempt 3/3 failed for command "MEAS:ALL?" to Supply-supply-1
14:29:52 | SUPPLY   [error] Failed to write command "MEAS:ALL?" to Supply-supply-1 after 3 attempts
14:29:52 | SUPPLY   [warning] Query write attempt 1/1 failed for "MEAS:ALL?" to Supply-supply-1
14:29:52 | SUPPLY   [error] Failed to query command "MEAS:ALL?" from Supply-supply-1 after 1 attempts
14:29:52 | SUPPLY   [error] Supply-supply-1 did not return any measurements
14:29:52 | SERIAL   [error] Failed to write "CHAN 1
" to /dev/ttyUSB0: Bad file descriptor
14:29:52 | LOAD     [warning] Write attempt 1/3 failed for command "CHAN 1" to Load-load
14:29:52 | SERIAL   [error] Failed to write "CHAN 1
" to /dev/ttyUSB0: Bad file descriptor
14:29:52 | LOAD     [warning] Write attempt 2/3 failed for command "CHAN 1" to Load-load
14:29:52 | SERIAL   [error] Failed to write "CHAN 1
" to /dev/ttyUSB0: Bad file descriptor
14:29:52 | LOAD     [warning] Write attempt 3/3 failed for command "CHAN 1" to Load-load
14:29:52 | LOAD     [error] Failed to write command "CHAN 1" to Load-load after 3 attempts
14:29:52 | LOAD     [error] Failed to set channel at Load-load
14:29:52 | SERIAL   [error] Failed to write "CHAN 1
" to /dev/ttyUSB0: Bad file descriptor
14:29:52 | LOAD     [warning] Write attempt 1/3 failed for command "CHAN 1" to Load-load
14:29:52 | SERIAL   [error] Failed to write "CHAN 1
" to /dev/ttyUSB0: Bad file descriptor
14:29:52 | LOAD     [warning] Write attempt 2/3 failed for command "CHAN 1" to Load-load
14:29:52 | SERIAL   [error] Failed to write "CHAN 1
" to /dev/ttyUSB0: Bad file descriptor
14:29:52 | LOAD     [warning] Write attempt 3/3 failed for command "CHAN 1" to Load-load
14:29:52 | LOAD     [error] Failed to write command "CHAN 1" to Load-load after 3 attempts
14:29:52 | LOAD     [error] Failed to set channel at Load-load
14:29:52 | SERIAL   [error] Failed to write "CHAN 2
" to /dev/ttyUSB0: Bad file descriptor
14:29:52 | LOAD     [warning] Write attempt 1/3 failed for command "CHAN 2" to Load-load
14:29:52 | SERIAL   [error] Failed to write "CHAN 2
" to /dev/ttyUSB0: Bad file descriptor
14:29:52 | LOAD     [warning] Write attempt 2/3 failed for command "CHAN 2" to Load-load
14:29:52 | SERIAL   [error] Failed to write "CHAN 2
" to /dev/ttyUSB0: Bad file descriptor
14:29:52 | LOAD     [warning] Write attempt 3/3 failed for command "CHAN 2" to Load-load
14:29:52 | LOAD     [error] Failed to write command "CHAN 2" to Load-load after 3 attempts
14:29:52 | LOAD     [error] Failed to set channel at Load-load
14:29:52 | SERIAL   [error] Failed to write "CHAN 2
" to /dev/ttyUSB0: Bad file descriptor
14:29:52 | LOAD     [warning] Write attempt 1/3 failed for command "CHAN 2" to Load-load
14:29:52 | SERIAL   [error] Failed to write "CHAN 2
" to /dev/ttyUSB0: Bad file descriptor
14:29:52 | LOAD     [warning] Write attempt 2/3 failed for command "CHAN 2" to Load-load
14:29:52 | SERIAL   [error] Failed to write "CHAN 2
" to /dev/ttyUSB0: Bad file descriptor
14:29:52 | LOAD     [warning] Write attempt 3/3 failed for command "CHAN 2" to Load-load
14:29:52 | LOAD     [error] Failed to write command "CHAN 2" to Load-load after 3 attempts
14:29:52 | LOAD     [error] Failed to set channel at Load-load
14:29:52 | SERIAL   [error] Failed to write "OUTP?
" to /dev/ttyUSB1: Bad file descriptor
14:29:52 | SUPPLY   [warning] Write attempt 1/3 failed for command "OUTP?" to Supply-supply-1
14:29:52 | SERIAL   [error] Failed to write "OUTP?
" to /dev/ttyUSB1: Bad file descriptor
14:29:52 | SUPPLY   [warning] Write attempt 2/3 failed for command "OUTP?" to Supply-supply-1
14:29:52 | SERIAL   [error] Failed to write "OUTP?
" to /dev/ttyUSB1: Bad file descriptor
14:29:52 | SUPPLY   [warning] Write attempt 3/3 failed for command "OUTP?" to Supply-supply-1
14:29:52 | SUPPLY   [error] Failed to write command "OUTP?" to Supply-supply-1 after 3 attempts
14:29:52 | SUPPLY   [warning] Query write attempt 1/1 failed for "OUTP?" to Supply-supply-1
14:29:52 | SUPPLY   [error] Failed to query command "OUTP?" from Supply-supply-1 after 1 attempts
14:29:52 | SUPPLY   [error] Supply-supply-1 did not return a valid state
14:29:52 | SERIAL   [error] Failed to write "VOLT?
" to /dev/ttyUSB1: Bad file descriptor
14:29:52 | SUPPLY   [warning] Write attempt 1/3 failed for command "VOLT?" to Supply-supply-1
14:29:52 | SERIAL   [error] Failed to write "VOLT?
" to /dev/ttyUSB1: Bad file descriptor
14:29:52 | SUPPLY   [warning] Write attempt 2/3 failed for command "VOLT?" to Supply-supply-1
14:29:52 | SERIAL   [error] Failed to write "VOLT?
" to /dev/ttyUSB1: Bad file descriptor
14:29:52 | SUPPLY   [warning] Write attempt 3/3 failed for command "VOLT?" to Supply-supply-1
14:29:52 | SUPPLY   [error] Failed to write command "VOLT?" to Supply-supply-1 after 3 attempts
14:29:52 | SUPPLY   [warning] Query write attempt 1/1 failed for "VOLT?" to Supply-supply-1
14:29:52 | SUPPLY   [error] Failed to query command "VOLT?" from Supply-supply-1 after 1 attempts
14:29:52 | SUPPLY   [error] Supply-supply-1 did not return a set voltage
14:29:52 | SERIAL   [error] Failed to write "CURR?
" to /dev/ttyUSB1: Bad file descriptor
14:29:52 | SUPPLY   [warning] Write attempt 1/3 failed for command "CURR?" to Supply-supply-1
14:29:52 | SERIAL   [error] Failed to write "CURR?
" to /dev/ttyUSB1: Bad file descriptor
14:29:52 | SUPPLY   [warning] Write attempt 2/3 failed for command "CURR?" to Supply-supply-1
14:29:52 | SERIAL   [error] Failed to write "CURR?
" to /dev/ttyUSB1: Bad file descriptor
14:29:52 | SUPPLY   [warning] Write attempt 3/3 failed for command "CURR?" to Supply-supply-1
14:29:52 | SUPPLY   [error] Failed to write command "CURR?" to Supply-supply-1 after 3 attempts
14:29:52 | SUPPLY   [warning] Query write attempt 1/1 failed for "CURR?" to Supply-supply-1
14:29:52 | SUPPLY   [error] Failed to query command "CURR?" from Supply-supply-1 after 1 attempts
14:29:52 | SUPPLY   [error] Supply-supply-1 did not return a set current
14:29:52 | SUPPLY   [error] Supply-supply-1 failed to query current state
14:29:52 | SERIAL   [error] Failed to write "STATE?
" to /dev/ttyUSB2: Bad file descriptor
14:29:52 | MODULE   [warning] Write attempt 1/3 failed for command "STATE?" to Module-module-1
14:29:52 | SERIAL   [error] Failed to write "STATE?
" to /dev/ttyUSB2: Bad file descriptor
14:29:52 | MODULE   [warning] Write attempt 2/3 failed for command "STATE?" to Module-module-1
14:29:52 | SERIAL   [error] Failed to write "STATE?
" to /dev/ttyUSB2: Bad file descriptor
14:29:52 | MODULE   [warning] Write attempt 3/3 failed for command "STATE?" to Module-module-1
14:29:52 | MODULE   [error] Failed to write command "STATE?" to Module-module-1 after 3 attempts
14:29:52 | MODULE   [warning] Query write attempt 1/1 failed for "STATE?" to Module-module-1
14:29:52 | MODULE   [error] Failed to query command "STATE?" from Module-module-1 after 1 attempts
14:29:52 | MODULE   [error] Module-module-1 did not return a state
14:29:52 | SERIAL   [error] Failed to write "STATE CHARGE
" to /dev/ttyUSB2: Bad file descriptor
14:29:52 | MODULE   [warning] Write attempt 1/3 failed for command "STATE CHARGE" to Module-module-1
14:29:52 | SERIAL   [error] Failed to write "STATE CHARGE
" to /dev/ttyUSB2: Bad file descriptor
14:29:52 | MODULE   [warning] Write attempt 2/3 failed for command "STATE CHARGE" to Module-module-1
14:29:52 | SERIAL   [error] Failed to write "STATE CHARGE
" to /dev/ttyUSB2: Bad file descriptor
14:29:52 | MODULE   [warning] Write attempt 3/3 failed for command "STATE CHARGE" to Module-module-1
14:29:52 | MODULE   [error] Failed to write command "STATE CHARGE" to Module-module-1 after 3 attempts
14:29:52 | MODULE   [error] Module-module-1 cannot be set to charging
14:29:52 | SERIAL   [error] Failed to write "CHAN 2
" to /dev/ttyUSB0: Bad file descriptor
14:29:52 | LOAD     [warning] Write attempt 1/3 failed for command "CHAN 2" to Load-load
14:29:52 | SERIAL   [error] Failed to write "CHAN 2
" to /dev/ttyUSB0: Bad file descriptor
14:29:52 | LOAD     [warning] Write attempt 2/3 failed for command "CHAN 2" to Load-load
14:29:52 | SERIAL   [error] Failed to write "CHAN 2
" to /dev/ttyUSB0: Bad file descriptor
14:29:52 | LOAD     [warning] Write attempt 3/3 failed for command "CHAN 2" to Load-load
14:29:52 | LOAD     [error] Failed to write command "CHAN 2" to Load-load after 3 attempts
14:29:52 | LOAD     [error] Failed to set channel at Load-load
14:29:52 | SERIAL   [error] Failed to write "MEAS:ALL?
" to /dev/ttyUSB1: Bad file descriptor
14:29:52 | SUPPLY   [warning] Write attempt 1/3 failed for command "MEAS:ALL?" to Supply-supply-1
14:29:52 | SERIAL   [error] Failed to write "MEAS:ALL?
" to /dev/ttyUSB1: Bad file descriptor
14:29:52 | SUPPLY   [warning] Write attempt 2/3 failed for command "MEAS:ALL?" to Supply-supply-1
14:29:52 | SERIAL   [error] Failed to write "MEAS:ALL?
" to /dev/ttyUSB1: Bad file descriptor
14:29:52 | SUPPLY   [warning] Write attempt 3/3 failed for command "MEAS:ALL?" to Supply-supply-1
14:29:52 | SUPPLY   [error] Failed to write command "MEAS:ALL?" to Supply-supply-1 after 3 attempts
14:29:52 | SUPPLY   [warning] Query write attempt 1/1 failed for "MEAS:ALL?" to Supply-supply-1
14:29:52 | SUPPLY   [error] Failed to query command "MEAS:ALL?" from Supply-supply-1 after 1 attempts
14:29:52 | SUPPLY   [error] Supply-supply-1 did not return any measurements
14:29:52 | SERIAL   [error] Failed to write "CHAN 1
" to /dev/ttyUSB0: Bad file descriptor
14:29:52 | LOAD     [warning] Write attempt 1/3 failed for command "CHAN 1" to Load-load
14:29:52 | SERIAL   [error] Failed to write "CHAN 1
" to /dev/ttyUSB0: Bad file descriptor
14:29:52 | LOAD     [warning] Write attempt 2/3 failed for command "CHAN 1" to Load-load
14:29:52 | SERIAL   [error] Failed to write "CHAN 1
" to /dev/ttyUSB0: Bad file descriptor
14:29:52 | LOAD     [warning] Write attempt 3/3 failed for command "CHAN 1" to Load-load
14:29:52 | LOAD     [error] Failed to write command "CHAN 1" to Load-load after 3 attempts
14:29:52 | LOAD     [error] Failed to set channel at Load-load
14:29:52 | SERIAL   [error] Failed to write "CHAN 1
" to /dev/ttyUSB0: Bad file descriptor
14:29:52 | LOAD     [warning] Write attempt 1/3 failed for command "CHAN 1" to Load-load
14:29:52 | SERIAL   [error] Failed to write "CHAN 1
" to /dev/ttyUSB0: Bad file descriptor
14:29:52 | LOAD     [warning] Write attempt 2/3 failed for command "CHAN 1" to Load-load
14:29:52 | SERIAL   [error] Failed to write "CHAN 1
" to /dev/ttyUSB0: Bad file descriptor
14:29:52 | LOAD     [warning] Write attempt 3/3 failed for command "CHAN 1" to Load-load
14:29:52 | LOAD     [error] Failed to write command "CHAN 1" to Load-load after 3 attempts
14:29:52 | LOAD     [error] Failed to set channel at Load-load
14:29:52 | SERIAL   [error] Failed to write "CHAN 2
" to /dev/ttyUSB0: Bad file descriptor
14:29:52 | LOAD     [warning] Write attempt 1/3 failed for command "CHAN 2" to Load-load
14:29:52 | SERIAL   [error] Failed to write "CHAN 2
" to /dev/ttyUSB0: Bad file descriptor
14:29:52 | LOAD     [warning] Write attempt 2/3 failed for command "CHAN 2" to Load-load
14:29:52 | SERIAL   [error] Failed to write "CHAN 2
" to /dev/ttyUSB0: Bad file descriptor
14:29:52 | LOAD     [warning] Write attempt 3/3 failed for command "CHAN 2" to Load-load
14:29:52 | LOAD     [error] Failed to write command "CHAN 2" to Load-load after 3 attempts
14:29:52 | LOAD     [error] Failed to set channel at Load-load
14:29:52 | SERIAL   [error] Failed to write "CHAN 2
" to /dev/ttyUSB0: Bad file descriptor
14:29:52 | LOAD     [warning] Write attempt 1/3 failed for command "CHAN 2" to Load-load
14:29:52 | SERIAL   [error] Failed to write "CHAN 2
" to /dev/ttyUSB0: Bad file descriptor
14:29:52 | LOAD     [warning] Write attempt 2/3 failed for command "CHAN 2" to Load-load
14:29:52 | SERIAL   [error] Failed to write "CHAN 2
" to /dev/ttyUSB0: Bad file descriptor
14:29:52 | LOAD     [warning] Write attempt 3/3 failed for command "CHAN 2" to Load-load
14:29:52 | LOAD     [error] Failed to write command "CHAN 2" to Load-load after 3 attempts
14:29:52 | LOAD     [error] Failed to set channel at Load-load
14:29:52 | SERIAL   [error] Failed to write "OUTP?
" to /dev/ttyUSB1: Bad file descriptor
14:29:52 | SUPPLY   [warning] Write attempt 1/3 failed for command "OUTP?" to Supply-supply-1
14:29:52 | SERIAL   [error] Failed to write "OUTP?
" to /dev/ttyUSB1: Bad file descriptor
14:29:52 | SUPPLY   [warning] Write attempt 2/3 failed for command "OUTP?" to Supply-supply-1
14:29:52 | SERIAL   [error] Failed to write "OUTP?
" to /dev/ttyUSB1: Bad file descriptor
14:29:52 | SUPPLY   [warning] Write attempt 3/3 failed for command "OUTP?" to Supply-supply-1
14:29:52 | SUPPLY   [error] Failed to write command "OUTP?" to Supply-supply-1 after 3 attempts
14:29:52 | SUPPLY   [warning] Query write attempt 1/1 failed for "OUTP?" to Supply-supply-1
14:29:52 | SUPPLY   [error] Failed to query command "OUTP?" from Supply-supply-1 after 1 attempts
14:29:52 | SUPPLY   [error] Supply-supply-1 did not return a valid state
14:29:52 | SERIAL   [error] Failed to write "VOLT?
" to /dev/ttyUSB1: Bad file descriptor
14:29:52 | SUPPLY   [warning] Write attempt 1/3 failed for command "VOLT?" to Supply-supply-1
14:29:52 | SERIAL   [error] Failed to write "VOLT?
" to /dev/ttyUSB1: Bad file descriptor
14:29:52 | SUPPLY   [warning] Write attempt 2/3 failed for command "VOLT?" to Supply-supply-1
14:29:52 | SERIAL   [error] Failed to write "VOLT?
" to /dev/ttyUSB1: Bad file descriptor
14:29:52 | SUPPLY   [warning] Write attempt 3/3 failed for command "VOLT?" to Supply-supply-1
14:29:52 | SUPPLY   [error] Failed to write command "VOLT?" to Supply-supply-1 after 3 attempts
14:29:52 | SUPPLY   [warning] Query write attempt 1/1 failed for "VOLT?" to Supply-supply-1
14:29:52 | SUPPLY   [error] Failed to query command "VOLT?" from Supply-supply-1 after 1 attempts
14:29:52 | SUPPLY   [error] Supply-supply-1 did not return a set voltage
14:29:52 | SERIAL   [error] Failed to write "CURR?
" to /dev/ttyUSB1: Bad file descriptor
14:29:52 | SUPPLY   [warning] Write attempt 1/3 failed for command "CURR?" to Supply-supply-1
14:29:52 | SERIAL   [error] Failed to write "CURR?
" to /dev/ttyUSB1: Bad file descriptor
14:29:52 | SUPPLY   [warning] Write attempt 2/3 failed for command "CURR?" to Supply-supply-1
14:29:52 | SERIAL   [error] Failed to write "CURR?
" to /dev/ttyUSB1: Bad file descriptor
14:29:52 | SUPPLY   [warning] Write attempt 3/3 failed for command "CURR?" to Supply-supply-1
14:29:52 | SUPPLY   [error] Failed to write command "CURR?" to Supply-supply-1 after 3 attempts
14:29:52 | SUPPLY   [warning] Query write attempt 1/1 failed for "CURR?" to Supply-supply-1
14:29:52 | SUPPLY   [error] Failed to query command "CURR?" from Supply-supply-1 after 1 attempts
14:29:52 | SUPPLY   [error] Supply-supply-1 did not return a set current
14:29:52 | SUPPLY   [error] Supply-supply-1 failed to query current state
14:29:52 | SERIAL   [error] Failed to write "STATE?
" to /dev/ttyUSB2: Bad file descriptor
14:29:52 | MODULE   [warning] Write attempt 1/3 failed for command "STATE?" to Module-module-1
14:29:52 | SERIAL   [error] Failed to write "STATE?
" to /dev/ttyUSB2: Bad file descriptor
14:29:52 | MODULE   [warning] Write attempt 2/3 failed for command "STATE?" to Module-module-1
14:29:52 | SERIAL   [error] Failed to write "STATE?
" to /dev/ttyUSB2: Bad file descriptor
14:29:52 | MODULE   [warning] Write attempt 3/3 failed for command "STATE?" to Module-module-1
14:29:52 | MODULE   [error] Failed to write command "STATE?" to Module-module-1 after 3 attempts
14:29:52 | MODULE   [warning] Query write attempt 1/1 failed for "STATE?" to Module-module-1
14:29:52 | MODULE   [error] Failed to query command "STATE?" from Module-module-1 after 1 attempts
14:29:52 | MODULE   [error] Module-module-1 did not return a state
14:29:52 | SERIAL   [error] Failed to write "STATE CHARGE
" to /dev/ttyUSB2: Bad file descriptor
14:29:52 | MODULE   [warning] Write attempt 1/3 failed for command "STATE CHARGE" to Module-module-1
14:29:52 | SERIAL   [error] Failed to write "STATE CHARGE
" to /dev/ttyUSB2: Bad file descriptor
14:29:52 | MODULE   [warning] Write attempt 2/3 failed for command "STATE CHARGE" to Module-module-1
14:29:52 | SERIAL   [error] Failed to write "STATE CHARGE
" to /dev/ttyUSB2: Bad file descriptor
14:29:52 | MODULE   [warning] Write attempt 3/3 failed for command "STATE CHARGE" to Module-module-1
14:29:52 | MODULE   [error] Failed to write command "STATE CHARGE" to Module-module-1 after 3 attempts
14:29:52 | MODULE   [error] Module-module-1 cannot be set to charging
14:29:52 | SERIAL   [error] Failed to write "CHAN 2
" to /dev/ttyUSB0: Bad file descriptor
14:29:52 | LOAD     [warning] Write attempt 1/3 failed for command "CHAN 2" to Load-load
14:29:52 | SERIAL   [error] Failed to write "CHAN 2
" to /dev/ttyUSB0: Bad file descriptor
14:29:52 | LOAD     [warning] Write attempt 2/3 failed for command "CHAN 2" to Load-load
14:29:52 | SERIAL   [error] Failed to write "CHAN 2
" to /dev/ttyUSB0: Bad file descriptor
14:29:52 | LOAD     [warning] Write attempt 3/3 failed for command "CHAN 2" to Load-load
14:29:52 | LOAD     [error] Failed to write command "CHAN 2" to Load-load after 3 attempts
14:29:52 | LOAD     [error] Failed to set channel at Load-load
14:29:52 | SERIAL   [error] Failed to write "MEAS:ALL?
" to /dev/ttyUSB1: Bad file descriptor
14:29:52 | SUPPLY   [warning] Write attempt 1/3 failed for command "MEAS:ALL?" to Supply-supply-1
14:29:52 | SERIAL   [error] Failed to write "MEAS:ALL?
" to /dev/ttyUSB1: Bad file descriptor
14:29:52 | SUPPLY   [warning] Write attempt 2/3 failed for command "MEAS:ALL?" to Supply-supply-1
14:29:52 | SERIAL   [error] Failed to write "MEAS:ALL?
" to /dev/ttyUSB1: Bad file descriptor
14:29:52 | SUPPLY   [warning] Write attempt 3/3 failed for command "MEAS:ALL?" to Supply-supply-1
14:29:52 | SUPPLY   [error] Failed to write command "MEAS:ALL?" to Supply-supply-1 after 3 attempts
14:29:52 | SUPPLY   [warning] Query write attempt 1/1 failed for "MEAS:ALL?" to Supply-supply-1
14:29:52 | SUPPLY   [error] Failed to query command "MEAS:ALL?" from Supply-supply-1 after 1 attempts
14:29:52 | SUPPLY   [error] Supply-supply-1 did not return any measurements
14:29:52 | SERIAL   [error] Failed to write "CHAN 1
" to /dev/ttyUSB0: Bad file descriptor
14:29:52 | LOAD     [warning] Write attempt 1/3 failed for command "CHAN 1" to Load-load
14:29:52 | SERIAL   [error] Failed to write "CHAN 1
" to /dev/ttyUSB0: Bad file descriptor
14:29:52 | LOAD     [warning] Write attempt 2/3 failed for command "CHAN 1" to Load-load
14:29:52 | SERIAL   [error] Failed to write "CHAN 1
" to /dev/ttyUSB0: Bad file descriptor
14:29:52 | LOAD     [warning] Write attempt 3/3 failed for command "CHAN 1" to Load-load
14:29:52 | LOAD     [error] Failed to write command "CHAN 1" to Load-load after 3 attempts
14:29:52 | LOAD     [error] Failed to set channel at Load-load
14:29:52 | SERIAL   [error] Failed to write "CHAN 1
" to /dev/ttyUSB0: Bad file descriptor
14:29:52 | LOAD     [warning] Write attempt 1/3 failed for command "CHAN 1" to Load-load
14:29:52 | SERIAL   [error] Failed to write "CHAN 1
" to /dev/ttyUSB0: Bad file descriptor
14:29:52 | LOAD     [warning] Write attempt 2/3 failed for command "CHAN 1" to Load-load
14:29:52 | SERIAL   [error] Failed to write "CHAN 1
" to /dev/ttyUSB0: Bad file descriptor
14:29:52 | LOAD     [warning] Write attempt 3/3 failed for command "CHAN 1" to Load-load
14:29:52 | LOAD     [error] Failed to write command "CHAN 1" to Load-load after 3 attempts
14:29:52 | LOAD     [error] Failed to set channel at Load-load
14:29:52 | SERIAL   [error] Failed to write "CHAN 2
" to /dev/ttyUSB0: Bad file descriptor
14:29:52 | LOAD     [warning] Write attempt 1/3 failed for command "CHAN 2" to Load-load
14:29:52 | SERIAL   [error] Failed to write "CHAN 2
" to /dev/ttyUSB0: Bad file descriptor
14:29:52 | LOAD     [warning] Write attempt 2/3 failed for command "CHAN 2" to Load-load
14:29:52 | SERIAL   [error] Failed to write "CHAN 2
" to /dev/ttyUSB0: Bad file descriptor
14:29:52 | LOAD     [warning] Write attempt 3/3 failed for command "CHAN 2" to Load-load
14:29:52 | LOAD     [error] Failed to write command "CHAN 2" to Load-load after 3 attempts
14:29:52 | LOAD     [error] Failed to set channel at Load-load
14:29:52 | SERIAL   [error] Failed to write "CHAN 2
" to /dev/ttyUSB0: Bad file descriptor
14:29:52 | LOAD     [warning] Write attempt 1/3 failed for command "CHAN 2" to Load-load
14:29:52 | SERIAL   [error] Failed to write "CHAN 2
" to /dev/ttyUSB0: Bad file descriptor
14:29:52 | LOAD     [warning] Write attempt 2/3 failed for command "CHAN 2" to Load-load
14:29:52 | SERIAL   [error] Failed to write "CHAN 2
" to /dev/ttyUSB0: Bad file descriptor
14:29:52 | LOAD     [warning] Write attempt 3/3 failed for command "CHAN 2" to Load-load
14:29:52 | LOAD     [error] Failed to write command "CHAN 2" to Load-load after 3 attempts
14:29:52 | LOAD     [error] Failed to set channel at Load-load
14:29:52 | SERIAL   [error] Failed to write "OUTP?
" to /dev/ttyUSB1: Bad file descriptor
14:29:52 | SUPPLY   [warning] Write attempt 1/3 failed for command "OUTP?" to Supply-supply-1
14:29:52 | SERIAL   [error] Failed to write "OUTP?
" to /dev/ttyUSB1: Bad file descriptor
14:29:52 | SUPPLY   [warning] Write attempt 2/3 failed for command "OUTP?" to Supply-supply-1
14:29:52 | SERIAL   [error] Failed to write "OUTP?
" to /dev/ttyUSB1: Bad file descriptor
14:29:52 | SUPPLY   [warning] Write attempt 3/3 failed for command "OUTP?" to Supply-supply-1
14:29:52 | SUPPLY   [error] Failed to write command "OUTP?" to Supply-supply-1 after 3 attempts
14:29:52 | SUPPLY   [warning] Query write attempt 1/1 failed for "OUTP?" to Supply-supply-1
14:29:52 | SUPPLY   [error] Failed to query command "OUTP?" from Supply-supply-1 after 1 attempts
14:29:52 | SUPPLY   [error] Supply-supply-1 did not return a valid state
14:29:52 | SERIAL   [error] Failed to write "VOLT?
" to /dev/ttyUSB1: Bad file descriptor
14:29:52 | SUPPLY   [warning] Write attempt 1/3 failed for command "VOLT?" to Supply-supply-1
14:29:52 | SERIAL   [error] Failed to write "VOLT?
" to /dev/ttyUSB1: Bad file descriptor
14:29:52 | SUPPLY   [warning] Write attempt 2/3 failed for command "VOLT?" to Supply-supply-1
14:29:52 | SERIAL   [error] Failed to write "VOLT?
" to /dev/ttyUSB1: Bad file descriptor
14:29:52 | SUPPLY   [warning] Write attempt 3/3 failed for command "VOLT?" to Supply-supply-1
14:29:52 | SUPPLY   [error] Failed to write command "VOLT?" to Supply-supply-1 after 3 attempts
14:29:52 | SUPPLY   [warning] Query write attempt 1/1 failed for "VOLT?" to Supply-supply-1
14:29:52 | SUPPLY   [error] Failed to query command "VOLT?" from Supply-supply-1 after 1 attempts
14:29:52 | SUPPLY   [error] Supply-supply-1 did not return a set voltage
14:29:52 | SERIAL   [error] Failed to write "CURR?
" to /dev/ttyUSB1: Bad file descriptor
14:29:52 | SUPPLY   [warning] Write attempt 1/3 failed for command "CURR?" to Supply-supply-1
14:29:52 | SERIAL   [error] Failed to write "CURR?
" to /dev/ttyUSB1: Bad file descriptor
14:29:52 | SUPPLY   [warning] Write attempt 2/3 failed for command "CURR?" to Supply-supply-1
14:29:52 | SERIAL   [error] Failed to write "CURR?
" to /dev/ttyUSB1: Bad file descriptor
14:29:52 | SUPPLY   [warning] Write attempt 3/3 failed for command "CURR?" to Supply-supply-1
14:29:52 | SUPPLY   [error] Failed to write command "CURR?" to Supply-supply-1 after 3 attempts
14:29:52 | SUPPLY   [warning] Query write attempt 1/1 failed for "CURR?" to Supply-supply-1
14:29:52 | SUPPLY   [error] Failed to query command "CURR?" from Supply-supply-1 after 1 attempts
14:29:52 | SUPPLY   [error] Supply-supply-1 did not return a set current
14:29:52 | SUPPLY   [error] Supply-supply-1 failed to query current state
14:29:52 | SERIAL   [error] Failed to write "STATE?
" to /dev/ttyUSB2: Bad file descriptor
14:29:52 | MODULE   [warning] Write attempt 1/3 failed for command "STATE?" to Module-module-1
14:29:52 | SERIAL   [error] Failed to write "STATE?
" to /dev/ttyUSB2: Bad file descriptor
14:29:52 | MODULE   [warning] Write attempt 2/3 failed for command "STATE?" to Module-module-1
14:29:52 | SERIAL   [error] Failed to write "STATE?
" to /dev/ttyUSB2: Bad file descriptor
14:29:52 | MODULE   [warning] Write attempt 3/3 failed for command "STATE?" to Module-module-1
14:29:52 | MODULE   [error] Failed to write command "STATE?" to Module-module-1 after 3 attempts
14:29:52 | MODULE   [warning] Query write attempt 1/1 failed for "STATE?" to Module-module-1
14:29:52 | MODULE   [error] Failed to query command "STATE?" from Module-module-1 after 1 attempts
14:29:52 | MODULE   [error] Module-module-1 did not return a state
14:29:52 | SERIAL   [error] Failed to write "STATE CHARGE
" to /dev/ttyUSB2: Bad file descriptor
14:29:52 | MODULE   [warning] Write attempt 1/3 failed for command "STATE CHARGE" to Module-module-1
14:29:52 | SERIAL   [error] Failed to write "STATE CHARGE
" to /dev/ttyUSB2: Bad file descriptor
14:29:52 | MODULE   [warning] Write attempt 2/3 failed for command "STATE CHARGE" to Module-module-1
14:29:52 | SERIAL   [error] Failed to write "STATE CHARGE
" to /dev/ttyUSB2: Bad file descriptor
14:29:52 | MODULE   [warning] Write attempt 3/3 failed for command "STATE CHARGE" to Module-module-1
14:29:52 | MODULE   [error] Failed to write command "STATE CHARGE" to Module-module-1 after 3 attempts
14:29:52 | MODULE   [error] Module-module-1 cannot be set to charging
14:29:52 | SERIAL   [error] Failed to write "CHAN 2
" to /dev/ttyUSB0: Bad file descriptor
14:29:52 | LOAD     [warning] Write attempt 1/3 failed for command "CHAN 2" to Load-load
14:29:52 | SERIAL   [error] Failed to write "CHAN 2
" to /dev/ttyUSB0: Bad file descriptor
14:29:52 | LOAD     [warning] Write attempt 2/3 failed for command "CHAN 2" to Load-load
14:29:52 | SERIAL   [error] Failed to write "CHAN 2
" to /dev/ttyUSB0: Bad file descriptor
14:29:52 | LOAD     [warning] Write attempt 3/3 failed for command "CHAN 2" to Load-load
14:29:52 | LOAD     [error] Failed to write command "CHAN 2" to Load-load after 3 attempts
14:29:52 | LOAD     [error] Failed to set channel at Load-load
14:29:52 | SERIAL   [error] Failed to write "MEAS:ALL?
" to /dev/ttyUSB1: Bad file descriptor
14:29:52 | SUPPLY   [warning] Write attempt 1/3 failed for command "MEAS:ALL?" to Supply-supply-1
14:29:52 | SERIAL   [error] Failed to write "MEAS:ALL?
" to /dev/ttyUSB1: Bad file descriptor
14:29:52 | SUPPLY   [warning] Write attempt 2/3 failed for command "MEAS:ALL?" to Supply-supply-1
14:29:52 | SERIAL   [error] Failed to write "MEAS:ALL?
" to /dev/ttyUSB1: Bad file descriptor
14:29:52 | SUPPLY   [warning] Write attempt 3/3 failed for command "MEAS:ALL?" to Supply-supply-1
14:29:52 | SUPPLY   [error] Failed to write command "MEAS:ALL?" to Supply-supply-1 after 3 attempts
14:29:52 | SUPPLY   [warning] Query write attempt 1/1 failed for "MEAS:ALL?" to Supply-supply-1
14:29:52 | SUPPLY   [error] Failed to query command "MEAS:ALL?" from Supply-supply-1 after 1 attempts
14:29:52 | SUPPLY   [error] Supply-supply-1 did not return any measurements
14:29:52 | SERIAL   [error] Failed to write "CHAN 1
" to /dev/ttyUSB0: Bad file descriptor
14:29:52 | LOAD     [warning] Write attempt 1/3 failed for command "CHAN 1" to Load-load
14:29:52 | SERIAL   [error] Failed to write "CHAN 1
" to /dev/ttyUSB0: Bad file descriptor
14:29:52 | LOAD     [warning] Write attempt 2/3 failed for command "CHAN 1" to Load-load
14:29:52 | SERIAL   [error] Failed to write "CHAN 1
" to /dev/ttyUSB0: Bad file descriptor
14:29:52 | LOAD     [warning] Write attempt 3/3 failed for command "CHAN 1" to Load-load
14:29:52 | LOAD     [error] Failed to write command "CHAN 1" to Load-load after 3 attempts
14:29:52 | LOAD     [error] Failed to set channel at Load-load
14:29:52 | SERIAL   [error] Failed to write "CHAN 1
" to /dev/ttyUSB0: Bad file descriptor
14:29:52 | LOAD     [warning] Write attempt 1/3 failed for command "CHAN 1" to Load-load
14:29:52 | SERIAL   [error] Failed to write "CHAN 1
" to /dev/ttyUSB0: Bad file descriptor
14:29:52 | LOAD     [warning] Write attempt 2/3 failed for command "CHAN 1" to Load-load
14:29:52 | SERIAL   [error] Failed to write "CHAN 1
" to /dev/ttyUSB0: Bad file descriptor
14:29:52 | LOAD     [warning] Write attempt 3/3 failed for command "CHAN 1" to Load-load
14:29:52 | LOAD     [error] Failed to write command "CHAN 1" to Load-load after 3 attempts
14:29:52 | LOAD     [error] Failed to set channel at Load-load
14:29:52 | SERIAL   [error] Failed to write "CHAN 2
" to /dev/ttyUSB0: Bad file descriptor
14:29:52 | LOAD     [warning] Write attempt 1/3 failed for command "CHAN 2" to Load-load
14:29:52 | SERIAL   [error] Failed to write "CHAN 2
" to /dev/ttyUSB0: Bad file descriptor
14:29:52 | LOAD     [warning] Write attempt 2/3 failed for command "CHAN 2" to Load-load
14:29:52 | SERIAL   [error] Failed to write "CHAN 2
" to /dev/ttyUSB0: Bad file descriptor
14:29:52 | LOAD     [warning] Write attempt 3/3 failed for command "CHAN 2" to Load-load
14:29:52 | LOAD     [error] Failed to write command "CHAN 2" to Load-load after 3 attempts
14:29:52 | LOAD     [error] Failed to set channel at Load-load
14:29:52 | SERIAL   [error] Failed to write "CHAN 2
" to /dev/ttyUSB0: Bad file descriptor
14:29:52 | LOAD     [warning] Write attempt 1/3 failed for command "CHAN 2" to Load-load
14:29:52 | SERIAL   [error] Failed to write "CHAN 2
" to /dev/ttyUSB0: Bad file descriptor
14:29:52 | LOAD     [warning] Write attempt 2/3 failed for command "CHAN 2" to Load-load
14:29:52 | SERIAL   [error] Failed to write "CHAN 2
" to /dev/ttyUSB0: Bad file descriptor
14:29:52 | LOAD     [warning] Write attempt 3/3 failed for command "CHAN 2" to Load-load
14:29:52 | LOAD     [error] Failed to write command "CHAN 2" to Load-load after 3 attempts
14:29:52 | LOAD     [error] Failed to set channel at Load-load
14:29:52 | SERIAL   [error] Failed to write "OUTP?
" to /dev/ttyUSB1: Bad file descriptor
14:29:52 | SUPPLY   [warning] Write attempt 1/3 failed for command "OUTP?" to Supply-supply-1
14:29:52 | SERIAL   [error] Failed to write "OUTP?
" to /dev/ttyUSB1: Bad file descriptor
14:29:52 | SUPPLY   [warning] Write attempt 2/3 failed for command "OUTP?" to Supply-supply-1
14:29:52 | SERIAL   [error] Failed to write "OUTP?
" to /dev/ttyUSB1: Bad file descriptor
14:29:52 | SUPPLY   [warning] Write attempt 3/3 failed for command "OUTP?" to Supply-supply-1
14:29:52 | SUPPLY   [error] Failed to write command "OUTP?" to Supply-supply-1 after 3 attempts
14:29:52 | SUPPLY   [warning] Query write attempt 1/1 failed for "OUTP?" to Supply-supply-1
14:29:52 | SUPPLY   [error] Failed to query command "OUTP?" from Supply-supply-1 after 1 attempts
14:29:52 | SUPPLY   [error] Supply-supply-1 did not return a valid state
14:29:52 | SERIAL   [error] Failed to write "VOLT?
" to /dev/ttyUSB1: Bad file descriptor
14:29:52 | SUPPLY   [warning] Write attempt 1/3 failed for command "VOLT?" to Supply-supply-1
14:29:52 | SERIAL   [error] Failed to write "VOLT?
" to /dev/ttyUSB1: Bad file descriptor
14:29:52 | SUPPLY   [warning] Write attempt 2/3 failed for command "VOLT?" to Supply-supply-1
14:29:52 | SERIAL   [error] Failed to write "VOLT?
" to /dev/ttyUSB1: Bad file descriptor
14:29:52 | SUPPLY   [warning] Write attempt 3/3 failed for command "VOLT?" to Supply-supply-1
14:29:52 | SUPPLY   [error] Failed to write command "VOLT?" to Supply-supply-1 after 3 attempts
14:29:52 | SUPPLY   [warning] Query write attempt 1/1 failed for "VOLT?" to Supply-supply-1
14:29:52 | SUPPLY   [error] Failed to query command "VOLT?" from Supply-supply-1 after 1 attempts
14:29:52 | SUPPLY   [error] Supply-supply-1 did not return a set voltage
14:29:52 | SERIAL   [error] Failed to write "CURR?
" to /dev/ttyUSB1: Bad file descriptor
14:29:52 | SUPPLY   [warning] Write attempt 1/3 failed for command "CURR?" to Supply-supply-1
14:29:52 | SERIAL   [error] Failed to write "CURR?
" to /dev/ttyUSB1: Bad file descriptor
14:29:52 | SUPPLY   [warning] Write attempt 2/3 failed for command "CURR?" to Supply-supply-1
14:29:52 | SERIAL   [error] Failed to write "CURR?
" to /dev/ttyUSB1: Bad file descriptor
14:29:52 | SUPPLY   [warning] Write attempt 3/3 failed for command "CURR?" to Supply-supply-1
14:29:52 | SUPPLY   [error] Failed to write command "CURR?" to Supply-supply-1 after 3 attempts
14:29:52 | SUPPLY   [warning] Query write attempt 1/1 failed for "CURR?" to Supply-supply-1
14:29:52 | SUPPLY   [error] Failed to query command "CURR?" from Supply-supply-1 after 1 attempts
14:29:52 | SUPPLY   [error] Supply-supply-1 did not return a set current
14:29:52 | SUPPLY   [error] Supply-supply-1 failed to query current state
14:29:52 | SERIAL   [error] Failed to write "STATE?
" to /dev/ttyUSB2: Bad file descriptor
14:29:52 | MODULE   [warning] Write attempt 1/3 failed for command "STATE?" to Module-module-1
14:29:52 | SERIAL   [error] Failed to write "STATE?
" to /dev/ttyUSB2: Bad file descriptor
14:29:52 | MODULE   [warning] Write attempt 2/3 failed for command "STATE?" to Module-module-1
14:29:52 | SERIAL   [error] Failed to write "STATE?
" to /dev/ttyUSB2: Bad file descriptor
14:29:52 | MODULE   [warning] Write attempt 3/3 failed for command "STATE?" to Module-module-1
14:29:52 | MODULE   [error] Failed to write command "STATE?" to Module-module-1 after 3 attempts
14:29:52 | MODULE   [warning] Query write attempt 1/1 failed for "STATE?" to Module-module-1
14:29:52 | MODULE   [error] Failed to query command "STATE?" from Module-module-1 after 1 attempts
14:29:52 | MODULE   [error] Module-module-1 did not return a state
14:29:52 | SERIAL   [error] Failed to write "STATE CHARGE
" to /dev/ttyUSB2: Bad file descriptor
14:29:52 | MODULE   [warning] Write attempt 1/3 failed for command "STATE CHARGE" to Module-module-1
14:29:52 | SERIAL   [error] Failed to write "STATE CHARGE
" to /dev/ttyUSB2: Bad file descriptor
14:29:52 | MODULE   [warning] Write attempt 2/3 failed for command "STATE CHARGE" to Module-module-1
14:29:52 | SERIAL   [error] Failed to write "STATE CHARGE
" to /dev/ttyUSB2: Bad file descriptor
14:29:52 | MODULE   [warning] Write attempt 3/3 failed for command "STATE CHARGE" to Module-module-1
14:29:52 | MODULE   [error] Failed to write command "STATE CHARGE" to Module-module-1 after 3 attempts
14:29:52 | MODULE   [error] Module-module-1 cannot be set to charging
14:29:52 | SERIAL   [error] Failed to write "CHAN 2
" to /dev/ttyUSB0: Bad file descriptor
14:29:52 | LOAD     [warning] Write attempt 1/3 failed for command "CHAN 2" to Load-load
14:29:52 | SERIAL   [error] Failed to write "CHAN 2
" to /dev/ttyUSB0: Bad file descriptor
14:29:52 | LOAD     [warning] Write attempt 2/3 failed for command "CHAN 2" to Load-load
14:29:52 | SERIAL   [error] Failed to write "CHAN 2
" to /dev/ttyUSB0: Bad file descriptor
14:29:52 | LOAD     [warning] Write attempt 3/3 failed for command "CHAN 2" to Load-load
14:29:52 | LOAD     [error] Failed to write command "CHAN 2" to Load-load after 3 attempts
14:29:52 | LOAD     [error] Failed to set channel at Load-load
14:29:52 | SERIAL   [error] Failed to write "MEAS:ALL?
" to /dev/ttyUSB1: Bad file descriptor
14:29:52 | SUPPLY   [warning] Write attempt 1/3 failed for command "MEAS:ALL?" to Supply-supply-1
14:29:52 | SERIAL   [error] Failed to write "MEAS:ALL?
" to /dev/ttyUSB1: Bad file descriptor
14:29:52 | SUPPLY   [warning] Write attempt 2/3 failed for command "MEAS:ALL?" to Supply-supply-1
14:29:52 | SERIAL   [error] Failed to write "MEAS:ALL?
" to /dev/ttyUSB1: Bad file descriptor
14:29:52 | SUPPLY   [warning] Write attempt 3/3 failed for command "MEAS:ALL?" to Supply-supply-1
14:29:52 | SUPPLY   [error] Failed to write command "MEAS:ALL?" to Supply-supply-1 after 3 attempts
14:29:52 | SUPPLY   [warning] Query write attempt 1/1 failed for "MEAS:ALL?" to Supply-supply-1
14:29:52 | SUPPLY   [error] Failed to query command "MEAS:ALL?" from Supply-supply-1 after 1 attempts
14:29:52 | SUPPLY   [error] Supply-supply-1 did not return any measurements
14:29:52 | SERIAL   [error] Failed to write "CHAN 1
" to /dev/ttyUSB0: Bad file descriptor
14:29:52 | LOAD     [warning] Write attempt 1/3 failed for command "CHAN 1" to Load-load
14:29:52 | SERIAL   [error] Failed to write "CHAN 1
" to /dev/ttyUSB0: Bad file descriptor
14:29:52 | LOAD     [warning] Write attempt 2/3 failed for command "CHAN 1" to Load-load
14:29:52 | SERIAL   [error] Failed to write "CHAN 1
" to /dev/ttyUSB0: Bad file descriptor
14:29:52 | LOAD     [warning] Write attempt 3/3 failed for command "CHAN 1" to Load-load
14:29:52 | LOAD     [error] Failed to write command "CHAN 1" to Load-load after 3 attempts
14:29:52 | LOAD     [error] Failed to set channel at Load-load
14:29:52 | SERIAL   [error] Failed to write "CHAN 1
" to /dev/ttyUSB0: Bad file descriptor
14:29:52 | LOAD     [warning] Write attempt 1/3 failed for command "CHAN 1" to Load-load
14:29:52 | SERIAL   [error] Failed to write "CHAN 1
" to /dev/ttyUSB0: Bad file descriptor
14:29:52 | LOAD     [warning] Write attempt 2/3 failed for command "CHAN 1" to Load-load
14:29:52 | SERIAL   [error] Failed to write "CHAN 1
" to /dev/ttyUSB0: Bad file descriptor
14:29:52 | LOAD     [warning] Write attempt 3/3 failed for command "CHAN 1" to Load-load
14:29:52 | LOAD     [error] Failed to write command "CHAN 1" to Load-load after 3 attempts
14:29:52 | LOAD     [error] Failed to set channel at Load-load
14:29:52 | SERIAL   [error] Failed to write "CHAN 2
" to /dev/ttyUSB0: Bad file descriptor
14:29:52 | LOAD     [warning] Write attempt 1/3 failed for command "CHAN 2" to Load-load
14:29:52 | SERIAL   [error] Failed to write "CHAN 2
" to /dev/ttyUSB0: Bad file descriptor
14:29:52 | LOAD     [warning] Write attempt 2/3 failed for command "CHAN 2" to Load-load
14:29:52 | SERIAL   [error] Failed to write "CHAN 2
" to /dev/ttyUSB0: Bad file descriptor
14:29:52 | LOAD     [warning] Write attempt 3/3 failed for command "CHAN 2" to Load-load
14:29:52 | LOAD     [error] Failed to write command "CHAN 2" to Load-load after 3 attempts
14:29:52 | LOAD     [error] Failed to set channel at Load-load
14:29:52 | SERIAL   [error] Failed to write "CHAN 2
" to /dev/ttyUSB0: Bad file descriptor
14:29:52 | LOAD     [warning] Write attempt 1/3 failed for command "CHAN 2" to Load-load
14:29:52 | SERIAL   [error] Failed to write "CHAN 2
" to /dev/ttyUSB0: Bad file descriptor
14:29:52 | LOAD     [warning] Write attempt 2/3 failed for command "CHAN 2" to Load-load
14:29:52 | SERIAL   [error] Failed to write "CHAN 2
" to /dev/ttyUSB0: Bad file descriptor
14:29:52 | LOAD     [warning] Write attempt 3/3 failed for command "CHAN 2" to Load-load
14:29:52 | LOAD     [error] Failed to write command "CHAN 2" to Load-load after 3 attempts
14:29:52 | LOAD     [error] Failed to set channel at Load-load
14:29:52 | SERIAL   [error] Failed to write "OUTP?
" to /dev/ttyUSB1: Bad file descriptor
14:29:52 | SUPPLY   [warning] Write attempt 1/3 failed for command "OUTP?" to Supply-supply-1
14:29:52 | SERIAL   [error] Failed to write "OUTP?
" to /dev/ttyUSB1: Bad file descriptor
14:29:52 | SUPPLY   [warning] Write attempt 2/3 failed for command "OUTP?" to Supply-supply-1
14:29:52 | SERIAL   [error] Failed to write "OUTP?
" to /dev/ttyUSB1: Bad file descriptor
14:29:52 | SUPPLY   [warning] Write attempt 3/3 failed for command "OUTP?" to Supply-supply-1
14:29:52 | SUPPLY   [error] Failed to write command "OUTP?" to Supply-supply-1 after 3 attempts
14:29:52 | SUPPLY   [warning] Query write attempt 1/1 failed for "OUTP?" to Supply-supply-1
14:29:52 | SUPPLY   [error] Failed to query command "OUTP?" from Supply-supply-1 after 1 attempts
14:29:52 | SUPPLY   [error] Supply-supply-1 did not return a valid state
14:29:52 | SERIAL   [error] Failed to write "VOLT?
" to /dev/ttyUSB1: Bad file descriptor
14:29:52 | SUPPLY   [warning] Write attempt 1/3 failed for command "VOLT?" to Supply-supply-1
14:29:52 | SERIAL   [error] Failed to write "VOLT?
" to /dev/ttyUSB1: Bad file descriptor
14:29:52 | SUPPLY   [warning] Write attempt 2/3 failed for command "VOLT?" to Supply-supply-1
14:29:52 | SERIAL   [error] Failed to write "VOLT?
" to /dev/ttyUSB1: Bad file descriptor
14:29:52 | SUPPLY   [warning] Write attempt 3/3 failed for command "VOLT?" to Supply-supply-1
14:29:52 | SUPPLY   [error] Failed to write command "VOLT?" to Supply-supply-1 after 3 attempts
14:29:52 | SUPPLY   [warning] Query write attempt 1/1 failed for "VOLT?" to Supply-supply-1
14:29:52 | SUPPLY   [error] Failed to query command "VOLT?" from Supply-supply-1 after 1 attempts
14:29:52 | SUPPLY   [error] Supply-supply-1 did not return a set voltage
14:29:52 | SERIAL   [error] Failed to write "CURR?
" to /dev/ttyUSB1: Bad file descriptor
14:29:52 | SUPPLY   [warning] Write attempt 1/3 failed for command "CURR?" to Supply-supply-1
14:29:52 | SERIAL   [error] Failed to write "CURR?
" to /dev/ttyUSB1: Bad file descriptor
14:29:52 | SUPPLY   [warning] Write attempt 2/3 failed for command "CURR?" to Supply-supply-1
14:29:52 | SERIAL   [error] Failed to write "CURR?
" to /dev/ttyUSB1: Bad file descriptor
14:29:52 | SUPPLY   [warning] Write attempt 3/3 failed for command "CURR?" to Supply-supply-1
14:29:52 | SUPPLY   [error] Failed to write command "CURR?" to Supply-supply-1 after 3 attempts
14:29:52 | SUPPLY   [warning] Query write attempt 1/1 failed for "CURR?" to Supply-supply-1
14:29:52 | SUPPLY   [error] Failed to query command "CURR?" from Supply-supply-1 after 1 attempts
14:29:52 | SUPPLY   [error] Supply-supply-1 did not return a set current
14:29:52 | SUPPLY   [error] Supply-supply-1 failed to query current state
14:29:52 | SERIAL   [error] Failed to write "STATE?
" to /dev/ttyUSB2: Bad file descriptor
14:29:52 | MODULE   [warning] Write attempt 1/3 failed for command "STATE?" to Module-module-1
14:29:52 | SERIAL   [error] Failed to write "STATE?
" to /dev/ttyUSB2: Bad file descriptor
14:29:52 | MODULE   [warning] Write attempt 2/3 failed for command "STATE?" to Module-module-1
14:29:52 | SERIAL   [error] Failed to write "STATE?
" to /dev/ttyUSB2: Bad file descriptor
14:29:52 | MODULE   [warning] Write attempt 3/3 failed for command "STATE?" to Module-module-1
14:29:52 | MODULE   [error] Failed to write command "STATE?" to Module-module-1 after 3 attempts
14:29:52 | MODULE   [warning] Query write attempt 1/1 failed for "STATE?" to Module-module-1
14:29:52 | MODULE   [error] Failed to query command "STATE?" from Module-module-1 after 1 attempts
14:29:52 | MODULE   [error] Module-module-1 did not return a state
14:29:52 | SERIAL   [error] Failed to write "STATE CHARGE
" to /dev/ttyUSB2: Bad file descriptor
14:29:52 | MODULE   [warning] Write attempt 1/3 failed for command "STATE CHARGE" to Module-module-1
14:29:52 | SERIAL   [error] Failed to write "STATE CHARGE
" to /dev/ttyUSB2: Bad file descriptor
14:29:52 | MODULE   [warning] Write attempt 2/3 failed for command "STATE CHARGE" to Module-module-1
14:29:52 | SERIAL   [error] Failed to write "STATE CHARGE
" to /dev/ttyUSB2: Bad file descriptor
14:29:52 | MODULE   [warning] Write attempt 3/3 failed for command "STATE CHARGE" to Module-module-1
14:29:52 | MODULE   [error] Failed to write command "STATE CHARGE" to Module-module-1 after 3 attempts
14:29:52 | MODULE   [error] Module-module-1 cannot be set to charging
14:29:52 | SERIAL   [error] Failed to write "CHAN 2
" to /dev/ttyUSB0: Bad file descriptor
14:29:52 | LOAD     [warning] Write attempt 1/3 failed for command "CHAN 2" to Load-load
14:29:52 | SERIAL   [error] Failed to write "CHAN 2
" to /dev/ttyUSB0: Bad file descriptor
14:29:52 | LOAD     [warning] Write attempt 2/3 failed for command "CHAN 2" to Load-load
14:29:52 | SERIAL   [error] Failed to write "CHAN 2
" to /dev/ttyUSB0: Bad file descriptor
14:29:52 | LOAD     [warning] Write attempt 3/3 failed for command "CHAN 2" to Load-load
14:29:52 | LOAD     [error] Failed to write command "CHAN 2" to Load-load after 3 attempts
14:29:52 | LOAD     [error] Failed to set channel at Load-load
14:29:52 | SERIAL   [error] Failed to write "MEAS:ALL?
" to /dev/ttyUSB1: Bad file descriptor
14:29:52 | SUPPLY   [warning] Write attempt 1/3 failed for command "MEAS:ALL?" to Supply-supply-1
14:29:52 | SERIAL   [error] Failed to write "MEAS:ALL?
" to /dev/ttyUSB1: Bad file descriptor
14:29:52 | SUPPLY   [warning] Write attempt 2/3 failed for command "MEAS:ALL?" to Supply-supply-1
14:29:52 | SERIAL   [error] Failed to write "MEAS:ALL?
" to /dev/ttyUSB1: Bad file descriptor
14:29:52 | SUPPLY   [warning] Write attempt 3/3 failed for command "MEAS:ALL?" to Supply-supply-1
14:29:52 | SUPPLY   [error] Failed to write command "MEAS:ALL?" to Supply-supply-1 after 3 attempts
14:29:52 | SUPPLY   [warning] Query write attempt 1/1 failed for "MEAS:ALL?" to Supply-supply-1
14:29:52 | SUPPLY   [error] Failed to query command "MEAS:ALL?" from Supply-supply-1 after 1 attempts
14:29:52 | SUPPLY   [error] Supply-supply-1 did not return any measurements
14:29:52 | SERIAL   [error] Failed to write "CHAN 1
" to /dev/ttyUSB0: Bad file descriptor
14:29:52 | LOAD     [warning] Write attempt 1/3 failed for command "CHAN 1" to Load-load
14:29:52 | SERIAL   [error] Failed to write "CHAN 1
" to /dev/ttyUSB0: Bad file descriptor
14:29:52 | LOAD     [warning] Write attempt 2/3 failed for command "CHAN 1" to Load-load
14:29:52 | SERIAL   [error] Failed to write "CHAN 1
" to /dev/ttyUSB0: Bad file descriptor
14:29:52 | LOAD     [warning] Write attempt 3/3 failed for command "CHAN 1" to Load-load
14:29:52 | LOAD     [error] Failed to write command "CHAN 1" to Load-load after 3 attempts
14:29:52 | LOAD     [error] Failed to set channel at Load-load
14:29:52 | SERIAL   [error] Failed to write "CHAN 1
" to /dev/ttyUSB0: Bad file descriptor
14:29:52 | LOAD     [warning] Write attempt 1/3 failed for command "CHAN 1" to Load-load
14:29:52 | SERIAL   [error] Failed to write "CHAN 1
" to /dev/ttyUSB0: Bad file descriptor
14:29:52 | LOAD     [warning] Write attempt 2/3 failed for command "CHAN 1" to Load-load
14:29:52 | SERIAL   [error] Failed to write "CHAN 1
" to /dev/ttyUSB0: Bad file descriptor
14:29:52 | LOAD     [warning] Write attempt 3/3 failed for command "CHAN 1" to Load-load
14:29:52 | LOAD     [error] Failed to write command "CHAN 1" to Load-load after 3 attempts
14:29:52 | LOAD     [error] Failed to set channel at Load-load
14:29:52 | SERIAL   [error] Failed to write "CHAN 2
" to /dev/ttyUSB0: Bad file descriptor
14:29:52 | LOAD     [warning] Write attempt 1/3 failed for command "CHAN 2" to Load-load
14:29:52 | SERIAL   [error] Failed to write "CHAN 2
" to /dev/ttyUSB0: Bad file descriptor
14:29:52 | LOAD     [warning] Write attempt 2/3 failed for command "CHAN 2" to Load-load
14:29:52 | SERIAL   [error] Failed to write "CHAN 2
" to /dev/ttyUSB0: Bad file descriptor
14:29:52 | LOAD     [warning] Write attempt 3/3 failed for command "CHAN 2" to Load-load
14:29:52 | LOAD     [error] Failed to write command "CHAN 2" to Load-load after 3 attempts
14:29:52 | LOAD     [error] Failed to set channel at Load-load
14:29:52 | SERIAL   [error] Failed to write "CHAN 2
" to /dev/ttyUSB0: Bad file descriptor
14:29:52 | LOAD     [warning] Write attempt 1/3 failed for command "CHAN 2" to Load-load
14:29:52 | SERIAL   [error] Failed to write "CHAN 2
" to /dev/ttyUSB0: Bad file descriptor
14:29:52 | LOAD     [warning] Write attempt 2/3 failed for command "CHAN 2" to Load-load
14:29:52 | SERIAL   [error] Failed to write "CHAN 2
" to /dev/ttyUSB0: Bad file descriptor
14:29:52 | LOAD     [warning] Write attempt 3/3 failed for command "CHAN 2" to Load-load
14:29:52 | LOAD     [error] Failed to write command "CHAN 2" to Load-load after 3 attempts
14:29:52 | LOAD     [error] Failed to set channel at Load-load
14:29:52 | SERIAL   [error] Failed to write "OUTP?
" to /dev/ttyUSB1: Bad file descriptor
14:29:52 | SUPPLY   [warning] Write attempt 1/3 failed for command "OUTP?" to Supply-supply-1
14:29:52 | SERIAL   [error] Failed to write "OUTP?
" to /dev/ttyUSB1: Bad file descriptor
14:29:52 | SUPPLY   [warning] Write attempt 2/3 failed for command "OUTP?" to Supply-supply-1
14:29:52 | SERIAL   [error] Failed to write "OUTP?
" to /dev/ttyUSB1: Bad file descriptor
14:29:52 | SUPPLY   [warning] Write attempt 3/3 failed for command "OUTP?" to Supply-supply-1
14:29:52 | SUPPLY   [error] Failed to write command "OUTP?" to Supply-supply-1 after 3 attempts
14:29:52 | SUPPLY   [warning] Query write attempt 1/1 failed for "OUTP?" to Supply-supply-1
14:29:52 | SUPPLY   [error] Failed to query command "OUTP?" from Supply-supply-1 after 1 attempts
14:29:52 | SUPPLY   [error] Supply-supply-1 did not return a valid state
14:29:52 | SERIAL   [error] Failed to write "VOLT?
" to /dev/ttyUSB1: Bad file descriptor
14:29:52 | SUPPLY   [warning] Write attempt 1/3 failed for command "VOLT?" to Supply-supply-1
14:29:52 | SERIAL   [error] Failed to write "VOLT?
" to /dev/ttyUSB1: Bad file descriptor
14:29:52 | SUPPLY   [warning] Write attempt 2/3 failed for command "VOLT?" to Supply-supply-1
14:29:52 | SERIAL   [error] Failed to write "VOLT?
" to /dev/ttyUSB1: Bad file descriptor
14:29:52 | SUPPLY   [warning] Write attempt 3/3 failed for command "VOLT?" to Supply-supply-1
14:29:52 | SUPPLY   [error] Failed to write command "VOLT?" to Supply-supply-1 after 3 attempts
14:29:52 | SUPPLY   [warning] Query write attempt 1/1 failed for "VOLT?" to Supply-supply-1
14:29:52 | SUPPLY   [error] Failed to query command "VOLT?" from Supply-supply-1 after 1 attempts
14:29:52 | SUPPLY   [error] Supply-supply-1 did not return a set voltage
14:29:52 | SERIAL   [error] Failed to write "CURR?
" to /dev/ttyUSB1: Bad file descriptor
14:29:52 | SUPPLY   [warning] Write attempt 1/3 failed for command "CURR?" to Supply-supply-1
14:29:52 | SERIAL   [error] Failed to write "CURR?
" to /dev/ttyUSB1: Bad file descriptor
14:29:52 | SUPPLY   [warning] Write attempt 2/3 failed for command "CURR?" to Supply-supply-1
14:29:52 | SERIAL   [error] Failed to write "CURR?
" to /dev/ttyUSB1: Bad file descriptor
14:29:52 | SUPPLY   [warning] Write attempt 3/3 failed for command "CURR?" to Supply-supply-1
14:29:52 | SUPPLY   [error] Failed to write command "CURR?" to Supply-supply-1 after 3 attempts
14:29:52 | SUPPLY   [warning] Query write attempt 1/1 failed for "CURR?" to Supply-supply-1
14:29:52 | SUPPLY   [error] Failed to query command "CURR?" from Supply-supply-1 after 1 attempts
14:29:52 | SUPPLY   [error] Supply-supply-1 did not return a set current
14:29:52 | SUPPLY   [error] Supply-supply-1 failed to query current state
14:29:52 | SERIAL   [error] Failed to write "STATE?
" to /dev/ttyUSB2: Bad file descriptor
14:29:52 | MODULE   [warning] Write attempt 1/3 failed for command "STATE?" to Module-module-1
14:29:52 | SERIAL   [error] Failed to write "STATE?
" to /dev/ttyUSB2: Bad file descriptor
14:29:52 | MODULE   [warning] Write attempt 2/3 failed for command "STATE?" to Module-module-1
14:29:52 | SERIAL   [error] Failed to write "STATE?
" to /dev/ttyUSB2: Bad file descriptor
14:29:52 | MODULE   [warning] Write attempt 3/3 failed for command "STATE?" to Module-module-1
14:29:52 | MODULE   [error] Failed to write command "STATE?" to Module-module-1 after 3 attempts
14:29:52 | MODULE   [warning] Query write attempt 1/1 failed for "STATE?" to Module-module-1
14:29:52 | MODULE   [error] Failed to query command "STATE?" from Module-module-1 after 1 attempts
14:29:52 | MODULE   [error] Module-module-1 did not return a state
14:29:52 | SERIAL   [error] Failed to write "STATE CHARGE
" to /dev/ttyUSB2: Bad file descriptor
14:29:52 | MODULE   [warning] Write attempt 1/3 failed for command "STATE CHARGE" to Module-module-1
14:29:52 | SERIAL   [error] Failed to write "STATE CHARGE
" to /dev/ttyUSB2: Bad file descriptor
14:29:52 | MODULE   [warning] Write attempt 2/3 failed for command "STATE CHARGE" to Module-module-1
14:29:52 | SERIAL   [error] Failed to write "STATE CHARGE
" to /dev/ttyUSB2: Bad file descriptor
14:29:52 | MODULE   [warning] Write attempt 3/3 failed for command "STATE CHARGE" to Module-module-1
14:29:52 | MODULE   [error] Failed to write command "STATE CHARGE" to Module-module-1 after 3 attempts
14:29:52 | MODULE   [error] Module-module-1 cannot be set to charging
14:29:52 | SERIAL   [error] Failed to write "CHAN 2
" to /dev/ttyUSB0: Bad file descriptor
14:29:52 | LOAD     [warning] Write attempt 1/3 failed for command "CHAN 2" to Load-load
14:29:52 | SERIAL   [error] Failed to write "CHAN 2
" to /dev/ttyUSB0: Bad file descriptor
14:29:52 | LOAD     [warning] Write attempt 2/3 failed for command "CHAN 2" to Load-load
14:29:52 | SERIAL   [error] Failed to write "CHAN 2
" to /dev/ttyUSB0: Bad file descriptor
14:29:52 | LOAD     [warning] Write attempt 3/3 failed for command "CHAN 2" to Load-load
14:29:52 | LOAD     [error] Failed to write command "CHAN 2" to Load-load after 3 attempts
14:29:52 | LOAD     [error] Failed to set channel at Load-load
14:29:52 | SERIAL   [error] Failed to write "MEAS:ALL?
" to /dev/ttyUSB1: Bad file descriptor
14:29:52 | SUPPLY   [warning] Write attempt 1/3 failed for command "MEAS:ALL?" to Supply-supply-1
14:29:52 | SERIAL   [error] Failed to write "MEAS:ALL?
" to /dev/ttyUSB1: Bad file descriptor
14:29:52 | SUPPLY   [warning] Write attempt 2/3 failed for command "MEAS:ALL?" to Supply-supply-1
14:29:52 | SERIAL   [error] Failed to write "MEAS:ALL?
" to /dev/ttyUSB1: Bad file descriptor
14:29:52 | SUPPLY   [warning] Write attempt 3/3 failed for command "MEAS:ALL?" to Supply-supply-1
14:29:52 | SUPPLY   [error] Failed to write command "MEAS:ALL?" to Supply-supply-1 after 3 attempts
14:29:52 | SUPPLY   [warning] Query write attempt 1/1 failed for "MEAS:ALL?" to Supply-supply-1
14:29:52 | SUPPLY   [error] Failed to query command "MEAS:ALL?" from Supply-supply-1 after 1 attempts
14:29:52 | SUPPLY   [error] Supply-supply-1 did not return any measurements
14:29:52 | SERIAL   [error] Failed to write "CHAN 1
" to /dev/ttyUSB0: Bad file descriptor
14:29:52 | LOAD     [warning] Write attempt 1/3 failed for command "CHAN 1" to Load-load
14:29:52 | SERIAL   [error] Failed to write "CHAN 1
" to /dev/ttyUSB0: Bad file descriptor
14:29:52 | LOAD     [warning] Write attempt 2/3 failed for command "CHAN 1" to Load-load
14:29:52 | SERIAL   [error] Failed to write "CHAN 1
" to /dev/ttyUSB0: Bad file descriptor
14:29:52 | LOAD     [warning] Write attempt 3/3 failed for command "CHAN 1" to Load-load
14:29:52 | LOAD     [error] Failed to write command "CHAN 1" to Load-load after 3 attempts
14:29:52 | LOAD     [error] Failed to set channel at Load-load
14:29:52 | SERIAL   [error] Failed to write "CHAN 1
" to /dev/ttyUSB0: Bad file descriptor
14:29:52 | LOAD     [warning] Write attempt 1/3 failed for command "CHAN 1" to Load-load
14:29:52 | SERIAL   [error] Failed to write "CHAN 1
" to /dev/ttyUSB0: Bad file descriptor
14:29:52 | LOAD     [warning] Write attempt 2/3 failed for command "CHAN 1" to Load-load
14:29:52 | SERIAL   [error] Failed to write "CHAN 1
" to /dev/ttyUSB0: Bad file descriptor
14:29:52 | LOAD     [warning] Write attempt 3/3 failed for command "CHAN 1" to Load-load
14:29:52 | LOAD     [error] Failed to write command "CHAN 1" to Load-load after 3 attempts
14:29:52 | LOAD     [error] Failed to set channel at Load-load
14:29:52 | SERIAL   [error] Failed to write "CHAN 2
" to /dev/ttyUSB0: Bad file descriptor
14:29:52 | LOAD     [warning] Write attempt 1/3 failed for command "CHAN 2" to Load-load
14:29:52 | SERIAL   [error] Failed to write "CHAN 2
" to /dev/ttyUSB0: Bad file descriptor
14:29:52 | LOAD     [warning] Write attempt 2/3 failed for command "CHAN 2" to Load-load
14:29:52 | SERIAL   [error] Failed to write "CHAN 2
" to /dev/ttyUSB0: Bad file descriptor
14:29:52 | LOAD     [warning] Write attempt 3/3 failed for command "CHAN 2" to Load-load
14:29:52 | LOAD     [error] Failed to write command "CHAN 2" to Load-load after 3 attempts
14:29:52 | LOAD     [error] Failed to set channel at Load-load
14:29:52 | SERIAL   [error] Failed to write "CHAN 2
" to /dev/ttyUSB0: Bad file descriptor
14:29:52 | LOAD     [warning] Write attempt 1/3 failed for command "CHAN 2" to Load-load
14:29:52 | SERIAL   [error] Failed to write "CHAN 2
" to /dev/ttyUSB0: Bad file descriptor
14:29:52 | LOAD     [warning] Write attempt 2/3 failed for command "CHAN 2" to Load-load
14:29:52 | SERIAL   [error] Failed to write "CHAN 2
" to /dev/ttyUSB0: Bad file descriptor
14:29:52 | LOAD     [warning] Write attempt 3/3 failed for command "CHAN 2" to Load-load
14:29:52 | LOAD     [error] Failed to write command "CHAN 2" to Load-load after 3 attempts
14:29:52 | LOAD     [error] Failed to set channel at Load-load
14:29:52 | SERIAL   [error] Failed to write "OUTP?
" to /dev/ttyUSB1: Bad file descriptor
14:29:52 | SUPPLY   [warning] Write attempt 1/3 failed for command "OUTP?" to Supply-supply-1
14:29:52 | SERIAL   [error] Failed to write "OUTP?
" to /dev/ttyUSB1: Bad file descriptor
14:29:52 | SUPPLY   [warning] Write attempt 2/3 failed for command "OUTP?" to Supply-supply-1
14:29:52 | SERIAL   [error] Failed to write "OUTP?
" to /dev/ttyUSB1: Bad file descriptor
14:29:52 | SUPPLY   [warning] Write attempt 3/3 failed for command "OUTP?" to Supply-supply-1
14:29:52 | SUPPLY   [error] Failed to write command "OUTP?" to Supply-supply-1 after 3 attempts
14:29:52 | SUPPLY   [warning] Query write attempt 1/1 failed for "OUTP?" to Supply-supply-1
14:29:52 | SUPPLY   [error] Failed to query command "OUTP?" from Supply-supply-1 after 1 attempts
14:29:52 | SUPPLY   [error] Supply-supply-1 did not return a valid state
14:29:52 | SERIAL   [error] Failed to write "VOLT?
" to /dev/ttyUSB1: Bad file descriptor
14:29:52 | SUPPLY   [warning] Write attempt 1/3 failed for command "VOLT?" to Supply-supply-1
14:29:52 | SERIAL   [error] Failed to write "VOLT?
" to /dev/ttyUSB1: Bad file descriptor
14:29:52 | SUPPLY   [warning] Write attempt 2/3 failed for command "VOLT?" to Supply-supply-1
14:29:52 | SERIAL   [error] Failed to write "VOLT?
" to /dev/ttyUSB1: Bad file descriptor
14:29:52 | SUPPLY   [warning] Write attempt 3/3 failed for command "VOLT?" to Supply-supply-1
14:29:52 | SUPPLY   [error] Failed to write command "VOLT?" to Supply-supply-1 after 3 attempts
14:29:52 | SUPPLY   [warning] Query write attempt 1/1 failed for "VOLT?" to Supply-supply-1
14:29:52 | SUPPLY   [error] Failed to query command "VOLT?" from Supply-supply-1 after 1 attempts
14:29:52 | SUPPLY   [error] Supply-supply-1 did not return a set voltage
14:29:52 | SERIAL   [error] Failed to write "CURR?
" to /dev/ttyUSB1: Bad file descriptor
14:29:52 | SUPPLY   [warning] Write attempt 1/3 failed for command "CURR?" to Supply-supply-1
14:29:52 | SERIAL   [error] Failed to write "CURR?
" to /dev/ttyUSB1: Bad file descriptor
14:29:52 | SUPPLY   [warning] Write attempt 2/3 failed for command "CURR?" to Supply-supply-1
14:29:52 | SERIAL   [error] Failed to write "CURR?
" to /dev/ttyUSB1: Bad file descriptor
14:29:52 | SUPPLY   [warning] Write attempt 3/3 failed for command "CURR?" to Supply-supply-1
14:29:52 | SUPPLY   [error] Failed to write command "CURR?" to Supply-supply-1 after 3 attempts
14:29:52 | SUPPLY   [warning] Query write attempt 1/1 failed for "CURR?" to Supply-supply-1
14:29:52 | SUPPLY   [error] Failed to query command "CURR?" from Supply-supply-1 after 1 attempts
14:29:52 | SUPPLY   [error] Supply-supply-1 did not return a set current
14:29:52 | SUPPLY   [error] Supply-supply-1 failed to query current state
14:29:52 | SERIAL   [error] Failed to write "STATE?
" to /dev/ttyUSB2: Bad file descriptor
14:29:52 | MODULE   [warning] Write attempt 1/3 failed for command "STATE?" to Module-module-1
14:29:52 | SERIAL   [error] Failed to write "STATE?
" to /dev/ttyUSB2: Bad file descriptor
14:29:52 | MODULE   [warning] Write attempt 2/3 failed for command "STATE?" to Module-module-1
14:29:52 | SERIAL   [error] Failed to write "STATE?
" to /dev/ttyUSB2: Bad file descriptor
14:29:52 | MODULE   [warning] Write attempt 3/3 failed for command "STATE?" to Module-module-1
14:29:52 | MODULE   [error] Failed to write command "STATE?" to Module-module-1 after 3 attempts
14:29:52 | MODULE   [warning] Query write attempt 1/1 failed for "STATE?" to Module-module-1
14:29:52 | MODULE   [error] Failed to query command "STATE?" from Module-module-1 after 1 attempts
14:29:52 | MODULE   [error] Module-module-1 did not return a state
14:29:52 | SERIAL   [error] Failed to write "STATE CHARGE
" to /dev/ttyUSB2: Bad file descriptor
14:29:52 | MODULE   [warning] Write attempt 1/3 failed for command "STATE CHARGE" to Module-module-1
14:29:52 | SERIAL   [error] Failed to write "STATE CHARGE
" to /dev/ttyUSB2: Bad file descriptor
14:29:52 | MODULE   [warning] Write attempt 2/3 failed for command "STATE CHARGE" to Module-module-1
14:29:52 | SERIAL   [error] Failed to write "STATE CHARGE
" to /dev/ttyUSB2: Bad file descriptor
14:29:52 | MODULE   [warning] Write attempt 3/3 failed for command "STATE CHARGE" to Module-module-1
14:29:52 | MODULE   [error] Failed to write command "STATE CHARGE" to Module-module-1 after 3 attempts
14:29:52 | MODULE   [error] Module-module-1 cannot be set to charging
14:29:52 | SERIAL   [error] Failed to write "CHAN 2
" to /dev/ttyUSB0: Bad file descriptor
14:29:52 | LOAD     [warning] Write attempt 1/3 failed for command "CHAN 2" to Load-load
14:29:52 | SERIAL   [error] Failed to write "CHAN 2
" to /dev/ttyUSB0: Bad file descriptor
14:29:52 | LOAD     [warning] Write attempt 2/3 failed for command "CHAN 2" to Load-load
14:29:52 | SERIAL   [error] Failed to write "CHAN 2
" to /dev/ttyUSB0: Bad file descriptor
14:29:52 | LOAD     [warning] Write attempt 3/3 failed for command "CHAN 2" to Load-load
14:29:52 | LOAD     [error] Failed to write command "CHAN 2" to Load-load after 3 attempts
14:29:52 | LOAD     [error] Failed to set channel at Load-load
14:29:52 | SERIAL   [error] Failed to write "MEAS:ALL?
" to /dev/ttyUSB1: Bad file descriptor
14:29:52 | SUPPLY   [warning] Write attempt 1/3 failed for command "MEAS:ALL?" to Supply-supply-1
14:29:52 | SERIAL   [error] Failed to write "MEAS:ALL?
" to /dev/ttyUSB1: Bad file descriptor
14:29:52 | SUPPLY   [warning] Write attempt 2/3 failed for command "MEAS:ALL?" to Supply-supply-1
14:29:52 | SERIAL   [error] Failed to write "MEAS:ALL?
" to /dev/ttyUSB1: Bad file descriptor
14:29:52 | SUPPLY   [warning] Write attempt 3/3 failed for command "MEAS:ALL?" to Supply-supply-1
14:29:52 | SUPPLY   [error] Failed to write command "MEAS:ALL?" to Supply-supply-1 after 3 attempts
14:29:52 | SUPPLY   [warning] Query write attempt 1/1 failed for "MEAS:ALL?" to Supply-supply-1
14:29:52 | SUPPLY   [error] Failed to query command "MEAS:ALL?" from Supply-supply-1 after 1 attempts
14:29:52 | SUPPLY   [error] Supply-supply-1 did not return any measurements
14:29:52 | SERIAL   [error] Failed to write "CHAN 1
" to /dev/ttyUSB0: Bad file descriptor
14:29:52 | LOAD     [warning] Write attempt 1/3 failed for command "CHAN 1" to Load-load
14:29:52 | SERIAL   [error] Failed to write "CHAN 1
" to /dev/ttyUSB0: Bad file descriptor
14:29:52 | LOAD     [warning] Write attempt 2/3 failed for command "CHAN 1" to Load-load
14:29:52 | SERIAL   [error] Failed to write "CHAN 1
" to /dev/ttyUSB0: Bad file descriptor
14:29:52 | LOAD     [warning] Write attempt 3/3 failed for command "CHAN 1" to Load-load
14:29:52 | LOAD     [error] Failed to write command "CHAN 1" to Load-load after 3 attempts
14:29:52 | LOAD     [error] Failed to set channel at Load-load
14:29:52 | SERIAL   [error] Failed to write "CHAN 1
" to /dev/ttyUSB0: Bad file descriptor
14:29:52 | LOAD     [warning] Write attempt 1/3 failed for command "CHAN 1" to Load-load
14:29:52 | SERIAL   [error] Failed to write "CHAN 1
" to /dev/ttyUSB0: Bad file descriptor
14:29:52 | LOAD     [warning] Write attempt 2/3 failed for command "CHAN 1" to Load-load
14:29:52 | SERIAL   [error] Failed to write "CHAN 1
" to /dev/ttyUSB0: Bad file descriptor
14:29:52 | LOAD     [warning] Write attempt 3/3 failed for command "CHAN 1" to Load-load
14:29:52 | LOAD     [error] Failed to write command "CHAN 1" to Load-load after 3 attempts
14:29:52 | LOAD     [error] Failed to set channel at Load-load
14:29:52 | SERIAL   [error] Failed to write "CHAN 2
" to /dev/ttyUSB0: Bad file descriptor
14:29:52 | LOAD     [warning] Write attempt 1/3 failed for command "CHAN 2" to Load-load
14:29:52 | SERIAL   [error] Failed to write "CHAN 2
" to /dev/ttyUSB0: Bad file descriptor
14:29:52 | LOAD     [warning] Write attempt 2/3 failed for command "CHAN 2" to Load-load
14:29:52 | SERIAL   [error] Failed to write "CHAN 2
" to /dev/ttyUSB0: Bad file descriptor
14:29:52 | LOAD     [warning] Write attempt 3/3 failed for command "CHAN 2" to Load-load
14:29:52 | LOAD     [error] Failed to write command "CHAN 2" to Load-load after 3 attempts
14:29:52 | LOAD     [error] Failed to set channel at Load-load
14:29:52 | SERIAL   [error] Failed to write "CHAN 2
" to /dev/ttyUSB0: Bad file descriptor
14:29:52 | LOAD     [warning] Write attempt 1/3 failed for command "CHAN 2" to Load-load
14:29:52 | SERIAL   [error] Failed to write "CHAN 2
" to /dev/ttyUSB0: Bad file descriptor
14:29:52 | LOAD     [warning] Write attempt 2/3 failed for command "CHAN 2" to Load-load
14:29:52 | SERIAL   [error] Failed to write "CHAN 2
" to /dev/ttyUSB0: Bad file descriptor
14:29:52 | LOAD     [warning] Write attempt 3/3 failed for command "CHAN 2" to Load-load
14:29:52 | LOAD     [error] Failed to write command "CHAN 2" to Load-load after 3 attempts
14:29:52 | LOAD     [error] Failed to set channel at Load-load
14:29:52 | SERIAL   [error] Failed to write "OUTP?
" to /dev/ttyUSB1: Bad file descriptor
14:29:52 | SUPPLY   [warning] Write attempt 1/3 failed for command "OUTP?" to Supply-supply-1
14:29:52 | SERIAL   [error] Failed to write "OUTP?
" to /dev/ttyUSB1: Bad file descriptor
14:29:52 | SUPPLY   [warning] Write attempt 2/3 failed for command "OUTP?" to Supply-supply-1
14:29:52 | SERIAL   [error] Failed to write "OUTP?
" to /dev/ttyUSB1: Bad file descriptor
14:29:52 | SUPPLY   [warning] Write attempt 3/3 failed for command "OUTP?" to Supply-supply-1
14:29:52 | SUPPLY   [error] Failed to write command "OUTP?" to Supply-supply-1 after 3 attempts
14:29:52 | SUPPLY   [warning] Query write attempt 1/1 failed for "OUTP?" to Supply-supply-1
14:29:52 | SUPPLY   [error] Failed to query command "OUTP?" from Supply-supply-1 after 1 attempts
14:29:52 | SUPPLY   [error] Supply-supply-1 did not return a valid state
14:29:52 | SERIAL   [error] Failed to write "VOLT?
" to /dev/ttyUSB1: Bad file descriptor
14:29:52 | SUPPLY   [warning] Write attempt 1/3 failed for command "VOLT?" to Supply-supply-1
14:29:52 | SERIAL   [error] Failed to write "VOLT?
" to /dev/ttyUSB1: Bad file descriptor
14:29:52 | SUPPLY   [warning] Write attempt 2/3 failed for command "VOLT?" to Supply-supply-1
14:29:52 | SERIAL   [error] Failed to write "VOLT?
" to /dev/ttyUSB1: Bad file descriptor
14:29:52 | SUPPLY   [warning] Write attempt 3/3 failed for command "VOLT?" to Supply-supply-1
14:29:52 | SUPPLY   [error] Failed to write command "VOLT?" to Supply-supply-1 after 3 attempts
14:29:52 | SUPPLY   [warning] Query write attempt 1/1 failed for "VOLT?" to Supply-supply-1
14:29:52 | SUPPLY   [error] Failed to query command "VOLT?" from Supply-supply-1 after 1 attempts
14:29:52 | SUPPLY   [error] Supply-supply-1 did not return a set voltage
14:29:52 | SERIAL   [error] Failed to write "CURR?
" to /dev/ttyUSB1: Bad file descriptor
14:29:52 | SUPPLY   [warning] Write attempt 1/3 failed for command "CURR?" to Supply-supply-1
14:29:52 | SERIAL   [error] Failed to write "CURR?
" to /dev/ttyUSB1: Bad file descriptor
14:29:52 | SUPPLY   [warning] Write attempt 2/3 failed for command "CURR?" to Supply-supply-1
14:29:52 | SERIAL   [error] Failed to write "CURR?
" to /dev/ttyUSB1: Bad file descriptor
14:29:52 | SUPPLY   [warning] Write attempt 3/3 failed for command "CURR?" to Supply-supply-1
14:29:52 | SUPPLY   [error] Failed to write command "CURR?" to Supply-supply-1 after 3 attempts
14:29:52 | SUPPLY   [warning] Query write attempt 1/1 failed for "CURR?" to Supply-supply-1
14:29:52 | SUPPLY   [error] Failed to query command "CURR?" from Supply-supply-1 after 1 attempts
14:29:52 | SUPPLY   [error] Supply-supply-1 did not return a set current
14:29:52 | SUPPLY   [error] Supply-supply-1 failed to query current state
14:29:52 | SERIAL   [error] Failed to write "STATE?
" to /dev/ttyUSB2: Bad file descriptor
14:29:52 | MODULE   [warning] Write attempt 1/3 failed for command "STATE?" to Module-module-1
14:29:52 | SERIAL   [error] Failed to write "STATE?
" to /dev/ttyUSB2: Bad file descriptor
14:29:52 | MODULE   [warning] Write attempt 2/3 failed for command "STATE?" to Module-module-1
14:29:52 | SERIAL   [error] Failed to write "STATE?
" to /dev/ttyUSB2: Bad file descriptor
14:29:52 | MODULE   [warning] Write attempt 3/3 failed for command "STATE?" to Module-module-1
14:29:52 | MODULE   [error] Failed to write command "STATE?" to Module-module-1 after 3 attempts
14:29:52 | MODULE   [warning] Query write attempt 1/1 failed for "STATE?" to Module-module-1
14:29:52 | MODULE   [error] Failed to query command "STATE?" from Module-module-1 after 1 attempts
14:29:52 | MODULE   [error] Module-module-1 did not return a state
14:29:52 | SERIAL   [error] Failed to write "STATE CHARGE
" to /dev/ttyUSB2: Bad file descriptor
14:29:52 | MODULE   [warning] Write attempt 1/3 failed for command "STATE CHARGE" to Module-module-1
14:29:52 | SERIAL   [error] Failed to write "STATE CHARGE
" to /dev/ttyUSB2: Bad file descriptor
14:29:52 | MODULE   [warning] Write attempt 2/3 failed for command "STATE CHARGE" to Module-module-1
14:29:52 | SERIAL   [error] Failed to write "STATE CHARGE
" to /dev/ttyUSB2: Bad file descriptor
14:29:52 | MODULE   [warning] Write attempt 3/3 failed for command "STATE CHARGE" to Module-module-1
14:29:52 | MODULE   [error] Failed to write command "STATE CHARGE" to Module-module-1 after 3 attempts
14:29:52 | MODULE   [error] Module-module-1 cannot be set to charging
14:29:52 | SERIAL   [error] Failed to write "CHAN 2
" to /dev/ttyUSB0: Bad file descriptor
14:29:52 | LOAD     [warning] Write attempt 1/3 failed for command "CHAN 2" to Load-load
14:29:52 | SERIAL   [error] Failed to write "CHAN 2
" to /dev/ttyUSB0: Bad file descriptor
14:29:52 | LOAD     [warning] Write attempt 2/3 failed for command "CHAN 2" to Load-load
14:29:52 | SERIAL   [error] Failed to write "CHAN 2
" to /dev/ttyUSB0: Bad file descriptor
14:29:52 | LOAD     [warning] Write attempt 3/3 failed for command "CHAN 2" to Load-load
14:29:52 | LOAD     [error] Failed to write command "CHAN 2" to Load-load after 3 attempts
14:29:52 | LOAD     [error] Failed to set channel at Load-load
14:29:52 | SERIAL   [error] Failed to write "MEAS:ALL?
" to /dev/ttyUSB1: Bad file descriptor
14:29:52 | SUPPLY   [warning] Write attempt 1/3 failed for command "MEAS:ALL?" to Supply-supply-1
14:29:52 | SERIAL   [error] Failed to write "MEAS:ALL?
" to /dev/ttyUSB1: Bad file descriptor
14:29:52 | SUPPLY   [warning] Write attempt 2/3 failed for command "MEAS:ALL?" to Supply-supply-1
14:29:52 | SERIAL   [error] Failed to write "MEAS:ALL?
" to /dev/ttyUSB1: Bad file descriptor
14:29:52 | SUPPLY   [warning] Write attempt 3/3 failed for command "MEAS:ALL?" to Supply-supply-1
14:29:52 | SUPPLY   [error] Failed to write command "MEAS:ALL?" to Supply-supply-1 after 3 attempts
14:29:52 | SUPPLY   [warning] Query write attempt 1/1 failed for "MEAS:ALL?" to Supply-supply-1
14:29:52 | SUPPLY   [error] Failed to query command "MEAS:ALL?" from Supply-supply-1 after 1 attempts
14:29:52 | SUPPLY   [error] Supply-supply-1 did not return any measurements
14:29:52 | SERIAL   [error] Failed to write "CHAN 1
" to /dev/ttyUSB0: Bad file descriptor
14:29:52 | LOAD     [warning] Write attempt 1/3 failed for command "CHAN 1" to Load-load
14:29:52 | SERIAL   [error] Failed to write "CHAN 1
" to /dev/ttyUSB0: Bad file descriptor
14:29:52 | LOAD     [warning] Write attempt 2/3 failed for command "CHAN 1" to Load-load
14:29:52 | SERIAL   [error] Failed to write "CHAN 1
" to /dev/ttyUSB0: Bad file descriptor
14:29:52 | LOAD     [warning] Write attempt 3/3 failed for command "CHAN 1" to Load-load
14:29:52 | LOAD     [error] Failed to write command "CHAN 1" to Load-load after 3 attempts
14:29:52 | LOAD     [error] Failed to set channel at Load-load
14:29:52 | SERIAL   [error] Failed to write "CHAN 1
" to /dev/ttyUSB0: Bad file descriptor
14:29:52 | LOAD     [warning] Write attempt 1/3 failed for command "CHAN 1" to Load-load
14:29:52 | SERIAL   [error] Failed to write "CHAN 1
" to /dev/ttyUSB0: Bad file descriptor
14:29:52 | LOAD     [warning] Write attempt 2/3 failed for command "CHAN 1" to Load-load
14:29:52 | SERIAL   [error] Failed to write "CHAN 1
" to /dev/ttyUSB0: Bad file descriptor
14:29:52 | LOAD     [warning] Write attempt 3/3 failed for command "CHAN 1" to Load-load
14:29:52 | LOAD     [error] Failed to write command "CHAN 1" to Load-load after 3 attempts
14:29:52 | LOAD     [error] Failed to set channel at Load-load
14:29:52 | SERIAL   [error] Failed to write "CHAN 2
" to /dev/ttyUSB0: Bad file descriptor
14:29:52 | LOAD     [warning] Write attempt 1/3 failed for command "CHAN 2" to Load-load
14:29:52 | SERIAL   [error] Failed to write "CHAN 2
" to /dev/ttyUSB0: Bad file descriptor
14:29:52 | LOAD     [warning] Write attempt 2/3 failed for command "CHAN 2" to Load-load
14:29:52 | SERIAL   [error] Failed to write "CHAN 2
" to /dev/ttyUSB0: Bad file descriptor
14:29:52 | LOAD     [warning] Write attempt 3/3 failed for command "CHAN 2" to Load-load
14:29:52 | LOAD     [error] Failed to write command "CHAN 2" to Load-load after 3 attempts
14:29:52 | LOAD     [error] Failed to set channel at Load-load
14:29:52 | SERIAL   [error] Failed to write "CHAN 2
" to /dev/ttyUSB0: Bad file descriptor
14:29:52 | LOAD     [warning] Write attempt 1/3 failed for command "CHAN 2" to Load-load
14:29:52 | SERIAL   [error] Failed to write "CHAN 2
" to /dev/ttyUSB0: Bad file descriptor
14:29:52 | LOAD     [warning] Write attempt 2/3 failed for command "CHAN 2" to Load-load
14:29:52 | SERIAL   [error] Failed to write "CHAN 2
" to /dev/ttyUSB0: Bad file descriptor
14:29:52 | LOAD     [warning] Write attempt 3/3 failed for command "CHAN 2" to Load-load
14:29:52 | LOAD     [error] Failed to write command "CHAN 2" to Load-load after 3 attempts
14:29:52 | LOAD     [error] Failed to set channel at Load-load
14:29:52 | SERIAL   [error] Failed to write "OUTP?
" to /dev/ttyUSB1: Bad file descriptor
14:29:52 | SUPPLY   [warning] Write attempt 1/3 failed for command "OUTP?" to Supply-supply-1
14:29:52 | SERIAL   [error] Failed to write "OUTP?
" to /dev/ttyUSB1: Bad file descriptor
14:29:52 | SUPPLY   [warning] Write attempt 2/3 failed for command "OUTP?" to Supply-supply-1
14:29:52 | SERIAL   [error] Failed to write "OUTP?
" to /dev/ttyUSB1: Bad file descriptor
14:29:52 | SUPPLY   [warning] Write attempt 3/3 failed for command "OUTP?" to Supply-supply-1
14:29:52 | SUPPLY   [error] Failed to write command "OUTP?" to Supply-supply-1 after 3 attempts
14:29:52 | SUPPLY   [warning] Query write attempt 1/1 failed for "OUTP?" to Supply-supply-1
14:29:52 | SUPPLY   [error] Failed to query command "OUTP?" from Supply-supply-1 after 1 attempts
14:29:52 | SUPPLY   [error] Supply-supply-1 did not return a valid state
14:29:52 | SERIAL   [error] Failed to write "VOLT?
" to /dev/ttyUSB1: Bad file descriptor
14:29:52 | SUPPLY   [warning] Write attempt 1/3 failed for command "VOLT?" to Supply-supply-1
14:29:52 | SERIAL   [error] Failed to write "VOLT?
" to /dev/ttyUSB1: Bad file descriptor
14:29:52 | SUPPLY   [warning] Write attempt 2/3 failed for command "VOLT?" to Supply-supply-1
14:29:52 | SERIAL   [error] Failed to write "VOLT?
" to /dev/ttyUSB1: Bad file descriptor
14:29:52 | SUPPLY   [warning] Write attempt 3/3 failed for command "VOLT?" to Supply-supply-1
14:29:52 | SUPPLY   [error] Failed to write command "VOLT?" to Supply-supply-1 after 3 attempts
14:29:52 | SUPPLY   [warning] Query write attempt 1/1 failed for "VOLT?" to Supply-supply-1
14:29:52 | SUPPLY   [error] Failed to query command "VOLT?" from Supply-supply-1 after 1 attempts
14:29:52 | SUPPLY   [error] Supply-supply-1 did not return a set voltage
14:29:52 | SERIAL   [error] Failed to write "CURR?
" to /dev/ttyUSB1: Bad file descriptor
14:29:52 | SUPPLY   [warning] Write attempt 1/3 failed for command "CURR?" to Supply-supply-1
14:29:52 | SERIAL   [error] Failed to write "CURR?
" to /dev/ttyUSB1: Bad file descriptor
14:29:52 | SUPPLY   [warning] Write attempt 2/3 failed for command "CURR?" to Supply-supply-1
14:29:52 | SERIAL   [error] Failed to write "CURR?
" to /dev/ttyUSB1: Bad file descriptor
14:29:52 | SUPPLY   [warning] Write attempt 3/3 failed for command "CURR?" to Supply-supply-1
14:29:52 | SUPPLY   [error] Failed to write command "CURR?" to Supply-supply-1 after 3 attempts
14:29:52 | SUPPLY   [warning] Query write attempt 1/1 failed for "CURR?" to Supply-supply-1
14:29:52 | SUPPLY   [error] Failed to query command "CURR?" from Supply-supply-1 after 1 attempts
14:29:52 | SUPPLY   [error] Supply-supply-1 did not return a set current
14:29:52 | SUPPLY   [error] Supply-supply-1 failed to query current state
14:29:52 | SERIAL   [error] Failed to write "STATE?
" to /dev/ttyUSB2: Bad file descriptor
14:29:52 | MODULE   [warning] Write attempt 1/3 failed for command "STATE?" to Module-module-1
14:29:52 | SERIAL   [error] Failed to write "STATE?
" to /dev/ttyUSB2: Bad file descriptor
14:29:52 | MODULE   [warning] Write attempt 2/3 failed for command "STATE?" to Module-module-1
14:29:52 | SERIAL   [error] Failed to write "STATE?
" to /dev/ttyUSB2: Bad file descriptor
14:29:52 | MODULE   [warning] Write attempt 3/3 failed for command "STATE?" to Module-module-1
14:29:52 | MODULE   [error] Failed to write command "STATE?" to Module-module-1 after 3 attempts
14:29:52 | MODULE   [warning] Query write attempt 1/1 failed for "STATE?" to Module-module-1
14:29:52 | MODULE   [error] Failed to query command "STATE?" from Module-module-1 after 1 attempts
14:29:52 | MODULE   [error] Module-module-1 did not return a state
14:29:52 | SERIAL   [error] Failed to write "STATE CHARGE
" to /dev/ttyUSB2: Bad file descriptor
14:29:52 | MODULE   [warning] Write attempt 1/3 failed for command "STATE CHARGE" to Module-module-1
14:29:52 | SERIAL   [error] Failed to write "STATE CHARGE
" to /dev/ttyUSB2: Bad file descriptor
14:29:52 | MODULE   [warning] Write attempt 2/3 failed for command "STATE CHARGE" to Module-module-1
14:29:52 | SERIAL   [error] Failed to write "STATE CHARGE
" to /dev/ttyUSB2: Bad file descriptor
14:29:52 | MODULE   [warning] Write attempt 3/3 failed for command "STATE CHARGE" to Module-module-1
14:29:52 | MODULE   [error] Failed to write command "STATE CHARGE" to Module-module-1 after 3 attempts
14:29:52 | MODULE   [error] Module-module-1 cannot be set to charging
14:29:52 | SERIAL   [error] Failed to write "CHAN 2
" to /dev/ttyUSB0: Bad file descriptor
14:29:52 | LOAD     [warning] Write attempt 1/3 failed for command "CHAN 2" to Load-load
14:29:52 | SERIAL   [error] Failed to write "CHAN 2
" to /dev/ttyUSB0: Bad file descriptor
14:29:52 | LOAD     [warning] Write attempt 2/3 failed for command "CHAN 2" to Load-load
14:29:52 | SERIAL   [error] Failed to write "CHAN 2
" to /dev/ttyUSB0: Bad file descriptor
14:29:52 | LOAD     [warning] Write attempt 3/3 failed for command "CHAN 2" to Load-load
14:29:52 | LOAD     [error] Failed to write command "CHAN 2" to Load-load after 3 attempts
14:29:52 | LOAD     [error] Failed to set channel at Load-load
14:29:52 | SERIAL   [error] Failed to write "MEAS:ALL?
" to /dev/ttyUSB1: Bad file descriptor
14:29:52 | SUPPLY   [warning] Write attempt 1/3 failed for command "MEAS:ALL?" to Supply-supply-1
14:29:52 | SERIAL   [error] Failed to write "MEAS:ALL?
" to /dev/ttyUSB1: Bad file descriptor
14:29:52 | SUPPLY   [warning] Write attempt 2/3 failed for command "MEAS:ALL?" to Supply-supply-1
14:29:52 | SERIAL   [error] Failed to write "MEAS:ALL?
" to /dev/ttyUSB1: Bad file descriptor
14:29:52 | SUPPLY   [warning] Write attempt 3/3 failed for command "MEAS:ALL?" to Supply-supply-1
14:29:52 | SUPPLY   [error] Failed to write command "MEAS:ALL?" to Supply-supply-1 after 3 attempts
14:29:52 | SUPPLY   [warning] Query write attempt 1/1 failed for "MEAS:ALL?" to Supply-supply-1
14:29:52 | SUPPLY   [error] Failed to query command "MEAS:ALL?" from Supply-supply-1 after 1 attempts
14:29:52 | SUPPLY   [error] Supply-supply-1 did not return any measurements
14:29:52 | SERIAL   [error] Failed to write "CHAN 1
" to /dev/ttyUSB0: Bad file descriptor
14:29:52 | LOAD     [warning] Write attempt 1/3 failed for command "CHAN 1" to Load-load
14:29:52 | SERIAL   [error] Failed to write "CHAN 1
" to /dev/ttyUSB0: Bad file descriptor
14:29:52 | LOAD     [warning] Write attempt 2/3 failed for command "CHAN 1" to Load-load
14:29:52 | SERIAL   [error] Failed to write "CHAN 1
" to /dev/ttyUSB0: Bad file descriptor
14:29:52 | LOAD     [warning] Write attempt 3/3 failed for command "CHAN 1" to Load-load
14:29:52 | LOAD     [error] Failed to write command "CHAN 1" to Load-load after 3 attempts
14:29:52 | LOAD     [error] Failed to set channel at Load-load
14:29:52 | SERIAL   [error] Failed to write "CHAN 1
" to /dev/ttyUSB0: Bad file descriptor
14:29:52 | LOAD     [warning] Write attempt 1/3 failed for command "CHAN 1" to Load-load
14:29:52 | SERIAL   [error] Failed to write "CHAN 1
" to /dev/ttyUSB0: Bad file descriptor
14:29:52 | LOAD     [warning] Write attempt 2/3 failed for command "CHAN 1" to Load-load
14:29:52 | SERIAL   [error] Failed to write "CHAN 1
" to /dev/ttyUSB0: Bad file descriptor
14:29:52 | LOAD     [warning] Write attempt 3/3 failed for command "CHAN 1" to Load-load
14:29:52 | LOAD     [error] Failed to write command "CHAN 1" to Load-load after 3 attempts
14:29:52 | LOAD     [error] Failed to set channel at Load-load
14:29:52 | SERIAL   [error] Failed to write "CHAN 2
" to /dev/ttyUSB0: Bad file descriptor
14:29:52 | LOAD     [warning] Write attempt 1/3 failed for command "CHAN 2" to Load-load
14:29:52 | SERIAL   [error] Failed to write "CHAN 2
" to /dev/ttyUSB0: Bad file descriptor
14:29:52 | LOAD     [warning] Write attempt 2/3 failed for command "CHAN 2" to Load-load
14:29:52 | SERIAL   [error] Failed to write "CHAN 2
" to /dev/ttyUSB0: Bad file descriptor
14:29:52 | LOAD     [warning] Write attempt 3/3 failed for command "CHAN 2" to Load-load
14:29:52 | LOAD     [error] Failed to write command "CHAN 2" to Load-load after 3 attempts
14:29:52 | LOAD     [error] Failed to set channel at Load-load
14:29:52 | SERIAL   [error] Failed to write "CHAN 2
" to /dev/ttyUSB0: Bad file descriptor
14:29:52 | LOAD     [warning] Write attempt 1/3 failed for command "CHAN 2" to Load-load
14:29:52 | SERIAL   [error] Failed to write "CHAN 2
" to /dev/ttyUSB0: Bad file descriptor
14:29:52 | LOAD     [warning] Write attempt 2/3 failed for command "CHAN 2" to Load-load
14:29:52 | SERIAL   [error] Failed to write "CHAN 2
" to /dev/ttyUSB0: Bad file descriptor
14:29:52 | LOAD     [warning] Write attempt 3/3 failed for command "CHAN 2" to Load-load
14:29:52 | LOAD     [error] Failed to write command "CHAN 2" to Load-load after 3 attempts
14:29:52 | LOAD     [error] Failed to set channel at Load-load
14:29:52 | SERIAL   [error] Failed to write "OUTP?
" to /dev/ttyUSB1: Bad file descriptor
14:29:52 | SUPPLY   [warning] Write attempt 1/3 failed for command "OUTP?" to Supply-supply-1
14:29:52 | SERIAL   [error] Failed to write "OUTP?
" to /dev/ttyUSB1: Bad file descriptor
14:29:52 | SUPPLY   [warning] Write attempt 2/3 failed for command "OUTP?" to Supply-supply-1
14:29:52 | SERIAL   [error] Failed to write "OUTP?
" to /dev/ttyUSB1: Bad file descriptor
14:29:52 | SUPPLY   [warning] Write attempt 3/3 failed for command "OUTP?" to Supply-supply-1
14:29:52 | SUPPLY   [error] Failed to write command "OUTP?" to Supply-supply-1 after 3 attempts
14:29:52 | SUPPLY   [warning] Query write attempt 1/1 failed for "OUTP?" to Supply-supply-1
14:29:52 | SUPPLY   [error] Failed to query command "OUTP?" from Supply-supply-1 after 1 attempts
14:29:52 | SUPPLY   [error] Supply-supply-1 did not return a valid state
14:29:52 | SERIAL   [error] Failed to write "VOLT?
" to /dev/ttyUSB1: Bad file descriptor
14:29:52 | SUPPLY   [warning] Write attempt 1/3 failed for command "VOLT?" to Supply-supply-1
14:29:52 | SERIAL   [error] Failed to write "VOLT?
" to /dev/ttyUSB1: Bad file descriptor
14:29:52 | SUPPLY   [warning] Write attempt 2/3 failed for command "VOLT?" to Supply-supply-1
14:29:52 | SERIAL   [error] Failed to write "VOLT?
" to /dev/ttyUSB1: Bad file descriptor
14:29:52 | SUPPLY   [warning] Write attempt 3/3 failed for command "VOLT?" to Supply-supply-1
14:29:52 | SUPPLY   [error] Failed to write command "VOLT?" to Supply-supply-1 after 3 attempts
14:29:52 | SUPPLY   [warning] Query write attempt 1/1 failed for "VOLT?" to Supply-supply-1
14:29:52 | SUPPLY   [error] Failed to query command "VOLT?" from Supply-supply-1 after 1 attempts
14:29:52 | SUPPLY   [error] Supply-supply-1 did not return a set voltage
14:29:52 | SERIAL   [error] Failed to write "CURR?
" to /dev/ttyUSB1: Bad file descriptor
14:29:52 | SUPPLY   [warning] Write attempt 1/3 failed for command "CURR?" to Supply-supply-1
14:29:52 | SERIAL   [error] Failed to write "CURR?
" to /dev/ttyUSB1: Bad file descriptor
14:29:52 | SUPPLY   [warning] Write attempt 2/3 failed for command "CURR?" to Supply-supply-1
14:29:52 | SERIAL   [error] Failed to write "CURR?
" to /dev/ttyUSB1: Bad file descriptor
14:29:52 | SUPPLY   [warning] Write attempt 3/3 failed for command "CURR?" to Supply-supply-1
14:29:52 | SUPPLY   [error] Failed to write command "CURR?" to Supply-supply-1 after 3 attempts
14:29:52 | SUPPLY   [warning] Query write attempt 1/1 failed for "CURR?" to Supply-supply-1
14:29:52 | SUPPLY   [error] Failed to query command "CURR?" from Supply-supply-1 after 1 attempts
14:29:52 | SUPPLY   [error] Supply-supply-1 did not return a set current
14:29:52 | SUPPLY   [error] Supply-supply-1 failed to query current state
14:29:52 | SERIAL   [error] Failed to write "STATE?
" to /dev/ttyUSB2: Bad file descriptor
14:29:52 | MODULE   [warning] Write attempt 1/3 failed for command "STATE?" to Module-module-1
14:29:52 | SERIAL   [error] Failed to write "STATE?
" to /dev/ttyUSB2: Bad file descriptor
14:29:52 | MODULE   [warning] Write attempt 2/3 failed for command "STATE?" to Module-module-1
14:29:52 | SERIAL   [error] Failed to write "STATE?
" to /dev/ttyUSB2: Bad file descriptor
14:29:52 | MODULE   [warning] Write attempt 3/3 failed for command "STATE?" to Module-module-1
14:29:52 | MODULE   [error] Failed to write command "STATE?" to Module-module-1 after 3 attempts
14:29:52 | MODULE   [warning] Query write attempt 1/1 failed for "STATE?" to Module-module-1
14:29:52 | MODULE   [error] Failed to query command "STATE?" from Module-module-1 after 1 attempts
14:29:52 | MODULE   [error] Module-module-1 did not return a state
14:29:52 | SERIAL   [error] Failed to write "STATE CHARGE
" to /dev/ttyUSB2: Bad file descriptor
14:29:52 | MODULE   [warning] Write attempt 1/3 failed for command "STATE CHARGE" to Module-module-1
14:29:52 | SERIAL   [error] Failed to write "STATE CHARGE
" to /dev/ttyUSB2: Bad file descriptor
14:29:52 | MODULE   [warning] Write attempt 2/3 failed for command "STATE CHARGE" to Module-module-1
14:29:52 | SERIAL   [error] Failed to write "STATE CHARGE
" to /dev/ttyUSB2: Bad file descriptor
14:29:52 | MODULE   [warning] Write attempt 3/3 failed for command "STATE CHARGE" to Module-module-1
14:29:52 | MODULE   [error] Failed to write command "STATE CHARGE" to Module-module-1 after 3 attempts
14:29:52 | MODULE   [error] Module-module-1 cannot be set to charging
14:29:52 | SERIAL   [error] Failed to write "CHAN 2
" to /dev/ttyUSB0: Bad file descriptor
14:29:52 | LOAD     [warning] Write attempt 1/3 failed for command "CHAN 2" to Load-load
14:29:52 | SERIAL   [error] Failed to write "CHAN 2
" to /dev/ttyUSB0: Bad file descriptor
14:29:52 | LOAD     [warning] Write attempt 2/3 failed for command "CHAN 2" to Load-load
14:29:52 | SERIAL   [error] Failed to write "CHAN 2
" to /dev/ttyUSB0: Bad file descriptor
14:29:52 | LOAD     [warning] Write attempt 3/3 failed for command "CHAN 2" to Load-load
14:29:52 | LOAD     [error] Failed to write command "CHAN 2" to Load-load after 3 attempts
14:29:52 | LOAD     [error] Failed to set channel at Load-load
14:29:52 | SERIAL   [error] Failed to write "MEAS:ALL?
" to /dev/ttyUSB1: Bad file descriptor
14:29:52 | SUPPLY   [warning] Write attempt 1/3 failed for command "MEAS:ALL?" to Supply-supply-1
14:29:52 | SERIAL   [error] Failed to write "MEAS:ALL?
" to /dev/ttyUSB1: Bad file descriptor
14:29:52 | SUPPLY   [warning] Write attempt 2/3 failed for command "MEAS:ALL?" to Supply-supply-1
14:29:52 | SERIAL   [error] Failed to write "MEAS:ALL?
" to /dev/ttyUSB1: Bad file descriptor
14:29:52 | SUPPLY   [warning] Write attempt 3/3 failed for command "MEAS:ALL?" to Supply-supply-1
14:29:52 | SUPPLY   [error] Failed to write command "MEAS:ALL?" to Supply-supply-1 after 3 attempts
14:29:52 | SUPPLY   [warning] Query write attempt 1/1 failed for "MEAS:ALL?" to Supply-supply-1
14:29:52 | SUPPLY   [error] Failed to query command "MEAS:ALL?" from Supply-supply-1 after 1 attempts
14:29:52 | SUPPLY   [error] Supply-supply-1 did not return any measurements
14:29:52 | SERIAL   [error] Failed to write "CHAN 1
" to /dev/ttyUSB0: Bad file descriptor
14:29:52 | LOAD     [warning] Write attempt 1/3 failed for command "CHAN 1" to Load-load
14:29:52 | SERIAL   [error] Failed to write "CHAN 1
" to /dev/ttyUSB0: Bad file descriptor
14:29:52 | LOAD     [warning] Write attempt 2/3 failed for command "CHAN 1" to Load-load
14:29:52 | SERIAL   [error] Failed to write "CHAN 1
" to /dev/ttyUSB0: Bad file descriptor
14:29:52 | LOAD     [warning] Write attempt 3/3 failed for command "CHAN 1" to Load-load
14:29:52 | LOAD     [error] Failed to write command "CHAN 1" to Load-load after 3 attempts
14:29:52 | LOAD     [error] Failed to set channel at Load-load
14:29:52 | SERIAL   [error] Failed to write "CHAN 1
" to /dev/ttyUSB0: Bad file descriptor
14:29:52 | LOAD     [warning] Write attempt 1/3 failed for command "CHAN 1" to Load-load
14:29:52 | SERIAL   [error] Failed to write "CHAN 1
" to /dev/ttyUSB0: Bad file descriptor
14:29:52 | LOAD     [warning] Write attempt 2/3 failed for command "CHAN 1" to Load-load
14:29:52 | SERIAL   [error] Failed to write "CHAN 1
" to /dev/ttyUSB0: Bad file descriptor
14:29:52 | LOAD     [warning] Write attempt 3/3 failed for command "CHAN 1" to Load-load
14:29:52 | LOAD     [error] Failed to write command "CHAN 1" to Load-load after 3 attempts
14:29:52 | LOAD     [error] Failed to set channel at Load-load
14:29:52 | SERIAL   [error] Failed to write "CHAN 2
" to /dev/ttyUSB0: Bad file descriptor
14:29:52 | LOAD     [warning] Write attempt 1/3 failed for command "CHAN 2" to Load-load
14:29:52 | SERIAL   [error] Failed to write "CHAN 2
" to /dev/ttyUSB0: Bad file descriptor
14:29:52 | LOAD     [warning] Write attempt 2/3 failed for command "CHAN 2" to Load-load
14:29:52 | SERIAL   [error] Failed to write "CHAN 2
" to /dev/ttyUSB0: Bad file descriptor
14:29:52 | LOAD     [warning] Write attempt 3/3 failed for command "CHAN 2" to Load-load
14:29:52 | LOAD     [error] Failed to write command "CHAN 2" to Load-load after 3 attempts
14:29:52 | LOAD     [error] Failed to set channel at Load-load
14:29:52 | SERIAL   [error] Failed to write "CHAN 2
" to /dev/ttyUSB0: Bad file descriptor
14:29:52 | LOAD     [warning] Write attempt 1/3 failed for command "CHAN 2" to Load-load
14:29:52 | SERIAL   [error] Failed to write "CHAN 2
" to /dev/ttyUSB0: Bad file descriptor
14:29:52 | LOAD     [warning] Write attempt 2/3 failed for command "CHAN 2" to Load-load
14:29:52 | SERIAL   [error] Failed to write "CHAN 2
" to /dev/ttyUSB0: Bad file descriptor
14:29:52 | LOAD     [warning] Write attempt 3/3 failed for command "CHAN 2" to Load-load
14:29:52 | LOAD     [error] Failed to write command "CHAN 2" to Load-load after 3 attempts
14:29:52 | LOAD     [error] Failed to set channel at Load-load
14:29:52 | SERIAL   [error] Failed to write "OUTP?
" to /dev/ttyUSB1: Bad file descriptor
14:29:52 | SUPPLY   [warning] Write attempt 1/3 failed for command "OUTP?" to Supply-supply-1
14:29:52 | SERIAL   [error] Failed to write "OUTP?
" to /dev/ttyUSB1: Bad file descriptor
14:29:52 | SUPPLY   [warning] Write attempt 2/3 failed for command "OUTP?" to Supply-supply-1
14:29:52 | SERIAL   [error] Failed to write "OUTP?
" to /dev/ttyUSB1: Bad file descriptor
14:29:52 | SUPPLY   [warning] Write attempt 3/3 failed for command "OUTP?" to Supply-supply-1
14:29:52 | SUPPLY   [error] Failed to write command "OUTP?" to Supply-supply-1 after 3 attempts
14:29:52 | SUPPLY   [warning] Query write attempt 1/1 failed for "OUTP?" to Supply-supply-1
14:29:52 | SUPPLY   [error] Failed to query command "OUTP?" from Supply-supply-1 after 1 attempts
14:29:52 | SUPPLY   [error] Supply-supply-1 did not return a valid state
14:29:52 | SERIAL   [error] Failed to write "VOLT?
" to /dev/ttyUSB1: Bad file descriptor
14:29:52 | SUPPLY   [warning] Write attempt 1/3 failed for command "VOLT?" to Supply-supply-1
14:29:52 | SERIAL   [error] Failed to write "VOLT?
" to /dev/ttyUSB1: Bad file descriptor
14:29:52 | SUPPLY   [warning] Write attempt 2/3 failed for command "VOLT?" to Supply-supply-1
14:29:52 | SERIAL   [error] Failed to write "VOLT?
" to /dev/ttyUSB1: Bad file descriptor
14:29:52 | SUPPLY   [warning] Write attempt 3/3 failed for command "VOLT?" to Supply-supply-1
14:29:52 | SUPPLY   [error] Failed to write command "VOLT?" to Supply-supply-1 after 3 attempts
14:29:52 | SUPPLY   [warning] Query write attempt 1/1 failed for "VOLT?" to Supply-supply-1
14:29:52 | SUPPLY   [error] Failed to query command "VOLT?" from Supply-supply-1 after 1 attempts
14:29:52 | SUPPLY   [error] Supply-supply-1 did not return a set voltage
14:29:52 | SERIAL   [error] Failed to write "CURR?
" to /dev/ttyUSB1: Bad file descriptor
14:29:52 | SUPPLY   [warning] Write attempt 1/3 failed for command "CURR?" to Supply-supply-1
14:29:52 | SERIAL   [error] Failed to write "CURR?
" to /dev/ttyUSB1: Bad file descriptor
14:29:52 | SUPPLY   [warning] Write attempt 2/3 failed for command "CURR?" to Supply-supply-1
14:29:52 | SERIAL   [error] Failed to write "CURR?
" to /dev/ttyUSB1: Bad file descriptor
14:29:52 | SUPPLY   [warning] Write attempt 3/3 failed for command "CURR?" to Supply-supply-1
14:29:52 | SUPPLY   [error] Failed to write command "CURR?" to Supply-supply-1 after 3 attempts
14:29:52 | SUPPLY   [warning] Query write attempt 1/1 failed for "CURR?" to Supply-supply-1
14:29:52 | SUPPLY   [error] Failed to query command "CURR?" from Supply-supply-1 after 1 attempts
14:29:52 | SUPPLY   [error] Supply-supply-1 did not return a set current
14:29:52 | SUPPLY   [error] Supply-supply-1 failed to query current state
14:29:52 | SERIAL   [error] Failed to write "STATE?
" to /dev/ttyUSB2: Bad file descriptor
14:29:52 | MODULE   [warning] Write attempt 1/3 failed for command "STATE?" to Module-module-1
14:29:52 | SERIAL   [error] Failed to write "STATE?
" to /dev/ttyUSB2: Bad file descriptor
14:29:52 | MODULE   [warning] Write attempt 2/3 failed for command "STATE?" to Module-module-1
14:29:52 | SERIAL   [error] Failed to write "STATE?
" to /dev/ttyUSB2: Bad file descriptor
14:29:52 | MODULE   [warning] Write attempt 3/3 failed for command "STATE?" to Module-module-1
14:29:52 | MODULE   [error] Failed to write command "STATE?" to Module-module-1 after 3 attempts
14:29:52 | MODULE   [warning] Query write attempt 1/1 failed for "STATE?" to Module-module-1
14:29:52 | MODULE   [error] Failed to query command "STATE?" from Module-module-1 after 1 attempts
14:29:52 | MODULE   [error] Module-module-1 did not return a state
14:29:52 | SERIAL   [error] Failed to write "STATE CHARGE
" to /dev/ttyUSB2: Bad file descriptor
14:29:52 | MODULE   [warning] Write attempt 1/3 failed for command "STATE CHARGE" to Module-module-1
14:29:52 | SERIAL   [error] Failed to write "STATE CHARGE
" to /dev/ttyUSB2: Bad file descriptor
14:29:52 | MODULE   [warning] Write attempt 2/3 failed for command "STATE CHARGE" to Module-module-1
14:29:52 | SERIAL   [error] Failed to write "STATE CHARGE
" to /dev/ttyUSB2: Bad file descriptor
14:29:52 | MODULE   [warning] Write attempt 3/3 failed for command "STATE CHARGE" to Module-module-1
14:29:52 | MODULE   [error] Failed to write command "STATE CHARGE" to Module-module-1 after 3 attempts
14:29:52 | MODULE   [error] Module-module-1 cannot be set to charging
14:29:52 | SERIAL   [error] Failed to write "CHAN 2
" to /dev/ttyUSB0: Bad file descriptor
14:29:52 | LOAD     [warning] Write attempt 1/3 failed for command "CHAN 2" to Load-load
14:29:52 | SERIAL   [error] Failed to write "CHAN 2
" to /dev/ttyUSB0: Bad file descriptor
14:29:52 | LOAD     [warning] Write attempt 2/3 failed for command "CHAN 2" to Load-load
14:29:52 | SERIAL   [error] Failed to write "CHAN 2
" to /dev/ttyUSB0: Bad file descriptor
14:29:52 | LOAD     [warning] Write attempt 3/3 failed for command "CHAN 2" to Load-load
14:29:52 | LOAD     [error] Failed to write command "CHAN 2" to Load-load after 3 attempts
14:29:52 | LOAD     [error] Failed to set channel at Load-load
14:29:52 | SERIAL   [error] Failed to write "MEAS:ALL?
" to /dev/ttyUSB1: Bad file descriptor
14:29:52 | SUPPLY   [warning] Write attempt 1/3 failed for command "MEAS:ALL?" to Supply-supply-1
14:29:52 | SERIAL   [error] Failed to write "MEAS:ALL?
" to /dev/ttyUSB1: Bad file descriptor
14:29:52 | SUPPLY   [warning] Write attempt 2/3 failed for command "MEAS:ALL?" to Supply-supply-1
14:29:52 | SERIAL   [error] Failed to write "MEAS:ALL?
" to /dev/ttyUSB1: Bad file descriptor
14:29:52 | SUPPLY   [warning] Write attempt 3/3 failed for command "MEAS:ALL?" to Supply-supply-1
14:29:52 | SUPPLY   [error] Failed to write command "MEAS:ALL?" to Supply-supply-1 after 3 attempts
14:29:52 | SUPPLY   [warning] Query write attempt 1/1 failed for "MEAS:ALL?" to Supply-supply-1
14:29:52 | SUPPLY   [error] Failed to query command "MEAS:ALL?" from Supply-supply-1 after 1 attempts
14:29:52 | SUPPLY   [error] Supply-supply-1 did not return any measurements
14:29:52 | SERIAL   [error] Failed to write "CHAN 1
" to /dev/ttyUSB0: Bad file descriptor
14:29:52 | LOAD     [warning] Write attempt 1/3 failed for command "CHAN 1" to Load-load
14:29:52 | SERIAL   [error] Failed to write "CHAN 1
" to /dev/ttyUSB0: Bad file descriptor
14:29:52 | LOAD     [warning] Write attempt 2/3 failed for command "CHAN 1" to Load-load
14:29:52 | SERIAL   [error] Failed to write "CHAN 1
" to /dev/ttyUSB0: Bad file descriptor
14:29:52 | LOAD     [warning] Write attempt 3/3 failed for command "CHAN 1" to Load-load
14:29:52 | LOAD     [error] Failed to write command "CHAN 1" to Load-load after 3 attempts
14:29:52 | LOAD     [error] Failed to set channel at Load-load
14:29:52 | SERIAL   [error] Failed to write "CHAN 1
" to /dev/ttyUSB0: Bad file descriptor
14:29:52 | LOAD     [warning] Write attempt 1/3 failed for command "CHAN 1" to Load-load
14:29:52 | SERIAL   [error] Failed to write "CHAN 1
" to /dev/ttyUSB0: Bad file descriptor
14:29:52 | LOAD     [warning] Write attempt 2/3 failed for command "CHAN 1" to Load-load
14:29:52 | SERIAL   [error] Failed to write "CHAN 1
" to /dev/ttyUSB0: Bad file descriptor
14:29:52 | LOAD     [warning] Write attempt 3/3 failed for command "CHAN 1" to Load-load
14:29:52 | LOAD     [error] Failed to write command "CHAN 1" to Load-load after 3 attempts
14:29:52 | LOAD     [error] Failed to set channel at Load-load
14:29:52 | SERIAL   [error] Failed to write "CHAN 2
" to /dev/ttyUSB0: Bad file descriptor
14:29:52 | LOAD     [warning] Write attempt 1/3 failed for command "CHAN 2" to Load-load
14:29:52 | SERIAL   [error] Failed to write "CHAN 2
" to /dev/ttyUSB0: Bad file descriptor
14:29:52 | LOAD     [warning] Write attempt 2/3 failed for command "CHAN 2" to Load-load
14:29:52 | SERIAL   [error] Failed to write "CHAN 2
" to /dev/ttyUSB0: Bad file descriptor
14:29:52 | LOAD     [warning] Write attempt 3/3 failed for command "CHAN 2" to Load-load
14:29:52 | LOAD     [error] Failed to write command "CHAN 2" to Load-load after 3 attempts
14:29:52 | LOAD     [error] Failed to set channel at Load-load
14:29:52 | SERIAL   [error] Failed to write "CHAN 2
" to /dev/ttyUSB0: Bad file descriptor
14:29:52 | LOAD     [warning] Write attempt 1/3 failed for command "CHAN 2" to Load-load
14:29:52 | SERIAL   [error] Failed to write "CHAN 2
" to /dev/ttyUSB0: Bad file descriptor
14:29:52 | LOAD     [warning] Write attempt 2/3 failed for command "CHAN 2" to Load-load
14:29:52 | SERIAL   [error] Failed to write "CHAN 2
" to /dev/ttyUSB0: Bad file descriptor
14:29:52 | LOAD     [warning] Write attempt 3/3 failed for command "CHAN 2" to Load-load
14:29:52 | LOAD     [error] Failed to write command "CHAN 2" to Load-load after 3 attempts
14:29:52 | LOAD     [error] Failed to set channel at Load-load
14:29:52 | SERIAL   [error] Failed to write "OUTP?
" to /dev/ttyUSB1: Bad file descriptor
14:29:52 | SUPPLY   [warning] Write attempt 1/3 failed for command "OUTP?" to Supply-supply-1
14:29:52 | SERIAL   [error] Failed to write "OUTP?
" to /dev/ttyUSB1: Bad file descriptor
14:29:52 | SUPPLY   [warning] Write attempt 2/3 failed for command "OUTP?" to Supply-supply-1
14:29:52 | SERIAL   [error] Failed to write "OUTP?
" to /dev/ttyUSB1: Bad file descriptor
14:29:52 | SUPPLY   [warning] Write attempt 3/3 failed for command "OUTP?" to Supply-supply-1
14:29:52 | SUPPLY   [error] Failed to write command "OUTP?" to Supply-supply-1 after 3 attempts
14:29:52 | SUPPLY   [warning] Query write attempt 1/1 failed for "OUTP?" to Supply-supply-1
14:29:52 | SUPPLY   [error] Failed to query command "OUTP?" from Supply-supply-1 after 1 attempts
14:29:52 | SUPPLY   [error] Supply-supply-1 did not return a valid state
14:29:52 | SERIAL   [error] Failed to write "VOLT?
" to /dev/ttyUSB1: Bad file descriptor
14:29:52 | SUPPLY   [warning] Write attempt 1/3 failed for command "VOLT?" to Supply-supply-1
14:29:52 | SERIAL   [error] Failed to write "VOLT?
" to /dev/ttyUSB1: Bad file descriptor
14:29:52 | SUPPLY   [warning] Write attempt 2/3 failed for command "VOLT?" to Supply-supply-1
14:29:52 | SERIAL   [error] Failed to write "VOLT?
" to /dev/ttyUSB1: Bad file descriptor
14:29:52 | SUPPLY   [warning] Write attempt 3/3 failed for command "VOLT?" to Supply-supply-1
14:29:52 | SUPPLY   [error] Failed to write command "VOLT?" to Supply-supply-1 after 3 attempts
14:29:52 | SUPPLY   [warning] Query write attempt 1/1 failed for "VOLT?" to Supply-supply-1
14:29:52 | SUPPLY   [error] Failed to query command "VOLT?" from Supply-supply-1 after 1 attempts
14:29:52 | SUPPLY   [error] Supply-supply-1 did not return a set voltage
14:29:52 | SERIAL   [error] Failed to write "CURR?
" to /dev/ttyUSB1: Bad file descriptor
14:29:52 | SUPPLY   [warning] Write attempt 1/3 failed for command "CURR?" to Supply-supply-1
14:29:52 | SERIAL   [error] Failed to write "CURR?
" to /dev/ttyUSB1: Bad file descriptor
14:29:52 | SUPPLY   [warning] Write attempt 2/3 failed for command "CURR?" to Supply-supply-1
14:29:52 | SERIAL   [error] Failed to write "CURR?
" to /dev/ttyUSB1: Bad file descriptor
14:29:52 | SUPPLY   [warning] Write attempt 3/3 failed for command "CURR?" to Supply-supply-1
14:29:52 | SUPPLY   [error] Failed to write command "CURR?" to Supply-supply-1 after 3 attempts
14:29:52 | SUPPLY   [warning] Query write attempt 1/1 failed for "CURR?" to Supply-supply-1
14:29:52 | SUPPLY   [error] Failed to query command "CURR?" from Supply-supply-1 after 1 attempts
14:29:52 | SUPPLY   [error] Supply-supply-1 did not return a set current
14:29:52 | SUPPLY   [error] Supply-supply-1 failed to query current state
14:29:52 | SERIAL   [error] Failed to write "STATE?
" to /dev/ttyUSB2: Bad file descriptor
14:29:52 | MODULE   [warning] Write attempt 1/3 failed for command "STATE?" to Module-module-1
14:29:52 | SERIAL   [error] Failed to write "STATE?
" to /dev/ttyUSB2: Bad file descriptor
14:29:52 | MODULE   [warning] Write attempt 2/3 failed for command "STATE?" to Module-module-1
14:29:52 | SERIAL   [error] Failed to write "STATE?
" to /dev/ttyUSB2: Bad file descriptor
14:29:52 | MODULE   [warning] Write attempt 3/3 failed for command "STATE?" to Module-module-1
14:29:52 | MODULE   [error] Failed to write command "STATE?" to Module-module-1 after 3 attempts
14:29:52 | MODULE   [warning] Query write attempt 1/1 failed for "STATE?" to Module-module-1
14:29:52 | MODULE   [error] Failed to query command "STATE?" from Module-module-1 after 1 attempts
14:29:52 | MODULE   [error] Module-module-1 did not return a state
14:29:52 | SERIAL   [error] Failed to write "STATE CHARGE
" to /dev/ttyUSB2: Bad file descriptor
14:29:52 | MODULE   [warning] Write attempt 1/3 failed for command "STATE CHARGE" to Module-module-1
14:29:52 | SERIAL   [error] Failed to write "STATE CHARGE
" to /dev/ttyUSB2: Bad file descriptor
14:29:52 | MODULE   [warning] Write attempt 2/3 failed for command "STATE CHARGE" to Module-module-1
14:29:52 | SERIAL   [error] Failed to write "STATE CHARGE
" to /dev/ttyUSB2: Bad file descriptor
14:29:52 | MODULE   [warning] Write attempt 3/3 failed for command "STATE CHARGE" to Module-module-1
14:29:52 | MODULE   [error] Failed to write command "STATE CHARGE" to Module-module-1 after 3 attempts
14:29:52 | MODULE   [error] Module-module-1 cannot be set to charging
14:29:52 | SERIAL   [error] Failed to write "CHAN 2
" to /dev/ttyUSB0: Bad file descriptor
14:29:52 | LOAD     [warning] Write attempt 1/3 failed for command "CHAN 2" to Load-load
14:29:52 | SERIAL   [error] Failed to write "CHAN 2
" to /dev/ttyUSB0: Bad file descriptor
14:29:52 | LOAD     [warning] Write attempt 2/3 failed for command "CHAN 2" to Load-load
14:29:52 | SERIAL   [error] Failed to write "CHAN 2
" to /dev/ttyUSB0: Bad file descriptor
14:29:52 | LOAD     [warning] Write attempt 3/3 failed for command "CHAN 2" to Load-load
14:29:52 | LOAD     [error] Failed to write command "CHAN 2" to Load-load after 3 attempts
14:29:52 | LOAD     [error] Failed to set channel at Load-load
14:29:52 | SERIAL   [error] Failed to write "MEAS:ALL?
" to /dev/ttyUSB1: Bad file descriptor
14:29:52 | SUPPLY   [warning] Write attempt 1/3 failed for command "MEAS:ALL?" to Supply-supply-1
14:29:52 | SERIAL   [error] Failed to write "MEAS:ALL?
" to /dev/ttyUSB1: Bad file descriptor
14:29:52 | SUPPLY   [warning] Write attempt 2/3 failed for command "MEAS:ALL?" to Supply-supply-1
14:29:52 | SERIAL   [error] Failed to write "MEAS:ALL?
" to /dev/ttyUSB1: Bad file descriptor
14:29:52 | SUPPLY   [warning] Write attempt 3/3 failed for command "MEAS:ALL?" to Supply-supply-1
14:29:52 | SUPPLY   [error] Failed to write command "MEAS:ALL?" to Supply-supply-1 after 3 attempts
14:29:52 | SUPPLY   [warning] Query write attempt 1/1 failed for "MEAS:ALL?" to Supply-supply-1
14:29:52 | SUPPLY   [error] Failed to query command "MEAS:ALL?" from Supply-supply-1 after 1 attempts
14:29:52 | SUPPLY   [error] Supply-supply-1 did not return any measurements
14:29:52 | SERIAL   [error] Failed to write "CHAN 1
" to /dev/ttyUSB0: Bad file descriptor
14:29:52 | LOAD     [warning] Write attempt 1/3 failed for command "CHAN 1" to Load-load
14:29:52 | SERIAL   [error] Failed to write "CHAN 1
" to /dev/ttyUSB0: Bad file descriptor
14:29:52 | LOAD     [warning] Write attempt 2/3 failed for command "CHAN 1" to Load-load
14:29:52 | SERIAL   [error] Failed to write "CHAN 1
" to /dev/ttyUSB0: Bad file descriptor
14:29:52 | LOAD     [warning] Write attempt 3/3 failed for command "CHAN 1" to Load-load
14:29:52 | LOAD     [error] Failed to write command "CHAN 1" to Load-load after 3 attempts
14:29:52 | LOAD     [error] Failed to set channel at Load-load
14:29:52 | SERIAL   [error] Failed to write "CHAN 1
" to /dev/ttyUSB0: Bad file descriptor
14:29:52 | LOAD     [warning] Write attempt 1/3 failed for command "CHAN 1" to Load-load
14:29:52 | SERIAL   [error] Failed to write "CHAN 1
" to /dev/ttyUSB0: Bad file descriptor
14:29:52 | LOAD     [warning] Write attempt 2/3 failed for command "CHAN 1" to Load-load
14:29:52 | SERIAL   [error] Failed to write "CHAN 1
" to /dev14:30:39 | MODULE   [error] Module-module-1 IDN mismatch /dev/ttyUSB2
14:30:39 | SERIAL   [error] Failed to write "STATE CHARGE
" to /dev/ttyUSB2: Bad file descriptor
14:30:39 | MODULE   [warning] Write attempt 1/3 failed for command "STATE CHARGE" to Module-module-1
14:30:39 | SERIAL   [error] Failed to write "STATE CHARGE
" to /dev/ttyUSB2: Bad file descriptor
14:30:39 | MODULE   [warning] Write attempt 2/3 failed for command "STATE CHARGE" to Module-module-1
14:30:39 | SERIAL   [error] Failed to write "STATE CHARGE
" to /dev/ttyUSB2: Bad file descriptor
14:30:39 | MODULE   [warning] Write attempt 3/3 failed for command "STATE CHARGE" to Module-module-1
14:30:39 | MODULE   [error] Failed to write command "STATE CHARGE" to Module-module-1 after 3 attempts
14:30:39 | MODULE   [error] Module-module-1 cannot be set to charging
14:30:39 | CHANNEL  [info] Channel 2 starting charge: 4.200 V, 1.000 A, cutoff 0.100 V, max 1 s
14:30:39 | LOAD     [warning] Query read attempt 1/1 failed for "INP?" to Load-load
14:30:39 | LOAD     [error] Failed to query command "INP?" from Load-load after 1 attempts
14:30:39 | LOAD     [error] Load-load did not return a valid state
14:30:40 | LOAD     [warning] Query read attempt 1/1 failed for "INP?" to Load-load
14:30:40 | LOAD     [error] Failed to query command "INP?" from Load-load after 1 attempts
14:30:40 | LOAD     [error] Load-load did not return a valid state
14:30:40 | SERIAL   [error] Failed to write "STATE?
" to /dev/ttyUSB2: Bad file descriptor
14:30:40 | MODULE   [warning] Write attempt 1/3 failed for command "STATE?" to Module-module-1
14:30:40 | SERIAL   [error] Failed to write "STATE?
" to /dev/ttyUSB2: Bad file descriptor
14:30:40 | MODULE   [warning] Write attempt 2/3 failed for command "STATE?" to Module-module-1
14:30:40 | SERIAL   [error] Failed to write "STATE?
" to /dev/ttyUSB2: Bad file descriptor
14:30:40 | MODULE   [warning] Write attempt 3/3 failed for command "STATE?" to Module-module-1
14:30:40 | MODULE   [error] Failed to write command "STATE?" to Module-module-1 after 3 attempts
14:30:40 | MODULE   [warning] Query write attempt 1/1 failed for "STATE?" to Module-module-1
14:30:40 | MODULE   [error] Failed to query command "STATE?" from Module-module-1 after 1 attempts
14:30:40 | MODULE   [error] Module-module-1 did not return a state
14:30:40 | SERIAL   [error] Failed to write "STATE CHARGE
" to /dev/ttyUSB2: Bad file descriptor
14:30:40 | MODULE   [warning] Write attempt 1/3 failed for command "STATE CHARGE" to Module-module-1
14:30:40 | SERIAL   [error] Failed to write "STATE CHARGE
" to /dev/ttyUSB2: Bad file descriptor
14:30:40 | MODULE   [warning] Write attempt 2/3 failed for command "STATE CHARGE" to Module-module-1
14:30:40 | SERIAL   [error] Failed to write "STATE CHARGE
" to /dev/ttyUSB2: Bad file descriptor
14:30:40 | MODULE   [warning] Write attempt 3/3 failed for command "STATE CHARGE" to Module-module-1
14:30:40 | MODULE   [error] Failed to write command "STATE CHARGE" to Module-module-1 after 3 attempts
14:30:40 | MODULE   [error] Module-module-1 cannot be set to charging
14:30:40 | LOAD     [warning] Query read attempt 1/1 failed for "CURR?" to Load-load
14:30:40 | LOAD     [error] Failed to query command "CURR?" from Load-load after 1 attempts
14:30:40 | LOAD     [error] Load-load did not return a set current
14:30:40 | LOAD     [error] Load-load failed to query current state
14:30:40 | SERIAL   [error] Failed to write "STATE?
" to /dev/ttyUSB2: Bad file descriptor
14:30:40 | MODULE   [warning] Write attempt 1/3 failed for command "STATE?" to Module-module-1
14:30:40 | SERIAL   [error] Failed to write "STATE?
" to /dev/ttyUSB2: Bad file descriptor
14:30:40 | MODULE   [warning] Write attempt 2/3 failed for command "STATE?" to Module-module-1
14:30:40 | SERIAL   [error] Failed to write "STATE?
" to /dev/ttyUSB2: Bad file descriptor
14:30:40 | MODULE   [warning] Write attempt 3/3 failed for command "STATE?" to Module-module-1
14:30:40 | MODULE   [error] Failed to write command "STATE?" to Module-module-1 after 3 attempts
14:30:40 | MODULE   [warning] Query write attempt 1/1 failed for "STATE?" to Module-module-1
14:30:40 | MODULE   [error] Failed to query command "STATE?" from Module-module-1 after 1 attempts
14:30:40 | MODULE   [error] Module-module-1 did not return a state
14:30:40 | SERIAL   [error] Failed to write "STATE CHARGE
" to /dev/ttyUSB2: Bad file descriptor
14:30:40 | MODULE   [warning] Write attempt 1/3 failed for command "STATE CHARGE" to Module-module-1
14:30:40 | SERIAL   [error] Failed to write "STATE CHARGE
" to /dev/ttyUSB2: Bad file descriptor
14:30:40 | MODULE   [warning] Write attempt 2/3 failed for command "STATE CHARGE" to Module-module-1
14:30:40 | SERIAL   [error] Failed to write "STATE CHARGE
" to /dev/ttyUSB2: Bad file descriptor
14:30:40 | MODULE   [warning] Write attempt 3/3 failed for command "STATE CHARGE" to Module-module-1
14:30:40 | MODULE   [error] Failed to write command "STATE CHARGE" to Module-module-1 after 3 attempts
14:30:40 | MODULE   [error] Module-module-1 cannot be set to charging
14:30:40 | LOAD     [warning] Query read attempt 1/1 failed for "CURR?" to Load-load
14:30:40 | LOAD     [error] Failed to query command "CURR?" from Load-load after 1 attempts
14:30:40 | LOAD     [error] Load-load did not return a set current
14:30:40 | LOAD     [error] Load-load failed to query current state
14:30:40 | SERIAL   [error] Failed to write "STATE?
" to /dev/ttyUSB2: Bad file descriptor
14:30:40 | MODULE   [warning] Write attempt 1/3 failed for command "STATE?" to Module-module-1
14:30:40 | SERIAL   [error] Failed to write "STATE?
" to /dev/ttyUSB2: Bad file descriptor
14:30:40 | MODULE   [warning] Write attempt 2/3 failed for command "STATE?" to Module-module-1
14:30:40 | SERIAL   [error] Failed to write "STATE?
" to /dev/ttyUSB2: Bad file descriptor
14:30:40 | MODULE   [warning] Write attempt 3/3 failed for command "STATE?" to Module-module-1
14:30:40 | MODULE   [error] Failed to write command "STATE?" to Module-module-1 after 3 attempts
14:30:40 | MODULE   [warning] Query write attempt 1/1 failed for "STATE?" to Module-module-1
14:30:40 | MODULE   [error] Failed to query command "STATE?" from Module-module-1 after 1 attempts
14:30:40 | MODULE   [error] Module-module-1 did not return a state
14:30:40 | SERIAL   [error] Failed to write "STATE CHARGE
" to /dev/ttyUSB2: Bad file descriptor
14:30:40 | MODULE   [warning] Write attempt 1/3 failed for command "STATE CHARGE" to Module-module-1
14:30:40 | SERIAL   [error] Failed to write "STATE CHARGE
" to /dev/ttyUSB2: Bad file descriptor
14:30:40 | MODULE   [warning] Write attempt 2/3 failed for command "STATE CHARGE" to Module-module-1
14:30:40 | SERIAL   [error] Failed to write "STATE CHARGE
" to /dev/ttyUSB2: Bad file descriptor
14:30:40 | MODULE   [warning] Write attempt 3/3 failed for command "STATE CHARGE" to Module-module-1
14:30:40 | MODULE   [error] Failed to write command "STATE CHARGE" to Module-module-1 after 3 attempts
14:30:40 | MODULE   [error] Module-module-1 cannot be set to charging
14:30:40 | CHANNEL  [info] Channel 2 ending charge step: supply voltage 3.340 V reached cutoff 0.100 V
14:30:40 | SERIAL   [error] Failed to write "STATE OFF
" to /dev/ttyUSB2: Bad file descriptor
14:30:40 | MODULE   [warning] Write attempt 1/3 failed for command "STATE OFF" to Module-module-1
14:30:40 | SERIAL   [error] Failed to write "STATE OFF
" to /dev/ttyUSB2: Bad file descriptor
14:30:40 | MODULE   [warning] Write attempt 2/3 failed for command "STATE OFF" to Module-module-1
14:30:40 | SERIAL   [error] Failed to write "STATE OFF
" to /dev/ttyUSB2: Bad file descriptor
14:30:40 | MODULE   [warning] Write attempt 3/3 failed for command "STATE OFF" to Module-module-1
14:30:40 | MODULE   [error] Failed to write command "STATE OFF" to Module-module-1 after 3 attempts
14:30:40 | MODULE   [error] Module-module-1 cannot be set to off
14:30:40 | CHANNEL  [info] Channel 2 starting rest: max 1 s
14:30:40 | LOAD     [warning] Query read attempt 1/1 failed for "CURR?" to Load-load
14:30:40 | LOAD     [error] Failed to query command "CURR?" from Load-load after 1 attempts
14:30:40 | LOAD     [error] Load-load did not return a set current
14:30:40 | LOAD     [error] Load-load failed to query current state
14:30:40 | SERIAL   [error] Failed to write "STATE?
" to /dev/ttyUSB2: Bad file descriptor
14:30:40 | MODULE   [warning] Write attempt 1/3 failed for command "STATE?" to Module-module-1
14:30:40 | SERIAL   [error] Failed to write "STATE?
" to /dev/ttyUSB2: Bad file descriptor
14:30:40 | MODULE   [warning] Write attempt 2/3 failed for command "STATE?" to Module-module-1
14:30:40 | SERIAL   [error] Failed to write "STATE?
" to /dev/ttyUSB2: Bad file descriptor
14:30:40 | MODULE   [warning] Write attempt 3/3 failed for command "STATE?" to Module-module-1
14:30:40 | MODULE   [error] Failed to write command "STATE?" to Module-module-1 after 3 attempts
14:30:40 | MODULE   [warning] Query write attempt 1/1 failed for "STATE?" to Module-module-1
14:30:40 | MODULE   [error] Failed to query command "STATE?" from Module-module-1 after 1 attempts
14:30:40 | MODULE   [error] Module-module-1 did not return a state
14:30:40 | SERIAL   [error] Failed to write "STATE DISCHARGE
" to /dev/ttyUSB2: Bad file descriptor
14:30:40 | MODULE   [warning] Write attempt 1/3 failed for command "STATE DISCHARGE" to Module-module-1
14:30:40 | SERIAL   [error] Failed to write "STATE DISCHARGE
" to /dev/ttyUSB2: Bad file descriptor
14:30:40 | MODULE   [warning] Write attempt 2/3 failed for command "STATE DISCHARGE" to Module-module-1
14:30:40 | SERIAL   [error] Failed to write "STATE DISCHARGE
" to /dev/ttyUSB2: Bad file descriptor
14:30:40 | MODULE   [warning] Write attempt 3/3 failed for command "STATE DISCHARGE" to Module-module-1
14:30:40 | MODULE   [error] Failed to write command "STATE DISCHARGE" to Module-module-1 after 3 attempts
14:30:40 | MODULE   [error] Module-module-1 cannot be set to discharging
14:30:40 | LOAD     [warning] Query read attempt 1/1 failed for "CURR?" to Load-load
14:30:40 | LOAD     [error] Failed to query command "CURR?" from Load-load after 1 attempts
14:30:40 | LOAD     [error] Load-load did not return a set current
14:30:40 | LOAD     [error] Load-load failed to query current state
14:30:40 | SERIAL   [error] Failed to write "STATE?
" to /dev/ttyUSB2: Bad file descriptor
14:30:40 | MODULE   [warning] Write attempt 1/3 failed for command "STATE?" to Module-module-1
14:30:40 | SERIAL   [error] Failed to write "STATE?
" to /dev/ttyUSB2: Bad file descriptor
14:30:40 | MODULE   [warning] Write attempt 2/3 failed for command "STATE?" to Module-module-1
14:30:40 | SERIAL   [error] Failed to write "STATE?
" to /dev/ttyUSB2: Bad file descriptor
14:30:40 | MODULE   [warning] Write attempt 3/3 failed for command "STATE?" to Module-module-1
14:30:40 | MODULE   [error] Failed to write command "STATE?" to Module-module-1 after 3 attempts
14:30:40 | MODULE   [warning] Query write attempt 1/1 failed for "STATE?" to Module-module-1
14:30:40 | MODULE   [error] Failed to query command "STATE?" from Module-module-1 after 1 attempts
14:30:40 | MODULE   [error] Module-module-1 did not return a state
14:30:40 | SERIAL   [error] Failed to write "STATE DISCHARGE
" to /dev/ttyUSB2: Bad file descriptor
14:30:40 | MODULE   [warning] Write attempt 1/3 failed for command "STATE DISCHARGE" to Module-module-1
14:30:40 | SERIAL   [error] Failed to write "STATE DISCHARGE
" to /dev/ttyUSB2: Bad file descriptor
14:30:40 | MODULE   [warning] Write attempt 2/3 failed for command "STATE DISCHARGE" to Module-module-1
14:30:40 | SERIAL   [error] Failed to write "STATE DISCHARGE
" to /dev/ttyUSB2: Bad file descriptor
14:30:40 | MODULE   [warning] Write attempt 3/3 failed for command "STATE DISCHARGE" to Module-module-1
14:30:40 | MODULE   [error] Failed to write command "STATE DISCHARGE" to Module-module-1 after 3 attempts
14:30:40 | MODULE   [error] Module-module-1 cannot be set to discharging
14:30:40 | LOAD     [warning] Query read attempt 1/1 failed for "CURR?" to Load-load
14:30:40 | LOAD     [error] Failed to query command "CURR?" from Load-load after 1 attempts
14:30:40 | LOAD     [error] Load-load did not return a set current
14:30:40 | LOAD     [error] Load-load failed to query current state
14:30:40 | SERIAL   [error] Failed to write "STATE?
" to /dev/ttyUSB2: Bad file descriptor
14:30:40 | MODULE   [warning] Write attempt 1/3 failed for command "STATE?" to Module-module-1
14:30:40 | SERIAL   [error] Failed to write "STATE?
" to /dev/ttyUSB2: Bad file descriptor
14:30:40 | MODULE   [warning] Write attempt 2/3 failed for command "STATE?" to Module-module-1
14:30:40 | SERIAL   [error] Failed to write "STATE?
" to /dev/ttyUSB2: Bad file descriptor
14:30:40 | MODULE   [warning] Write attempt 3/3 failed for command "STATE?" to Module-module-1
14:30:40 | MODULE   [error] Failed to write command "STATE?" to Module-module-1 after 3 attempts
14:30:40 | MODULE   [warning] Query write attempt 1/1 failed for "STATE?" to Module-module-1
14:30:40 | MODULE   [error] Failed to query command "STATE?" from Module-module-1 after 1 attempts
14:30:40 | MODULE   [error] Module-module-1 did not return a state
14:30:40 | SERIAL   [error] Failed to write "STATE DISCHARGE
" to /dev/ttyUSB2: Bad file descriptor
14:30:40 | MODULE   [warning] Write attempt 1/3 failed for command "STATE DISCHARGE" to Module-module-1
14:30:40 | SERIAL   [error] Failed to write "STATE DISCHARGE
" to /dev/ttyUSB2: Bad file descriptor
14:30:40 | MODULE   [warning] Write attempt 2/3 failed for command "STATE DISCHARGE" to Module-module-1
14:30:40 | SERIAL   [error] Failed to write "STATE DISCHARGE
" to /dev/ttyUSB2: Bad file descriptor
14:30:40 | MODULE   [warning] Write attempt 3/3 failed for command "STATE DISCHARGE" to Module-module-1
14:30:40 | MODULE   [error] Failed to write command "STATE DISCHARGE" to Module-module-1 after 3 attempts
14:30:40 | MODULE   [error] Module-module-1 cannot be set to discharging
14:30:40 | LOAD     [warning] Query read attempt 1/1 failed for "CURR?" to Load-load
14:30:40 | LOAD     [error] Failed to query command "CURR?" from Load-load after 1 attempts
14:30:40 | LOAD     [error] Load-load did not return a set current
14:30:40 | LOAD     [error] Load-load failed to query current state
14:30:40 | SERIAL   [error] Failed to write "STATE?
" to /dev/ttyUSB2: Bad file descriptor
14:30:40 | MODULE   [warning] Write attempt 1/3 failed for command "STATE?" to Module-module-1
14:30:40 | SERIAL   [error] Failed to write "STATE?
" to /dev/ttyUSB2: Bad file descriptor
14:30:40 | MODULE   [warning] Write attempt 2/3 failed for command "STATE?" to Module-module-1
14:30:40 | SERIAL   [error] Failed to write "STATE?
" to /dev/ttyUSB2: Bad file descriptor
14:30:40 | MODULE   [warning] Write attempt 3/3 failed for command "STATE?" to Module-module-1
14:30:40 | MODULE   [error] Failed to write command "STATE?" to Module-module-1 after 3 attempts
14:30:40 | MODULE   [warning] Query write attempt 1/1 failed for "STATE?" to Module-module-1
14:30:40 | MODULE   [error] Failed to query command "STATE?" from Module-module-1 after 1 attempts
14:30:40 | MODULE   [error] Module-module-1 did not return a state
14:30:40 | SERIAL   [error] Failed to write "STATE DISCHARGE
" to /dev/ttyUSB2: Bad file descriptor
14:30:40 | MODULE   [warning] Write attempt 1/3 failed for command "STATE DISCHARGE" to Module-module-1
14:30:40 | SERIAL   [error] Failed to write "STATE DISCHARGE
" to /dev/ttyUSB2: Bad file descriptor
14:30:40 | MODULE   [warning] Write attempt 2/3 failed for command "STATE DISCHARGE" to Module-module-1
14:30:40 | SERIAL   [error] Failed to write "STATE DISCHARGE
" to /dev/ttyUSB2: Bad file descriptor
14:30:40 | MODULE   [warning] Write attempt 3/3 failed for command "STATE DISCHARGE" to Module-module-1
14:30:40 | MODULE   [error] Failed to write command "STATE DISCHARGE" to Module-module-1 after 3 attempts
14:30:40 | MODULE   [error] Module-module-1 cannot be set to discharging
14:30:40 | LOAD     [warning] Query read attempt 1/1 failed for "CURR?" to Load-load
14:30:40 | LOAD     [error] Failed to query command "CURR?" from Load-load after 1 attempts
14:30:40 | LOAD     [error] Load-load did not return a set current
14:30:40 | LOAD     [error] Load-load failed to query current state
14:30:40 | SERIAL   [error] Failed to write "STATE?
" to /dev/ttyUSB2: Bad file descriptor
14:30:40 | MODULE   [warning] Write attempt 1/3 failed for command "STATE?" to Module-module-1
14:30:40 | SERIAL   [error] Failed to write "STATE?
" to /dev/ttyUSB2: Bad file descriptor
14:30:40 | MODULE   [warning] Write attempt 2/3 failed for command "STATE?" to Module-module-1
14:30:40 | SERIAL   [error] Failed to write "STATE?
" to /dev/ttyUSB2: Bad file descriptor
14:30:40 | MODULE   [warning] Write attempt 3/3 failed for command "STATE?" to Module-module-1
14:30:40 | MODULE   [error] Failed to write command "STATE?" to Module-module-1 after 3 attempts
14:30:40 | MODULE   [warning] Query write attempt 1/1 failed for "STATE?" to Module-module-1
14:30:40 | MODULE   [error] Failed to query command "STATE?" from Module-module-1 after 1 attempts
14:30:40 | MODULE   [error] Module-module-1 did not return a state
14:30:40 | SERIAL   [error] Failed to write "STATE DISCHARGE
" to /dev/ttyUSB2: Bad file descriptor
14:30:40 | MODULE   [warning] Write attempt 1/3 failed for command "STATE DISCHARGE" to Module-module-1
14:30:40 | SERIAL   [error] Failed to write "STATE DISCHARGE
" to /dev/ttyUSB2: Bad file descriptor
14:30:40 | MODULE   [warning] Write attempt 2/3 failed for command "STATE DISCHARGE" to Module-module-1
14:30:40 | SERIAL   [error] Failed to write "STATE DISCHARGE
" to /dev/ttyUSB2: Bad file descriptor
14:30:40 | MODULE   [warning] Write attempt 3/3 failed for command "STATE DISCHARGE" to Module-module-1
14:30:40 | MODULE   [error] Failed to write command "STATE DISCHARGE" to Module-module-1 after 3 attempts
14:30:40 | MODULE   [error] Module-module-1 cannot be set to discharging
14:30:40 | LOAD     [warning] Query read attempt 1/1 failed for "CURR?" to Load-load
14:30:40 | LOAD     [error] Failed to query command "CURR?" from Load-load after 1 attempts
14:30:40 | LOAD     [error] Load-load did not return a set current
14:30:40 | LOAD     [error] Load-load failed to query current state
14:30:41 | SERIAL   [error] Failed to write "STATE?
" to /dev/ttyUSB2: Bad file descriptor
14:30:41 | MODULE   [warning] Write attempt 1/3 failed for command "STATE?" to Module-module-1
14:30:41 | SERIAL   [error] Failed to write "STATE?
" to /dev/ttyUSB2: Bad file descriptor
14:30:41 | MODULE   [warning] Write attempt 2/3 failed for command "STATE?" to Module-module-1
14:30:41 | SERIAL   [error] Failed to write "STATE?
" to /dev/ttyUSB2: Bad file descriptor
14:30:41 | MODULE   [warning] Write attempt 3/3 failed for command "STATE?" to Module-module-1
14:30:41 | MODULE   [error] Failed to write command "STATE?" to Module-module-1 after 3 attempts
14:30:41 | MODULE   [warning] Query write attempt 1/1 failed for "STATE?" to Module-module-1
14:30:41 | MODULE   [error] Failed to query command "STATE?" from Module-module-1 after 1 attempts
14:30:41 | MODULE   [error] Module-module-1 did not return a state
14:30:41 | SERIAL   [error] Failed to write "STATE DISCHARGE
" to /dev/ttyUSB2: Bad file descriptor
14:30:41 | MODULE   [warning] Write attempt 1/3 failed for command "STATE DISCHARGE" to Module-module-1
14:30:41 | SERIAL   [error] Failed to write "STATE DISCHARGE
" to /dev/ttyUSB2: Bad file descriptor
14:30:41 | MODULE   [warning] Write attempt 2/3 failed for command "STATE DISCHARGE" to Module-module-1
14:30:41 | SERIAL   [error] Failed to write "STATE DISCHARGE
" to /dev/ttyUSB2: Bad file descriptor
14:30:41 | MODULE   [warning] Write attempt 3/3 failed for command "STATE DISCHARGE" to Module-module-1
14:30:41 | MODULE   [error] Failed to write command "STATE DISCHARGE" to Module-module-1 after 3 attempts
14:30:41 | MODULE   [error] Module-module-1 cannot be set to discharging
14:30:41 | LOAD     [warning] Query read attempt 1/1 failed for "CURR?" to Load-load
14:30:41 | LOAD     [error] Failed to query command "CURR?" from Load-load after 1 attempts
14:30:41 | LOAD     [error] Load-load did not return a set current
14:30:41 | LOAD     [error] Load-load failed to query current state
14:30:41 | SERIAL   [error] Failed to write "STATE?
" to /dev/ttyUSB2: Bad file descriptor
14:30:41 | MODULE   [warning] Write attempt 1/3 failed for command "STATE?" to Module-module-1
14:30:41 | SERIAL   [error] Failed to write "STATE?
" to /dev/ttyUSB2: Bad file descriptor
14:30:41 | MODULE   [warning] Write attempt 2/3 failed for command "STATE?" to Module-module-1
14:30:41 | SERIAL   [error] Failed to write "STATE?
" to /dev/ttyUSB2: Bad file descriptor
14:30:41 | MODULE   [warning] Write attempt 3/3 failed for command "STATE?" to Module-module-1
14:30:41 | MODULE   [error] Failed to write command "STATE?" to Module-module-1 after 3 attempts
14:30:41 | MODULE   [warning] Query write attempt 1/1 failed for "STATE?" to Module-module-1
14:30:41 | MODULE   [error] Failed to query command "STATE?" from Module-module-1 after 1 attempts
14:30:41 | MODULE   [error] Module-module-1 did not return a state
14:30:41 | SERIAL   [error] Failed to write "STATE DISCHARGE
" to /dev/ttyUSB2: Bad file descriptor
14:30:41 | MODULE   [warning] Write attempt 1/3 failed for command "STATE DISCHARGE" to Module-module-1
14:30:41 | SERIAL   [error] Failed to write "STATE DISCHARGE
" to /dev/ttyUSB2: Bad file descriptor
14:30:41 | MODULE   [warning] Write attempt 2/3 failed for command "STATE DISCHARGE" to Module-module-1
14:30:41 | SERIAL   [error] Failed to write "STATE DISCHARGE
" to /dev/ttyUSB2: Bad file descriptor
14:30:41 | MODULE   [warning] Write attempt 3/3 failed for command "STATE DISCHARGE" to Module-module-1
14:30:41 | MODULE   [error] Failed to write command "STATE DISCHARGE" to Module-module-1 after 3 attempts
14:30:41 | MODULE   [error] Module-module-1 cannot be set to discharging
14:30:41 | LOAD     [warning] Query read attempt 1/1 failed for "CURR?" to Load-load
14:30:41 | LOAD     [error] Failed to query command "CURR?" from Load-load after 1 attempts
14:30:41 | LOAD     [error] Load-load did not return a set current
14:30:41 | LOAD     [error] Load-load failed to query current state
14:30:41 | SERIAL   [error] Failed to write "STATE?
" to /dev/ttyUSB2: Bad file descriptor
14:30:41 | MODULE   [warning] Write attempt 1/3 failed for command "STATE?" to Module-module-1
14:30:41 | SERIAL   [error] Failed to write "STATE?
" to /dev/ttyUSB2: Bad file descriptor
14:30:41 | MODULE   [warning] Write attempt 2/3 failed for command "STATE?" to Module-module-1
14:30:41 | SERIAL   [error] Failed to write "STATE?
" to /dev/ttyUSB2: Bad file descriptor
14:30:41 | MODULE   [warning] Write attempt 3/3 failed for command "STATE?" to Module-module-1
14:30:41 | MODULE   [error] Failed to write command "STATE?" to Module-module-1 after 3 attempts
14:30:41 | MODULE   [warning] Query write attempt 1/1 failed for "STATE?" to Module-module-1
14:30:41 | MODULE   [error] Failed to query command "STATE?" from Module-module-1 after 1 attempts
14:30:41 | MODULE   [error] Module-module-1 did not return a state
14:30:41 | SERIAL   [error] Failed to write "STATE DISCHARGE
" to /dev/ttyUSB2: Bad file descriptor
14:30:41 | MODULE   [warning] Write attempt 1/3 failed for command "STATE DISCHARGE" to Module-module-1
14:30:41 | SERIAL   [error] Failed to write "STATE DISCHARGE
" to /dev/ttyUSB2: Bad file descriptor
14:30:41 | MODULE   [warning] Write attempt 2/3 failed for command "STATE DISCHARGE" to Module-module-1
14:30:41 | SERIAL   [error] Failed to write "STATE DISCHARGE
" to /dev/ttyUSB2: Bad file descriptor
14:30:41 | MODULE   [warning] Write attempt 3/3 failed for command "STATE DISCHARGE" to Module-module-1
14:30:41 | MODULE   [error] Failed to write command "STATE DISCHARGE" to Module-module-1 after 3 attempts
14:30:41 | MODULE   [error] Module-module-1 cannot be set to discharging
14:30:41 | LOAD     [warning] Query read attempt 1/1 failed for "CURR?" to Load-load
14:30:41 | LOAD     [error] Failed to query command "CURR?" from Load-load after 1 attempts
14:30:41 | LOAD     [error] Load-load did not return a set current
14:30:41 | LOAD     [error] Load-load failed to query current state
14:30:41 | SERIAL   [error] Failed to write "STATE?
" to /dev/ttyUSB2: Bad file descriptor
14:30:41 | MODULE   [warning] Write attempt 1/3 failed for command "STATE?" to Module-module-1
14:30:41 | SERIAL   [error] Failed to write "STATE?
" to /dev/ttyUSB2: Bad file descriptor
14:30:41 | MODULE   [warning] Write attempt 2/3 failed for command "STATE?" to Module-module-1
14:30:41 | SERIAL   [error] Failed to write "STATE?
" to /dev/ttyUSB2: Bad file descriptor
14:30:41 | MODULE   [warning] Write attempt 3/3 failed for command "STATE?" to Module-module-1
14:30:41 | MODULE   [error] Failed to write command "STATE?" to Module-module-1 after 3 attempts
14:30:41 | MODULE   [warning] Query write attempt 1/1 failed for "STATE?" to Module-module-1
14:30:41 | MODULE   [error] Failed to query command "STATE?" from Module-module-1 after 1 attempts
14:30:41 | MODULE   [error] Module-module-1 did not return a state
14:30:41 | SERIAL   [error] Failed to write "STATE DISCHARGE
" to /dev/ttyUSB2: Bad file descriptor
14:30:41 | MODULE   [warning] Write attempt 1/3 failed for command "STATE DISCHARGE" to Module-module-1
14:30:41 | SERIAL   [error] Failed to write "STATE DISCHARGE
" to /dev/ttyUSB2: Bad file descriptor
14:30:41 | MODULE   [warning] Write attempt 2/3 failed for command "STATE DISCHARGE" to Module-module-1
14:30:41 | SERIAL   [error] Failed to write "STATE DISCHARGE
" to /dev/ttyUSB2: Bad file descriptor
14:30:41 | MODULE   [warning] Write attempt 3/3 failed for command "STATE DISCHARGE" to Module-module-1
14:30:41 | MODULE   [error] Failed to write command "STATE DISCHARGE" to Module-module-1 after 3 attempts
14:30:41 | MODULE   [error] Module-module-1 cannot be set to discharging
14:30:41 | CHANNEL  [info] Channel 2 ending step 1: duration limit reached (1 / 1 s)
14:30:41 | SERIAL   [error] Failed to write "STATE DISCHARGE
" to /dev/ttyUSB2: Bad file descriptor
14:30:41 | MODULE   [warning] Write attempt 1/3 failed for command "STATE DISCHARGE" to Module-module-1
14:30:41 | SERIAL   [error] Failed to write "STATE DISCHARGE
" to /dev/ttyUSB2: Bad file descriptor
14:30:41 | MODULE   [warning] Write attempt 2/3 failed for command "STATE DISCHARGE" to Module-module-1
14:30:41 | SERIAL   [error] Failed to write "STATE DISCHARGE
" to /dev/ttyUSB2: Bad file descriptor
14:30:41 | MODULE   [warning] Write attempt 3/3 failed for command "STATE DISCHARGE" to Module-module-1
14:30:41 | MODULE   [error] Failed to write command "STATE DISCHARGE" to Module-module-1 after 3 attempts
14:30:41 | MODULE   [error] Module-module-1 cannot be set to discharging
14:30:41 | CHANNEL  [info] Channel 2 starting discharge: 1.000 A, cutoff -3.000 V, max 1 s
14:30:41 | LOAD     [warning] Query read attempt 1/1 failed for "CURR?" to Load-load
14:30:41 | LOAD     [error] Failed to query command "CURR?" from Load-load after 1 attempts
14:30:41 | LOAD     [error] Load-load did not return a set current
14:30:41 | LOAD     [error] Load-load failed to query current state
14:30:41 | SERIAL   [error] Failed to write "STATE?
" to /dev/ttyUSB2: Bad file descriptor
14:30:41 | MODULE   [warning] Write attempt 1/3 failed for command "STATE?" to Module-module-1
14:30:41 | SERIAL   [error] Failed to write "STATE?
" to /dev/ttyUSB2: Bad file descriptor
14:30:41 | MODULE   [warning] Write attempt 2/3 failed for command "STATE?" to Module-module-1
14:30:41 | SERIAL   [error] Failed to write "STATE?
" to /dev/ttyUSB2: Bad file descriptor
14:30:41 | MODULE   [warning] Write attempt 3/3 failed for command "STATE?" to Module-module-1
14:30:41 | MODULE   [error] Failed to write command "STATE?" to Module-module-1 after 3 attempts
14:30:41 | MODULE   [warning] Query write attempt 1/1 failed for "STATE?" to Module-module-1
14:30:41 | MODULE   [error] Failed to query command "STATE?" from Module-module-1 after 1 attempts
14:30:41 | MODULE   [error] Module-module-1 did not return a state
14:30:41 | SERIAL   [error] Failed to write "STATE DISCHARGE
" to /dev/ttyUSB2: Bad file descriptor
14:30:41 | MODULE   [warning] Write attempt 1/3 failed for command "STATE DISCHARGE" to Module-module-1
14:30:41 | SERIAL   [error] Failed to write "STATE DISCHARGE
" to /dev/ttyUSB2: Bad file descriptor
14:30:41 | MODULE   [warning] Writ14:30:58 | CHANNEL  [info] Channel 2 starting charge: 4.200 V, 1.000 A, cutoff 0.100 V, max 1 s
14:31:01 | CHANNEL  [info] Channel 2 ending step 0: duration limit reached (3 / 1 s)
14:31:01 | CHANNEL  [info] Channel 2 starting rest: max 1 s
14:31:04 | CHANNEL  [info] Channel 2 ending step 1: duration limit reached (3 / 1 s)
14:31:04 | CHANNEL  [info] Channel 2 starting discharge: 1.000 A, cutoff -3.000 V, max 1 s
14:31:08 | CHANNEL  [info] Channel 2 ending step 2: duration limit reached (3 / 1 s)
14:31:08 | CHANNEL  [info] Channel 2 starting rest: max 1 s
14:31:11 | CHANNEL  [info] Channel 2 ending step 3: duration limit reached (3 / 1 s)
14:31:11 | CHANNEL  [info] Channel 2 repeating from step 0 (1/3)
14:31:11 | CHANNEL  [info] Channel 2 ending step 0: duration limit reached (3 / 1 s)
14:31:11 | CHANNEL  [info] Channel 2 starting rest: max 1 s
14:31:14 | CHANNEL  [info] Channel 2 ending step 1: duration limit reached (3 / 1 s)
14:31:14 | CHANNEL  [info] Channel 2 starting discharge: 1.000 A, cutoff -3.000 V, max 1 s
14:31:18 | CHANNEL  [info] Channel 2 ending step 2: duration limit reached (3 / 1 s)
14:31:18 | CHANNEL  [info] Channel 2 starting rest: max 1 s
14:31:21 | CHANNEL  [info] Channel 2 ending step 3: duration limit reached (3 / 1 s)
14:31:21 | CHANNEL  [info] Channel 2 repeating from step 0 (2/3)
14:31:21 | CHANNEL  [info] Channel 2 ending step 0: duration limit reached (3 / 1 s)
14:31:21 | CHANNEL  [info] Channel 2 starting rest: max 1 s
14:31:24 | CHANNEL  [info] Channel 2 ending step 1: duration limit reached (3 / 1 s)
14:31:24 | CHANNEL  [info] Channel 2 starting discharge: 1.000 A, cutoff -3.000 V, max 1 s
14:31:28 | CHANNEL  [info] Channel 2 ending step 2: duration limit reached (3 / 1 s)
14:31:28 | CHANNEL  [info] Channel 2 starting rest: max 1 s
14:31:31 | CHANNEL  [info] Channel 2 ending step 3: duration limit reached (3 / 1 s)
14:31:31 | CHANNEL  [info] Channel 2 repeating from step 0 (3/3)
14:31:31 | CHANNEL  [info] Channel 2 ending step 0: duration limit reached (3 / 1 s)
14:31:31 | CHANNEL  [info] Channel 2 starting rest: max 1 s
14:31:34 | CHANNEL  [info] Channel 2 ending step 1: duration limit reached (3 / 1 s)
14:31:34 | CHANNEL  [info] Channel 2 starting discharge: 1.000 A, cutoff -3.000 V, max 1 s
14:31:38 | CHANNEL  [info] Channel 2 ending step 2: duration limit reached (3 / 1 s)
14:31:38 | CHANNEL  [info] Channel 2 starting rest: max 1 s
14:31:41 | CHANNEL  [info] Channel 2 ending step 3: duration limit reached (3 / 1 s)
14:31:41 | CHANNEL  [info] Channel 2 completing goto step after 3 repeat(s)
14:31:41 | CHANNEL  [info] Channel 2 ending experiment: all steps completed
14:31:41 | CHANNEL  [info] Channel 2 ending step 0: duration limit reached (3 / 1 s)
14:35:07 | CHANNEL  [info] Channel 2 starting charge: 4.200 V, 1.000 A, cutoff 0.100 V, max 1 s
14:35:07 | CHANNEL  [info] Channel 2 ending charge step: supply voltage 4.140 V reached cutoff 0.100 V
14:35:07 | CHANNEL  [info] Channel 2 starting rest: max 1 s
14:35:08 | CHANNEL  [info] Channel 2 ending step 1: duration limit reached (1 / 1 s)
14:35:08 | CHANNEL  [info] Channel 2 starting discharge: 1.000 A, cutoff -3.000 V, max 1 s
14:35:10 | CHANNEL  [info] Channel 2 ending step 2: duration limit reached (1 / 1 s)
14:35:10 | CHANNEL  [info] Channel 2 starting rest: max 1 s
14:35:11 | CHANNEL  [info] Channel 2 ending step 3: duration limit reached (1 / 1 s)
14:35:11 | CHANNEL  [info] Channel 2 repeating from step 0 (1/3)
14:35:11 | CHANNEL  [info] Channel 2 ending step 0: duration limit reached (1 / 1 s)
14:35:11 | CHANNEL  [info] Channel 2 starting rest: max 1 s
14:35:12 | CHANNEL  [info] Channel 2 ending step 1: duration limit reached (1 / 1 s)
14:35:12 | CHANNEL  [info] Channel 2 starting discharge: 1.000 A, cutoff -3.000 V, max 1 s
14:35:13 | CHANNEL  [info] Channel 2 ending step 2: duration limit reached (1 / 1 s)
14:35:13 | CHANNEL  [info] Channel 2 starting rest: max 1 s
14:35:14 | CHANNEL  [info] Channel 2 ending step 3: duration limit reached (1 / 1 s)
14:35:14 | CHANNEL  [info] Channel 2 repeating from step 0 (2/3)
14:35:14 | CHANNEL  [info] Channel 2 ending step 0: duration limit reached (1 / 1 s)
14:35:14 | CHANNEL  [info] Channel 2 starting rest: max 1 s
14:35:15 | CHANNEL  [info] Channel 2 ending step 1: duration limit reached (1 / 1 s)
14:35:15 | CHANNEL  [info] Channel 2 starting discharge: 1.000 A, cutoff -3.000 V, max 1 s
14:35:16 | CHANNEL  [info] Channel 2 ending step 2: duration limit reached (1 / 1 s)
14:35:16 | CHANNEL  [info] Channel 2 starting rest: max 1 s
14:35:17 | CHANNEL  [info] Channel 2 ending step 3: duration limit reached (1 / 1 s)
14:35:17 | CHANNEL  [info] Channel 2 repeating from step 0 (3/3)
14:35:17 | CHANNEL  [info] Channel 2 ending step 0: duration limit reached (1 / 1 s)
14:35:17 | CHANNEL  [info] Channel 2 starting rest: max 1 s
14:35:19 | CHANNEL  [info] Channel 2 ending step 1: duration limit reached (1 / 1 s)
14:35:19 | CHANNEL  [info] Channel 2 starting discharge: 1.000 A, cutoff -3.000 V, max 1 s
14:35:20 | CHANNEL  [info] Channel 2 ending step 2: duration limit reached (1 / 1 s)
14:35:20 | CHANNEL  [info] Channel 2 starting rest: max 1 s
14:35:21 | CHANNEL  [info] Channel 2 ending step 3: duration limit reached (1 / 1 s)
14:35:21 | CHANNEL  [info] Channel 2 completing goto step after 3 repeat(s)
14:35:21 | CHANNEL  [info] Channel 2 ending experiment: all steps completed
14:35:21 | CHANNEL  [info] Channel 2 ending step 0: duration limit reached (1 / 1 s)
14:42:32 | CHANNEL  [info] Channel 2 starting charge: 4.200 V, 1.000 A, cutoff 0.100 V, max 1 s
14:42:33 | CHANNEL  [info] Channel 2 ending charge step: supply voltage 4.140 V reached cutoff 0.100 V
14:42:33 | CHANNEL  [info] Channel 2 starting rest: max 1 s
14:42:34 | CHANNEL  [info] Channel 2 ending step 1: duration limit reached (1 / 1 s)
14:42:34 | CHANNEL  [info] Channel 2 starting discharge: 1.000 A, cutoff -3.000 V, max 1 s
14:42:35 | CHANNEL  [info] Channel 2 ending step 2: duration limit reached (1 / 1 s)
14:42:35 | CHANNEL  [info] Channel 2 starting rest: max 1 s
14:42:36 | CHANNEL  [info] Channel 2 ending step 3: duration limit reached (1 / 1 s)
14:42:36 | CHANNEL  [info] Channel 2 repeating from step 0 (1/3)
14:42:36 | CHANNEL  [info] Channel 2 ending step 0: duration limit reached (1 / 1 s)
14:42:36 | CHANNEL  [info] Channel 2 starting rest: max 1 s
14:42:37 | CHANNEL  [info] Channel 2 ending step 1: duration limit reached (1 / 1 s)
14:42:37 | CHANNEL  [info] Channel 2 starting discharge: 1.000 A, cutoff -3.000 V, max 1 s
14:42:38 | CHANNEL  [info] Channel 2 ending step 2: duration limit reached (1 / 1 s)
14:42:38 | CHANNEL  [info] Channel 2 starting rest: max 1 s
14:42:39 | CHANNEL  [info] Channel 2 ending step 3: duration limit reached (1 / 1 s)
14:42:39 | CHANNEL  [info] Channel 2 repeating from step 0 (2/3)
14:42:39 | CHANNEL  [info] Channel 2 ending step 0: duration limit reached (1 / 1 s)
14:42:39 | CHANNEL  [info] Channel 2 starting rest: max 1 s
14:42:40 | CHANNEL  [info] Channel 2 ending step 1: duration limit reached (1 / 1 s)
14:42:40 | CHANNEL  [info] Channel 2 starting discharge: 1.000 A, cutoff -3.000 V, max 1 s
14:42:42 | CHANNEL  [info] Channel 2 ending step 2: duration limit reached (1 / 1 s)
14:42:42 | CHANNEL  [info] Channel 2 starting rest: max 1 s
14:42:43 | CHANNEL  [info] Channel 2 ending step 3: duration limit reached (1 / 1 s)
14:42:43 | CHANNEL  [info] Channel 2 repeating from step 0 (3/3)
14:42:43 | CHANNEL  [info] Channel 2 ending step 0: duration limit reached (1 / 1 s)
14:42:43 | CHANNEL  [info] Channel 2 starting rest: max 1 s
14:42:44 | CHANNEL  [info] Channel 2 ending step 1: duration limit reached (1 / 1 s)
14:42:44 | CHANNEL  [info] Channel 2 starting discharge: 1.000 A, cutoff -3.000 V, max 1 s
14:42:45 | CHANNEL  [info] Channel 2 ending step 2: duration limit reached (1 / 1 s)
14:42:45 | CHANNEL  [info] Channel 2 starting rest: max 1 s
14:42:46 | CHANNEL  [info] Channel 2 ending step 3: duration limit reached (1 / 1 s)
14:42:46 | CHANNEL  [info] Channel 2 completing goto step after 3 repeat(s)
14:42:46 | CHANNEL  [info] Channel 2 ending experiment: all steps completed
14:42:46 | CHANNEL  [info] Channel 2 ending step 0: duration limit reached (1 / 1 s)
14:46:12 | CHANNEL  [info] Channel 2 starting charge: 4.200 V, 1.000 A, cutoff 0.100 V, max 1 s
14:46:12 | CHANNEL  [info] Channel 2 ending charge step: supply voltage 1.540 V reached cutoff 0.100 V
14:46:12 | CHANNEL  [info] Channel 2 starting rest: max 1 s
14:46:13 | CHANNEL  [info] Channel 2 ending step 1: duration limit reached (1 / 1 s)
14:46:13 | CHANNEL  [info] Channel 2 starting discharge: 1.000 A, cutoff -3.000 V, max 1 s
14:46:14 | CHANNEL  [info] Channel 2 ending step 2: duration limit reached (1 / 1 s)
14:46:14 | CHANNEL  [info] Channel 2 starting rest: max 1 s
14:46:15 | CHANNEL  [info] Channel 2 ending step 3: duration limit reached (1 / 1 s)
14:46:15 | CHANNEL  [info] Channel 2 repeating from step 0 (1/3)
14:46:15 | CHANNEL  [info] Channel 2 ending step 0: duration limit reached (1 / 1 s)
14:46:15 | CHANNEL  [info] Channel 2 starting rest: max 1 s
14:46:17 | CHANNEL  [info] Channel 2 ending step 1: duration limit reached (1 / 1 s)
14:46:17 | CHANNEL  [info] Channel 2 starting discharge: 1.000 A, cutoff -3.000 V, max 1 s
14:46:18 | CHANNEL  [info] Channel 2 ending step 2: duration limit reached (1 / 1 s)
14:46:18 | CHANNEL  [info] Channel 2 starting rest: max 1 s
14:46:19 | CHANNEL  [info] Channel 2 ending step 3: duration limit reached (1 / 1 s)
14:46:19 | CHANNEL  [info] Channel 2 repeating from step 0 (2/3)
14:46:19 | CHANNEL  [info] Channel 2 ending step 0: duration limit reached (1 / 1 s)
14:46:19 | CHANNEL  [info] Channel 2 starting rest: max 1 s
14:46:20 | CHANNEL  [info] Channel 2 ending step 1: duration limit reached (1 / 1 s)
14:46:20 | CHANNEL  [info] Channel 2 starting discharge: 1.000 A, cutoff -3.000 V, max 1 s
14:46:21 | CHANNEL  [info] Channel 2 ending step 2: duration limit reached (1 / 1 s)
14:46:21 | CHANNEL  [info] Channel 2 starting rest: max 1 s
14:46:22 | CHANNEL  [info] Channel 2 ending step 3: duration limit reached (1 / 1 s)
14:46:22 | CHANNEL  [info] Channel 2 repeating from step 0 (3/3)
14:46:22 | CHANNEL  [info] Channel 2 ending step 0: duration limit reached (1 / 1 s)
14:46:22 | CHANNEL  [info] Channel 2 starting rest: max 1 s
14:46:23 | CHANNEL  [info] Channel 2 ending step 1: duration limit reached (1 / 1 s)
14:46:23 | CHANNEL  [info] Channel 2 starting discharge: 1.000 A, cutoff -3.000 V, max 1 s
14:46:24 | CHANNEL  [info] Channel 2 ending step 2: duration limit reached (1 / 1 s)
14:46:24 | CHANNEL  [info] Channel 2 starting rest: max 1 s
14:46:26 | CHANNEL  [info] Channel 2 ending step 3: duration limit reached (1 / 1 s)
14:46:26 | CHANNEL  [info] Channel 2 completing goto step after 3 repeat(s)
14:46:26 | CHANNEL  [info] Channel 2 ending experiment: all steps completed
14:46:26 | CHANNEL  [info] Channel 2 ending step 0: duration limit reached (1 / 1 s)
14:47:26 | CHANNEL  [info] Channel 2 starting charge: 4.200 V, 1.000 A, cutoff 10.000 V, max 10 s
14:47:36 | CHANNEL  [info] Channel 2 ending step 0: duration limit reached (10 / 10 s)
14:47:36 | CHANNEL  [info] Channel 2 starting discharge: 1.000 A, cutoff -3.000 V, max 1 s
14:47:37 | CHANNEL  [info] Channel 2 ending step 1: duration limit reached (1 / 1 s)
14:47:37 | CHANNEL  [info] Channel 2 repeating from step 0 (1/3)
14:47:37 | CHANNEL  [info] Channel 2 ending step 0: duration limit reached (1 / 1 s)
14:47:37 | CHANNEL  [info] Channel 2 starting discharge: 1.000 A, cutoff -3.000 V, max 1 s
14:47:38 | CHANNEL  [info] Channel 2 ending step 1: duration limit reached (1 / 1 s)
14:47:38 | CHANNEL  [info] Channel 2 repeating from step 0 (2/3)
14:47:38 | CHANNEL  [info] Channel 2 ending step 0: duration limit reached (1 / 1 s)
14:47:38 | CHANNEL  [info] Channel 2 starting discharge: 1.000 A, cutoff -3.000 V, max 1 s
14:47:39 | CHANNEL  [info] Channel 2 ending step 1: duration limit reached (1 / 1 s)
14:47:39 | CHANNEL  [info] Channel 2 repeating from step 0 (3/3)
14:47:39 | CHANNEL  [info] Channel 2 ending step 0: duration limit reached (1 / 1 s)
14:47:39 | CHANNEL  [info] Channel 2 starting discharge: 1.000 A, cutoff -3.000 V, max 1 s
14:47:41 | CHANNEL  [info] Channel 2 ending step 1: duration limit reached (1 / 1 s)
14:47:41 | CHANNEL  [info] Channel 2 completing goto step after 3 repeat(s)
14:47:41 | CHANNEL  [info] Channel 2 ending experiment: all steps completed
14:47:41 | CHANNEL  [info] Channel 2 ending step 0: duration limit reached (1 / 1 s)
14:48:49 | CHANNEL  [info] Channel 2 starting charge: 4.200 V, 1.000 A, cutoff 10.000 V, max 10 s
14:48:59 | CHANNEL  [info] Channel 2 ending step 0: duration limit reached (10 / 10 s)
14:48:59 | CHANNEL  [info] Channel 2 starting discharge: 1.000 A, cutoff -3.000 V, max 5 s
14:49:04 | CHANNEL  [info] Channel 2 ending step 1: duration limit reached (5 / 5 s)
14:49:04 | CHANNEL  [info] Channel 2 repeating from step 0 (1/3)
14:49:04 | CHANNEL  [info] Channel 2 ending step 0: duration limit reached (5 / 5 s)
14:49:04 | CHANNEL  [info] Channel 2 starting discharge: 1.000 A, cutoff -3.000 V, max 5 s
14:49:09 | CHANNEL  [info] Channel 2 ending step 1: duration limit reached (5 / 5 s)
14:49:09 | CHANNEL  [info] Channel 2 repeating from step 0 (2/3)
14:49:09 | CHANNEL  [info] Channel 2 ending step 0: duration limit reached (5 / 5 s)
14:49:09 | CHANNEL  [info] Channel 2 starting discharge: 1.000 A, cutoff -3.000 V, max 5 s
14:49:14 | CHANNEL  [info] Channel 2 ending step 1: duration limit reached (5 / 5 s)
14:49:14 | CHANNEL  [info] Channel 2 repeating from step 0 (3/3)
14:49:14 | CHANNEL  [info] Channel 2 ending step 0: duration limit reached (5 / 5 s)
14:49:14 | CHANNEL  [info] Channel 2 starting discharge: 1.000 A, cutoff -3.000 V, max 5 s
14:49:19 | CHANNEL  [info] Channel 2 ending step 1: duration limit reached (5 / 5 s)
14:49:19 | CHANNEL  [info] Channel 2 completing goto step after 3 repeat(s)
14:49:19 | CHANNEL  [info] Channel 2 ending experiment: all steps completed
14:49:19 | CHANNEL  [info] Channel 2 ending step 0: duration limit reached (5 / 5 s)
15:04:37 | CHANNEL  [info] Channel 2 starting charge: 4.200 V, 1.000 A, cutoff 10.000 V, max 10 s
15:04:47 | CHANNEL  [info] Channel 2 ending step 0: duration limit reached (10 / 10 s)
15:04:47 | CHANNEL  [info] Channel 2 starting discharge: 1.000 A, cutoff -3.000 V, max 5 s
15:04:52 | CHANNEL  [info] Channel 2 ending step 1: duration limit reached (5 / 5 s)
15:04:52 | CHANNEL  [info] Channel 2 repeating from step 0 (1/3)
15:04:52 | CHANNEL  [info] Channel 2 starting charge: 4.200 V, 1.000 A, cutoff 10.000 V, max 10 s
15:05:02 | CHANNEL  [info] Channel 2 ending step 0: duration limit reached (10 / 10 s)
15:05:02 | CHANNEL  [info] Channel 2 starting discharge: 1.000 A, cutoff -3.000 V, max 5 s
15:05:08 | CHANNEL  [info] Channel 2 ending step 1: duration limit reached (5 / 5 s)
15:05:08 | CHANNEL  [info] Channel 2 repeating from step 0 (2/3)
15:05:08 | CHANNEL  [info] Channel 2 starting charge: 4.200 V, 1.000 A, cutoff 10.000 V, max 10 s
15:05:18 | CHANNEL  [info] Channel 2 ending step 0: duration limit reached (10 / 10 s)
15:05:18 | CHANNEL  [info] Channel 2 starting discharge: 1.000 A, cutoff -3.000 V, max 5 s
15:05:23 | CHANNEL  [info] Channel 2 ending step 1: duration limit reached (5 / 5 s)
15:05:23 | CHANNEL  [info] Channel 2 repeating from step 0 (3/3)
15:05:23 | CHANNEL  [info] Channel 2 starting charge: 4.200 V, 1.000 A, cutoff 10.000 V, max 10 s
15:05:33 | CHANNEL  [info] Channel 2 ending step 0: duration limit reached (10 / 10 s)
15:05:33 | CHANNEL  [info] Channel 2 starting discharge: 1.000 A, cutoff -3.000 V, max 5 s
15:05:38 | CHANNEL  [info] Channel 2 ending step 1: duration limit reached (5 / 5 s)
15:05:38 | CHANNEL  [info] Channel 2 completing goto step after 3 repeat(s)
15:05:38 | CHANNEL  [info] Channel 2 ending experiment: all steps completed
15:05:38 | CHANNEL  [info] Channel 2 ending step 0: duration limit reached (5 / 5 s)
15:08:06 | CHANNEL  [info] Channel 2 starting charge: 4.200 V, 1.000 A, cutoff 10.000 V, max 10 s
15:08:16 | CHANNEL  [info] Channel 2 ending step 0: duration limit reached (10 / 10 s)
15:08:16 | CHANNEL  [info] Channel 2 starting discharge: 1.000 A, cutoff -3.000 V, max 5 s
15:08:21 | CHANNEL  [info] Channel 2 ending step 1: duration limit reached (5 / 5 s)
15:08:21 | CHANNEL  [info] Channel 2 repeating from step 0 (1/3)
15:08:21 | CHANNEL  [info] Channel 2 ending step 1: duration limit reached (5 / 5 s)
15:08:21 | CHANNEL  [info] Channel 2 repeating from step 0 (2/3)
15:08:21 | CHANNEL  [info] Channel 2 ending step 1: duration limit reached (5 / 5 s)
15:08:21 | CHANNEL  [info] Channel 2 repeating from step 0 (3/3)
15:08:21 | CHANNEL  [info] Channel 2 ending step 1: duration limit reached (5 / 5 s)
15:08:21 | CHANNEL  [info] Channel 2 completing goto step after 3 repeat(s)
15:08:21 | CHANNEL  [info] Channel 2 ending experiment: all steps completed
15:08:21 | CHANNEL  [info] Channel 2 ending step 0: duration limit reached (5 / 5 s)
15:15:10 | CHANNEL  [info] Channel 2 starting charge: 4.200 V, 1.000 A, cutoff 10.000 V, max 10 s
15:15:20 | CHANNEL  [info] Channel 2 ending step 0: duration limit reached (10 / 10 s)
15:15:20 | CHANNEL  [info] Channel 2 starting discharge: 1.000 A, cutoff -3.000 V, max 5 s
15:15:25 | CHANNEL  [info] Channel 2 ending step 1: duration limit reached (5 / 5 s)
15:15:25 | CHANNEL  [info] Channel 2 repeating from step 0 (1/3)
15:15:25 | CHANNEL  [info] Channel 2 starting charge: 4.200 V, 1.000 A, cutoff 10.000 V, max 10 s
15:15:35 | CHANNEL  [info] Channel 2 ending step 0: duration limit reached (10 / 10 s)
15:15:35 | CHANNEL  [info] Channel 2 starting discharge: 1.000 A, cutoff -3.000 V, max 5 s
15:15:40 | CHANNEL  [info] Channel 2 ending step 1: duration limit reached (5 / 5 s)
15:15:40 | CHANNEL  [info] Channel 2 repeating from step 0 (2/3)
15:15:40 | CHANNEL  [info] Channel 2 starting charge: 4.200 V, 1.000 A, cutoff 10.000 V, max 10 s
15:15:50 | CHANNEL  [info] Channel 2 ending step 0: duration limit reached (10 / 10 s)
15:15:50 | CHANNEL  [info] Channel 2 starting discharge: 1.000 A, cutoff -3.000 V, max 5 s
15:15:56 | CHANNEL  [info] Channel 2 ending step 1: duration limit reached (5 / 5 s)
15:15:56 | CHANNEL  [info] Channel 2 repeating from step 0 (3/3)
15:15:56 | CHANNEL  [info] Channel 2 starting charge: 4.200 V, 1.000 A, cutoff 10.000 V, max 10 s
15:16:06 | CHANNEL  [info] Channel 2 ending step 0: duration limit reached (10 / 10 s)
15:16:06 | CHANNEL  [info] Channel 2 starting discharge: 1.000 A, cutoff -3.000 V, max 5 s
15:16:11 | CHANNEL  [info] Channel 2 ending step 1: duration limit reached (5 / 5 s)
15:16:11 | CHANNEL  [info] Channel 2 completing goto step after 3 repeat(s)
15:16:11 | CHANNEL  [info] Channel 2 ending experiment: all steps completed
15:20:39 | CHANNEL  [info] Channel 2 starting charge: 4.200 V, 1.000 A, cutoff 4.200 V, max 10 s
15:20:41 | CHANNEL  [info] Channel 2 ending charge step: supply voltage 4.200 V reached cutoff 4.200 V
15:20:41 | CHANNEL  [info] Channel 2 starting rest: max 10 s
15:20:51 | CHANNEL  [info] Channel 2 ending step 1: duration limit reached (10 / 10 s)
15:20:51 | CHANNEL  [info] Channel 2 starting discharge: 1.000 A, cutoff 3.000 V, max 10 s
15:20:52 | CHANNEL  [info] Channel 2 ending discharge step: load voltage 0.000 V reached cutoff 3.000 V
15:20:52 | CHANNEL  [info] Channel 2 repeating from step 0 (1/1)
15:20:52 | CHANNEL  [info] Channel 2 starting charge: 4.200 V, 1.000 A, cutoff 4.200 V, max 10 s
15:20:53 | CHANNEL  [info] Channel 2 ending charge step: supply voltage 4.200 V reached cutoff 4.200 V
15:20:53 | CHANNEL  [info] Channel 2 starting rest: max 10 s
15:21:03 | CHANNEL  [info] Channel 2 ending step 1: duration limit reached (10 / 10 s)
15:21:03 | CHANNEL  [info] Channel 2 starting discharge: 1.000 A, cutoff 3.000 V, max 10 s
15:21:04 | CHANNEL  [info] Channel 2 ending discharge step: load voltage 0.000 V reached cutoff 3.000 V
15:21:04 | CHANNEL  [info] Channel 2 completing goto step after 1 repeat(s)
15:21:04 | CHANNEL  [info] Channel 2 starting rest: max 10 s
15:21:14 | CHANNEL  [info] Channel 2 ending step 4: duration limit reached (10 / 10 s)
15:21:14 | CHANNEL  [info] Channel 2 starting charge: 4.100 V, 0.500 A, cutoff 4.100 V, max 10 s
15:21:15 | CHANNEL  [info] Channel 2 ending charge step: supply voltage 4.100 V reached cutoff 4.100 V
15:21:15 | CHANNEL  [info] Channel 2 starting discharge: 0.500 A, cutoff 3.200 V, max 10 s
15:21:16 | CHANNEL  [info] Channel 2 ending discharge step: load voltage 0.000 V reached cutoff 3.200 V
15:21:16 | CHANNEL  [info] Channel 2 repeating from step 5 (1/2)
15:21:16 | CHANNEL  [info] Channel 2 starting charge: 4.100 V, 0.500 A, cutoff 4.100 V, max 10 s
15:21:17 | CHANNEL  [info] Channel 2 ending charge step: supply voltage 4.100 V reached cutoff 4.100 V
15:21:17 | CHANNEL  [info] Channel 2 starting discharge: 0.500 A, cutoff 3.200 V, max 10 s
15:21:17 | CHANNEL  [info] Channel 2 ending discharge step: load voltage 0.000 V reached cutoff 3.200 V
15:21:17 | CHANNEL  [info] Channel 2 repeating from step 5 (2/2)
15:21:17 | CHANNEL  [info] Channel 2 starting charge: 4.100 V, 0.500 A, cutoff 4.100 V, max 10 s
15:21:18 | CHANNEL  [info] Channel 2 ending charge step: supply voltage 4.100 V reached cutoff 4.100 V
15:21:18 | CHANNEL  [info] Channel 2 starting discharge: 0.500 A, cutoff 3.200 V, max 10 s
15:21:18 | CHANNEL  [info] Channel 2 ending discharge step: load voltage 0.000 V reached cutoff 3.200 V
15:21:18 | CHANNEL  [info] Channel 2 completing goto step after 2 repeat(s)
15:21:18 | CHANNEL  [info] Channel 2 ending experiment: all steps completed
15:44:02 | CHANNEL  [info] Channel 2 starting charge: 4.200 V, 1.000 A, cutoff 10.000 V, max 10 s
15:44:12 | CHANNEL  [info] Channel 2 ending step 0: duration limit reached (10 / 10 s)
15:44:12 | CHANNEL  [info] Channel 2 starting discharge: 1.000 A, cutoff -3.000 V, max 5 s
15:44:17 | CHANNEL  [info] Channel 2 ending step 1: duration limit reached (5 / 5 s)
15:44:17 | CHANNEL  [info] Channel 2 repeating from step 0 (1/3)
15:44:17 | CHANNEL  [info] Channel 2 starting charge: 4.200 V, 1.000 A, cutoff 10.000 V, max 10 s
15:44:27 | CHANNEL  [info] Channel 2 ending step 0: duration limit reached (10 / 10 s)
15:44:27 | CHANNEL  [info] Channel 2 starting discharge: 1.000 A, cutoff -3.000 V, max 5 s
15:44:32 | CHANNEL  [info] Channel 2 ending step 1: duration limit reached (5 / 5 s)
15:44:32 | CHANNEL  [info] Channel 2 repeating from step 0 (2/3)
15:44:32 | CHANNEL  [info] Channel 2 starting charge: 4.200 V, 1.000 A, cutoff 10.000 V, max 10 s
15:44:42 | CHANNEL  [info] Channel 2 ending step 0: duration limit reached (10 / 10 s)
15:44:42 | CHANNEL  [info] Channel 2 starting discharge: 1.000 A, cutoff -3.000 V, max 5 s
15:44:47 | CHANNEL  [info] Channel 2 ending step 1: duration limit reached (5 / 5 s)
15:44:47 | CHANNEL  [info] Channel 2 repeating from step 0 (3/3)
15:44:47 | CHANNEL  [info] Channel 2 starting charge: 4.200 V, 1.000 A, cutoff 10.000 V, max 10 s
15:44:58 | CHANNEL  [info] Channel 2 ending step 0: duration limit reached (10 / 10 s)
15:44:58 | CHANNEL  [info] Channel 2 starting discharge: 1.000 A, cutoff -3.000 V, max 5 s
15:45:03 | CHANNEL  [info] Channel 2 ending step 1: duration limit reached (5 / 5 s)
15:45:03 | CHANNEL  [info] Channel 2 completing goto step after 3 repeat(s)
15:45:03 | CHANNEL  [info] Channel 2 ending experiment: all steps completed
10:27:53 | CHANNEL  [debug] Channel 2 starting charge: 4.200 V, 1.000 A, cutoff 10.000 V, max 10 s
10:27:53 | CHANNEL  [debug] Channel 2 measurements: load=0.000 V, 0.000 A; supply=1.580 V, 0.097 A
10:27:53 | CHANNEL  [debug] Channel 2 measurements: load=0.000 V, 0.000 A; supply=4.110 V, 0.000 A
10:27:53 | CHANNEL  [debug] Channel 2 measurements: load=0.000 V, 0.000 A; supply=4.190 V, 0.000 A
10:27:54 | CHANNEL  [debug] Channel 2 measurements: load=0.000 V, 0.000 A; supply=4.190 V, 0.000 A
10:27:54 | CHANNEL  [debug] Channel 2 measurements: load=0.000 V, 0.000 A; supply=4.190 V, 0.000 A
10:27:54 | CHANNEL  [debug] Channel 2 measurements: load=0.000 V, 0.000 A; supply=4.190 V, 0.000 A
10:27:55 | CHANNEL  [debug] Channel 2 measurements: load=0.000 V, 0.000 A; supply=4.200 V, 0.000 A
10:27:55 | CHANNEL  [debug] Channel 2 measurements: load=0.000 V, 0.000 A; supply=4.200 V, 0.000 A
10:27:55 | CHANNEL  [debug] Channel 2 measurements: load=0.000 V, 0.000 A; supply=4.200 V, 0.000 A
10:27:55 | CHANNEL  [debug] Channel 2 measurements: load=0.000 V, 0.000 A; supply=4.200 V, 0.000 A
10:27:56 | CHANNEL  [debug] Channel 2 measurements: load=0.000 V, 0.000 A; supply=4.200 V, 0.000 A
10:27:56 | CHANNEL  [debug] Channel 2 measurements: load=0.000 V, 0.000 A; supply=4.200 V, 0.000 A
10:27:56 | CHANNEL  [debug] Channel 2 measurements: load=0.000 V, 0.000 A; supply=4.200 V, 0.000 A
10:27:57 | CHANNEL  [debug] Channel 2 measurements: load=0.000 V, 0.000 A; supply=4.200 V, 0.000 A
10:27:57 | CHANNEL  [debug] Channel 2 measurements: load=0.000 V, 0.000 A; supply=4.200 V, 0.000 A
10:27:57 | CHANNEL  [debug] Channel 2 measurements: load=0.000 V, 0.000 A; supply=4.200 V, 0.000 A
10:27:57 | CHANNEL  [debug] Channel 2 measurements: load=0.000 V, 0.000 A; supply=4.200 V, 0.000 A
10:27:58 | CHANNEL  [debug] Channel 2 measurements: load=0.000 V, 0.000 A; supply=4.200 V, 0.000 A
10:27:58 | CHANNEL  [debug] Channel 2 measurements: load=0.000 V, 0.000 A; supply=4.200 V, 0.000 A
10:27:58 | CHANNEL  [debug] Channel 2 measurements: load=0.000 V, 0.000 A; supply=4.200 V, 0.000 A
10:27:59 | CHANNEL  [debug] Channel 2 measurements: load=0.000 V, 0.000 A; supply=4.200 V, 0.000 A
10:27:59 | CHANNEL  [debug] Channel 2 measurements: load=0.000 V, 0.000 A; supply=4.200 V, 0.000 A
10:27:59 | CHANNEL  [debug] Channel 2 measurements: load=0.000 V, 0.000 A; supply=4.200 V, 0.000 A
10:27:59 | CHANNEL  [debug] Channel 2 measurements: load=0.000 V, 0.000 A; supply=4.200 V, 0.000 A
10:28:00 | CHANNEL  [debug] Channel 2 measurements: load=0.000 V, 0.000 A; supply=4.200 V, 0.000 A
10:28:00 | CHANNEL  [debug] Channel 2 measurements: load=0.000 V, 0.000 A; supply=4.200 V, 0.000 A
10:28:00 | CHANNEL  [debug] Channel 2 measurements: load=0.000 V, 0.000 A; supply=4.200 V, 0.000 A
10:28:00 | CHANNEL  [debug] Channel 2 measurements: load=0.000 V, 0.000 A; supply=4.200 V, 0.000 A
10:28:01 | CHANNEL  [debug] Channel 2 measurements: load=0.000 V, 0.000 A; supply=4.200 V, 0.000 A
10:28:01 | CHANNEL  [debug] Channel 2 measurements: load=0.000 V, 0.000 A; supply=4.200 V, 0.000 A
10:28:01 | CHANNEL  [debug] Channel 2 measurements: load=0.000 V, 0.000 A; supply=4.200 V, 0.000 A
10:28:02 | CHANNEL  [debug] Channel 2 measurements: load=0.000 V, 0.000 A; supply=4.200 V, 0.000 A
10:28:02 | CHANNEL  [debug] Channel 2 measurements: load=0.000 V, 0.000 A; supply=4.200 V, 0.000 A
10:28:02 | CHANNEL  [debug] Channel 2 measurements: load=0.000 V, 0.000 A; supply=4.200 V, 0.000 A
10:28:02 | CHANNEL  [debug] Channel 2 measurements: load=0.000 V, 0.000 A; supply=4.200 V, 0.000 A
10:28:03 | CHANNEL  [debug] Channel 2 measurements: load=0.000 V, 0.000 A; supply=4.200 V, 0.000 A
10:28:03 | CHANNEL  [debug] Channel 2 ending step 0: duration limit reached (10 / 10 s)
10:28:03 | CHANNEL  [debug] Channel 2 starting discharge: 1.000 A, cutoff -3.000 V, max 5 s
10:28:03 | CHANNEL  [debug] Channel 2 measurements: load=0.000 V, 0.000 A; supply=3.380 V, 0.000 A
10:28:03 | CHANNEL  [debug] Channel 2 measurements: load=0.000 V, 0.000 A; supply=0.020 V, 0.000 A
10:28:04 | CHANNEL  [debug] Channel 2 measurements: load=0.000 V, 0.000 A; supply=0.000 V, 0.000 A
10:28:04 | CHANNEL  [debug] Channel 2 measurements: load=0.000 V, 0.000 A; supply=0.000 V, 0.000 A
10:28:04 | CHANNEL  [debug] Channel 2 measurements: load=0.000 V, 0.000 A; supply=0.000 V, 0.000 A
10:28:04 | CHANNEL  [debug] Channel 2 measurements: load=0.000 V, 0.000 A; supply=0.000 V, 0.000 A
10:28:05 | CHANNEL  [debug] Channel 2 measurements: load=0.000 V, 0.000 A; supply=0.000 V, 0.000 A
10:28:05 | CHANNEL  [debug] Channel 2 measurements: load=0.000 V, 0.000 A; supply=0.000 V, 0.000 A
10:28:05 | CHANNEL  [debug] Channel 2 measurements: load=0.000 V, 0.000 A; supply=0.000 V, 0.000 A
10:28:06 | CHANNEL  [debug] Channel 2 measurements: load=0.000 V, 0.000 A; supply=0.000 V, 0.000 A
10:28:06 | CHANNEL  [debug] Channel 2 measurements: load=0.000 V, 0.000 A; supply=0.000 V, 0.000 A
10:28:06 | CHANNEL  [debug] Channel 2 measurements: load=0.000 V, 0.000 A; supply=0.000 V, 0.000 A
10:28:06 | CHANNEL  [debug] Channel 2 measurements: load=0.000 V, 0.000 A; supply=0.000 V, 0.000 A
10:28:07 | CHANNEL  [debug] Channel 2 measurements: load=0.000 V, 0.000 A; supply=0.000 V, 0.000 A
10:28:07 | CHANNEL  [debug] Channel 2 measurements: load=0.000 V, 0.000 A; supply=0.000 V, 0.000 A
10:28:07 | CHANNEL  [debug] Channel 2 measurements: load=0.000 V, 0.000 A; supply=0.000 V, 0.000 A
10:28:07 | CHANNEL  [debug] Channel 2 measurements: load=0.000 V, 0.000 A; supply=0.000 V, 0.000 A
10:28:08 | CHANNEL  [debug] Channel 2 measurements: load=0.000 V, 0.000 A; supply=0.000 V, 0.000 A
10:28:08 | CHANNEL  [debug] Channel 2 ending step 1: duration limit reached (5 / 5 s)
10:28:08 | CHANNEL  [debug] Channel 2 repeating from step 0 (1/3)
10:28:08 | CHANNEL  [debug] Channel 2 starting charge: 4.200 V, 1.000 A, cutoff 10.000 V, max 10 s
10:28:08 | CHANNEL  [debug] Channel 2 measurements: load=0.000 V, 0.000 A; supply=0.000 V, 0.000 A
10:28:08 | CHANNEL  [debug] Channel 2 measurements: load=0.000 V, 0.000 A; supply=4.080 V, 0.000 A
10:28:09 | CHANNEL  [debug] Channel 2 measurements: load=0.000 V, 0.000 A; supply=4.190 V, 0.000 A
10:28:09 | CHANNEL  [debug] Channel 2 measurements: load=0.000 V, 0.000 A; supply=4.190 V, 0.000 A
10:28:09 | CHANNEL  [debug] Channel 2 measurements: load=0.000 V, 0.000 A; supply=4.190 V, 0.000 A
10:28:09 | CHANNEL  [debug] Channel 2 measurements: load=0.000 V, 0.000 A; supply=4.200 V, 0.000 A
10:28:10 | CHANNEL  [debug] Channel 2 measurements: load=0.000 V, 0.000 A; supply=4.200 V, 0.000 A
10:28:10 | CHANNEL  [debug] Channel 2 measurements: load=0.000 V, 0.000 A; supply=4.200 V, 0.000 A
10:28:10 | CHANNEL  [debug] Channel 2 measurements: load=0.000 V, 0.000 A; supply=4.200 V, 0.000 A
10:28:11 | CHANNEL  [debug] Channel 2 measurements: load=0.000 V, 0.000 A; supply=4.200 V, 0.000 A
10:28:11 | CHANNEL  [debug] Channel 2 measurements: load=0.000 V, 0.000 A; supply=4.200 V, 0.000 A
10:28:11 | CHANNEL  [debug] Channel 2 measurements: load=0.000 V, 0.000 A; supply=4.200 V, 0.000 A
10:28:11 | CHANNEL  [debug] Channel 2 measurements: load=0.000 V, 0.000 A; supply=4.200 V, 0.000 A
10:28:12 | CHANNEL  [debug] Channel 2 measurements: load=0.000 V, 0.000 A; supply=4.200 V, 0.000 A
10:28:12 | CHANNEL  [debug] Channel 2 measurements: load=0.000 V, 0.000 A; supply=4.200 V, 0.000 A
10:28:12 | CHANNEL  [debug] Channel 2 measurements: load=0.000 V, 0.000 A; supply=4.200 V, 0.000 A
10:28:12 | CHANNEL  [debug] Channel 2 measurements: load=0.000 V, 0.000 A; supply=4.200 V, 0.000 A
10:28:13 | CHANNEL  [debug] Channel 2 measurements: load=0.000 V, 0.000 A; supply=4.200 V, 0.000 A
10:28:13 | CHANNEL  [debug] Channel 2 measurements: load=0.000 V, 0.000 A; supply=4.200 V, 0.000 A
10:28:13 | CHANNEL  [debug] Channel 2 measurements: load=0.000 V, 0.000 A; supply=4.200 V, 0.000 A
10:28:14 | CHANNEL  [debug] Channel 2 measurements: load=0.000 V, 0.000 A; supply=4.200 V, 0.000 A
10:28:14 | CHANNEL  [debug] Channel 2 measurements: load=0.000 V, 0.000 A; supply=4.200 V, 0.000 A
10:28:14 | CHANNEL  [debug] Channel 2 measurements: load=0.000 V, 0.000 A; supply=4.200 V, 0.000 A
10:28:14 | CHANNEL  [debug] Channel 2 measurements: load=0.000 V, 0.000 A; supply=4.200 V, 0.000 A
10:28:15 | CHANNEL  [debug] Channel 2 measurements: load=0.000 V, 0.000 A; supply=4.200 V, 0.000 A
10:28:15 | CHANNEL  [debug] Channel 2 measurements: load=0.000 V, 0.000 A; supply=4.200 V, 0.000 A
10:28:15 | CHANNEL  [debug] Channel 2 measurements: load=0.000 V, 0.000 A; supply=4.200 V, 0.000 A
10:28:16 | CHANNEL  [debug] Channel 2 measurements: load=0.000 V, 0.000 A; supply=4.200 V, 0.000 A
10:28:16 | CHANNEL  [debug] Channel 2 measurements: load=0.000 V, 0.000 A; supply=4.200 V, 0.000 A
10:28:16 | CHANNEL  [debug] Channel 2 measurements: load=0.000 V, 0.000 A; supply=4.200 V, 0.000 A
10:28:16 | CHANNEL  [debug] Channel 2 measurements: load=0.000 V, 0.000 A; supply=4.200 V, 0.000 A
10:28:17 | CHANNEL  [debug] Channel 2 measurements: load=0.000 V, 0.000 A; supply=4.200 V, 0.000 A
10:28:17 | CHANNEL  [debug] Channel 2 measurements: load=0.000 V, 0.000 A; supply=4.200 V, 0.000 A
10:28:17 | CHANNEL  [debug] Channel 2 measurements: load=0.000 V, 0.000 A; supply=4.200 V, 0.000 A
10:28:18 | CHANNEL  [debug] Channel 2 measurements: load=0.000 V, 0.000 A; supply=4.200 V, 0.000 A
10:28:18 | CHANNEL  [debug] Channel 2 measurements: load=0.000 V, 0.000 A; supply=4.200 V, 0.000 A
10:28:18 | CHANNEL  [debug] Channel 2 ending step 0: duration limit reached (10 / 10 s)
10:28:18 | CHANNEL  [debug] Channel 2 starting discharge: 1.000 A, cutoff -3.000 V, max 5 s
10:28:18 | CHANNEL  [debug] Channel 2 measurements: load=0.000 V, 0.000 A; supply=3.440 V, 0.000 A
10:28:18 | CHANNEL  [debug] Channel 2 measurements: load=0.000 V, 0.000 A; supply=0.030 V, 0.000 A
10:28:19 | CHANNEL  [debug] Channel 2 measurements: load=0.000 V, 0.000 A; supply=0.000 V, 0.000 A
10:28:19 | CHANNEL  [debug] Channel 2 measurements: load=0.000 V, 0.000 A; supply=0.000 V, 0.000 A
10:28:19 | CHANNEL  [debug] Channel 2 measurements: load=0.000 V, 0.000 A; supply=0.000 V, 0.000 A
10:28:20 | CHANNEL  [debug] Channel 2 measurements: load=0.000 V, 0.000 A; supply=0.000 V, 0.000 A
10:28:20 | CHANNEL  [debug] Channel 2 measurements: load=0.000 V, 0.000 A; supply=0.000 V, 0.000 A
10:28:20 | CHANNEL  [debug] Channel 2 measurements: load=0.000 V, 0.000 A; supply=0.000 V, 0.000 A
10:28:20 | CHANNEL  [debug] Channel 2 measurements: load=0.000 V, 0.000 A; supply=0.000 V, 0.000 A
10:28:21 | CHANNEL  [debug] Channel 2 measurements: load=0.000 V, 0.000 A; supply=0.000 V, 0.000 A
10:28:21 | CHANNEL  [debug] Channel 2 measurements: load=0.000 V, 0.000 A; supply=0.000 V, 0.000 A
10:28:21 | CHANNEL  [debug] Channel 2 measurements: load=0.000 V, 0.000 A; supply=0.000 V, 0.000 A
10:28:21 | CHANNEL  [debug] Channel 2 measurements: load=0.000 V, 0.000 A; supply=0.000 V, 0.000 A
10:28:22 | CHANNEL  [debug] Channel 2 measurements: load=0.000 V, 0.000 A; supply=0.000 V, 0.000 A
10:28:22 | CHANNEL  [debug] Channel 2 measurements: load=0.000 V, 0.000 A; supply=0.000 V, 0.000 A
10:28:22 | CHANNEL  [debug] Channel 2 measurements: load=0.000 V, 0.000 A; supply=0.000 V, 0.000 A
10:28:23 | CHANNEL  [debug] Channel 2 measurements: load=0.000 V, 0.000 A; supply=0.000 V, 0.000 A
10:28:23 | CHANNEL  [debug] Channel 2 measurements: load=0.000 V, 0.000 A; supply=0.000 V, 0.000 A
10:28:23 | CHANNEL  [debug] Channel 2 ending step 1: duration limit reached (5 / 5 s)
10:28:23 | CHANNEL  [debug] Channel 2 repeating from step 0 (2/3)
10:28:23 | CHANNEL  [debug] Channel 2 starting charge: 4.200 V, 1.000 A, cutoff 10.000 V, max 10 s
10:28:23 | CHANNEL  [debug] Channel 2 measurements: load=0.000 V, 0.000 A; supply=0.000 V, 0.000 A
10:28:23 | CHANNEL  [debug] Channel 2 measurements: load=0.000 V, 0.000 A; supply=4.140 V, 0.000 A
10:28:24 | CHANNEL  [debug] Channel 2 measurements: load=0.000 V, 0.000 A; supply=4.190 V, 0.000 A
10:28:24 | CHANNEL  [debug] Channel 2 measurements: load=0.000 V, 0.000 A; supply=4.190 V, 0.000 A
10:28:24 | CHANNEL  [debug] Channel 2 measurements: load=0.000 V, 0.000 A; supply=4.190 V, 0.000 A
10:28:25 | CHANNEL  [debug] Channel 2 measurements: load=0.000 V, 0.000 A; supply=4.200 V, 0.000 A
10:28:25 | CHANNEL  [debug] Channel 2 measurements: load=0.000 V, 0.000 A; supply=4.200 V, 0.000 A
10:28:25 | CHANNEL  [debug] Channel 2 measurements: load=0.000 V, 0.000 A; supply=4.200 V, 0.000 A
10:28:25 | CHANNEL  [debug] Channel 2 measurements: load=0.000 V, 0.000 A; supply=4.200 V, 0.000 A
10:28:26 | CHANNEL  [debug] Channel 2 measurements: load=0.000 V, 0.000 A; supply=4.200 V, 0.000 A
10:28:26 | CHANNEL  [debug] Channel 2 measurements: load=0.000 V, 0.000 A; supply=4.200 V, 0.000 A
10:28:26 | CHANNEL  [debug] Channel 2 measurements: load=0.000 V, 0.000 A; supply=4.200 V, 0.000 A
10:28:27 | CHANNEL  [debug] Channel 2 measurements: load=0.000 V, 0.000 A; supply=4.200 V, 0.000 A
10:28:27 | CHANNEL  [debug] Channel 2 measurements: load=0.000 V, 0.000 A; supply=4.200 V, 0.000 A
10:28:27 | CHANNEL  [debug] Channel 2 measurements: load=0.000 V, 0.000 A; supply=4.200 V, 0.000 A
10:28:27 | CHANNEL  [debug] Channel 2 measurements: load=0.000 V, 0.000 A; supply=4.200 V, 0.000 A
10:28:28 | CHANNEL  [debug] Channel 2 measurements: load=0.000 V, 0.000 A; supply=4.200 V, 0.000 A
10:28:28 | CHANNEL  [debug] Channel 2 measurements: load=0.000 V, 0.000 A; supply=4.200 V, 0.000 A
10:28:28 | CHANNEL  [debug] Channel 2 measurements: load=0.000 V, 0.000 A; supply=4.200 V, 0.000 A
10:28:28 | CHANNEL  [debug] Channel 2 measurements: load=0.000 V, 0.000 A; supply=4.200 V, 0.000 A
10:28:29 | CHANNEL  [debug] Channel 2 measurements: load=0.000 V, 0.000 A; supply=4.200 V, 0.000 A
10:28:29 | CHANNEL  [debug] Channel 2 measurements: load=0.000 V, 0.000 A; supply=4.200 V, 0.000 A
10:28:29 | CHANNEL  [debug] Channel 2 measurements: load=0.000 V, 0.000 A; supply=4.200 V, 0.000 A
10:28:30 | CHANNEL  [debug] Channel 2 measurements: load=0.000 V, 0.000 A; supply=4.200 V, 0.000 A
10:28:30 | CHANNEL  [debug] Channel 2 measurements: load=0.000 V, 0.000 A; supply=4.200 V, 0.000 A
10:28:30 | CHANNEL  [debug] Channel 2 measurements: load=0.000 V, 0.000 A; supply=4.200 V, 0.000 A
10:28:30 | CHANNEL  [debug] Channel 2 measurements: load=0.000 V, 0.000 A; supply=4.200 V, 0.000 A
10:28:31 | CHANNEL  [debug] Channel 2 measurements: load=0.000 V, 0.000 A; supply=4.200 V, 0.000 A
10:28:31 | CHANNEL  [debug] Channel 2 measurements: load=0.000 V, 0.000 A; supply=4.200 V, 0.000 A
10:28:31 | CHANNEL  [debug] Channel 2 measurements: load=0.000 V, 0.000 A; supply=4.200 V, 0.000 A
10:28:32 | CHANNEL  [debug] Channel 2 measurements: load=0.000 V, 0.000 A; supply=4.200 V, 0.000 A
10:28:32 | CHANNEL  [debug] Channel 2 measurements: load=0.000 V, 0.000 A; supply=4.200 V, 0.000 A
10:28:32 | CHANNEL  [debug] Channel 2 measurements: load=0.000 V, 0.000 A; supply=4.200 V, 0.000 A
10:28:32 | CHANNEL  [debug] Channel 2 measurements: load=0.000 V, 0.000 A; supply=4.200 V, 0.000 A
10:28:33 | CHANNEL  [debug] Channel 2 measurements: load=0.000 V, 0.000 A; supply=4.200 V, 0.000 A
10:28:33 | CHANNEL  [debug] Channel 2 measurements: load=0.000 V, 0.000 A; supply=4.200 V, 0.000 A
10:28:33 | CHANNEL  [debug] Channel 2 ending step 0: duration limit reached (10 / 10 s)
10:28:33 | CHANNEL  [debug] Channel 2 starting discharge: 1.000 A, cutoff -3.000 V, max 5 s
10:28:33 | CHANNEL  [debug] Channel 2 measurements: load=0.000 V, 0.000 A; supply=3.380 V, 0.000 A
10:28:33 | CHANNEL  [debug] Channel 2 measurements: load=0.000 V, 0.000 A; supply=0.020 V, 0.000 A
10:28:34 | CHANNEL  [debug] Channel 2 measurements: load=0.000 V, 0.000 A; supply=0.000 V, 0.000 A
10:28:34 | CHANNEL  [debug] Channel 2 measurements: load=0.000 V, 0.000 A; supply=0.000 V, 0.000 A
10:28:34 | CHANNEL  [debug] Channel 2 measurements: load=0.000 V, 0.000 A; supply=0.000 V, 0.000 A
10:28:35 | CHANNEL  [debug] Channel 2 measurements: load=0.000 V, 0.000 A; supply=0.000 V, 0.000 A
10:28:35 | CHANNEL  [debug] Channel 2 measurements: load=0.000 V, 0.000 A; supply=0.000 V, 0.000 A
10:28:35 | CHANNEL  [debug] Channel 2 measurements: load=0.000 V, 0.000 A; supply=0.000 V, 0.000 A
10:28:35 | CHANNEL  [debug] Channel 2 measurements: load=0.000 V, 0.000 A; supply=0.000 V, 0.000 A
10:28:36 | CHANNEL  [debug] Channel 2 measurements: load=0.000 V, 0.000 A; supply=0.000 V, 0.000 A
10:28:36 | CHANNEL  [debug] Channel 2 measurements: load=0.000 V, 0.000 A; supply=0.000 V, 0.000 A
10:28:36 | CHANNEL  [debug] Channel 2 measurements: load=0.000 V, 0.000 A; supply=0.000 V, 0.000 A
10:28:37 | CHANNEL  [debug] Channel 2 measurements: load=0.000 V, 0.000 A; supply=0.000 V, 0.000 A
10:28:37 | CHANNEL  [debug] Channel 2 measurements: load=0.000 V, 0.000 A; supply=0.000 V, 0.000 A
10:28:37 | CHANNEL  [debug] Channel 2 measurements: load=0.000 V, 0.000 A; supply=0.000 V, 0.000 A
10:28:37 | CHANNEL  [debug] Channel 2 measurements: load=0.000 V, 0.000 A; supply=0.000 V, 0.000 A
10:28:38 | CHANNEL  [debug] Channel 2 measurements: load=0.000 V, 0.000 A; supply=0.000 V, 0.000 A
10:28:38 | CHANNEL  [debug] Channel 2 measurements: load=0.000 V, 0.000 A; supply=0.000 V, 0.000 A
10:28:38 | CHANNEL  [debug] Channel 2 ending step 1: duration limit reached (5 / 5 s)
10:28:38 | CHANNEL  [debug] Channel 2 repeating from step 0 (3/3)
10:28:38 | CHANNEL  [debug] Channel 2 starting charge: 4.200 V, 1.000 A, cutoff 10.000 V, max 10 s
10:28:38 | CHANNEL  [debug] Channel 2 measurements: load=0.000 V, 0.000 A; supply=0.000 V, 0.000 A
10:28:39 | CHANNEL  [debug] Channel 2 measurements: load=0.000 V, 0.000 A; supply=4.140 V, 0.000 A
10:28:39 | CHANNEL  [debug] Channel 2 measurements: load=0.000 V, 0.000 A; supply=4.190 V, 0.000 A
10:28:39 | CHANNEL  [debug] Channel 2 measurements: load=0.000 V, 0.000 A; supply=4.190 V, 0.000 A
10:28:39 | CHANNEL  [debug] Channel 2 measurements: load=0.000 V, 0.000 A; supply=4.200 V, 0.000 A
10:28:40 | CHANNEL  [debug] Channel 2 measurements: load=0.000 V, 0.000 A; supply=4.200 V, 0.000 A
10:28:40 | CHANNEL  [debug] Channel 2 measurements: load=0.000 V, 0.000 A; supply=4.200 V, 0.000 A
10:28:40 | CHANNEL  [debug] Channel 2 measurements: load=0.000 V, 0.000 A; supply=4.200 V, 0.000 A
10:28:40 | CHANNEL  [debug] Channel 2 measurements: load=0.000 V, 0.000 A; supply=4.200 V, 0.000 A
10:28:41 | CHANNEL  [debug] Channel 2 measurements: load=0.000 V, 0.000 A; supply=4.200 V, 0.000 A
10:28:41 | CHANNEL  [debug] Channel 2 measurements: load=0.000 V, 0.000 A; supply=4.200 V, 0.000 A
10:28:41 | CHANNEL  [debug] Channel 2 measurements: load=0.000 V, 0.000 A; supply=4.200 V, 0.000 A
10:28:42 | CHANNEL  [debug] Channel 2 measurements: load=0.000 V, 0.000 A; supply=4.200 V, 0.000 A
10:28:42 | CHANNEL  [debug] Channel 2 measurements: load=0.000 V, 0.000 A; supply=4.200 V, 0.000 A
10:28:42 | CHANNEL  [debug] Channel 2 measurements: load=0.000 V, 0.000 A; supply=4.200 V, 0.000 A
10:28:42 | CHANNEL  [debug] Channel 2 measurements: load=0.000 V, 0.000 A; supply=4.200 V, 0.000 A
10:28:43 | CHANNEL  [debug] Channel 2 measurements: load=0.000 V, 0.000 A; supply=4.200 V, 0.000 A
10:28:43 | CHANNEL  [debug] Channel 2 measurements: load=0.000 V, 0.000 A; supply=4.200 V, 0.000 A
10:28:43 | CHANNEL  [debug] Channel 2 measurements: load=0.000 V, 0.000 A; supply=4.200 V, 0.000 A
10:28:44 | CHANNEL  [debug] Channel 2 measurements: load=0.000 V, 0.000 A; supply=4.200 V, 0.000 A
10:28:44 | CHANNEL  [debug] Channel 2 measurements: load=0.000 V, 0.000 A; supply=4.200 V, 0.000 A
10:28:44 | CHANNEL  [debug] Channel 2 measurements: load=0.000 V, 0.000 A; supply=4.200 V, 0.000 A
10:28:44 | CHANNEL  [debug] Channel 2 measurements: load=0.000 V, 0.000 A; supply=4.200 V, 0.000 A
10:28:45 | CHANNEL  [debug] Channel 2 measurements: load=0.000 V, 0.000 A; supply=4.200 V, 0.000 A
10:28:45 | CHANNEL  [debug] Channel 2 measurements: load=0.000 V, 0.000 A; supply=4.200 V, 0.000 A
10:28:45 | CHANNEL  [debug] Channel 2 measurements: load=0.000 V, 0.000 A; supply=4.200 V, 0.000 A
10:28:45 | CHANNEL  [debug] Channel 2 measurements: load=0.000 V, 0.000 A; supply=4.200 V, 0.000 A
10:28:46 | CHANNEL  [debug] Channel 2 measurements: load=0.000 V, 0.000 A; supply=4.200 V, 0.000 A
10:28:46 | CHANNEL  [debug] Channel 2 measurements: load=0.000 V, 0.000 A; supply=4.200 V, 0.000 A
10:28:46 | CHANNEL  [debug] Channel 2 measurements: load=0.000 V, 0.000 A; supply=4.200 V, 0.000 A
10:28:47 | CHANNEL  [debug] Channel 2 measurements: load=0.000 V, 0.000 A; supply=4.200 V, 0.000 A
10:28:47 | CHANNEL  [debug] Channel 2 measurements: load=0.000 V, 0.000 A; supply=4.200 V, 0.000 A
10:28:47 | CHANNEL  [debug] Channel 2 measurements: load=0.000 V, 0.000 A; supply=4.200 V, 0.000 A
10:28:47 | CHANNEL  [debug] Channel 2 measurements: load=0.000 V, 0.000 A; supply=4.200 V, 0.000 A
10:28:48 | CHANNEL  [debug] Channel 2 measurements: load=0.000 V, 0.000 A; supply=4.200 V, 0.000 A
10:28:48 | CHANNEL  [debug] Channel 2 measurements: load=0.000 V, 0.000 A; supply=4.200 V, 0.000 A
10:28:48 | CHANNEL  [debug] Channel 2 ending step 0: duration limit reached (10 / 10 s)
10:28:48 | CHANNEL  [debug] Channel 2 starting discharge: 1.000 A, cutoff -3.000 V, max 5 s
10:28:48 | CHANNEL  [debug] Channel 2 measurements: load=0.000 V, 0.000 A; supply=3.370 V, 0.000 A
10:28:49 | CHANNEL  [debug] Channel 2 measurements: load=0.000 V, 0.000 A; supply=0.020 V, 0.000 A
10:28:49 | CHANNEL  [debug] Channel 2 measurements: load=0.000 V, 0.000 A; supply=0.000 V, 0.000 A
10:28:49 | CHANNEL  [debug] Channel 2 measurements: load=0.000 V, 0.000 A; supply=0.000 V, 0.000 A
10:28:49 | CHANNEL  [debug] Channel 2 measurements: load=0.000 V, 0.000 A; supply=0.000 V, 0.000 A
10:28:50 | CHANNEL  [debug] Channel 2 measurements: load=0.000 V, 0.000 A; supply=0.000 V, 0.000 A
10:28:50 | CHANNEL  [debug] Channel 2 measurements: load=0.000 V, 0.000 A; supply=0.000 V, 0.000 A
10:28:50 | CHANNEL  [debug] Channel 2 measurements: load=0.000 V, 0.000 A; supply=0.000 V, 0.000 A
10:28:51 | CHANNEL  [debug] Channel 2 measurements: load=0.000 V, 0.000 A; supply=0.000 V, 0.000 A
10:28:51 | CHANNEL  [debug] Channel 2 measurements: load=0.000 V, 0.000 A; supply=0.000 V, 0.000 A
10:28:51 | CHANNEL  [debug] Channel 2 measurements: load=0.000 V, 0.000 A; supply=0.000 V, 0.000 A
10:28:51 | CHANNEL  [debug] Channel 2 measurements: load=0.000 V, 0.000 A; supply=0.000 V, 0.000 A
10:28:52 | CHANNEL  [debug] Channel 2 measurements: load=0.000 V, 0.000 A; supply=0.000 V, 0.000 A
10:28:52 | CHANNEL  [debug] Channel 2 measurements: load=0.000 V, 0.000 A; supply=0.000 V, 0.000 A
10:28:52 | CHANNEL  [debug] Channel 2 measurements: load=0.000 V, 0.000 A; supply=0.000 V, 0.000 A
10:28:52 | CHANNEL  [debug] Channel 2 measurements: load=0.000 V, 0.000 A; supply=0.000 V, 0.000 A
10:28:53 | CHANNEL  [debug] Channel 2 measurements: load=0.000 V, 0.000 A; supply=0.000 V, 0.000 A
10:28:53 | CHANNEL  [debug] Channel 2 measurements: load=0.000 V, 0.000 A; supply=0.000 V, 0.000 A
10:28:53 | CHANNEL  [debug] Channel 2 ending step 1: duration limit reached (5 / 5 s)
10:28:53 | CHANNEL  [debug] Channel 2 completing goto step after 3 repeat(s)
10:28:53 | CHANNEL  [debug] Channel 2 ending experiment: all steps completed
10:29:42 | CHANNEL  [debug] Channel 2 starting charge: 4.200 V, 1.000 A, cutoff 10.000 V, max 10 s
10:29:42 | CHANNEL  [debug] Channel 2 measurements: load=0.000 V, 0.000 A; supply=1.550 V, 0.096 A
10:29:42 | CHANNEL  [debug] Channel 2 measurements: load=0.000 V, 0.000 A; supply=4.120 V, 0.000 A
10:29:42 | CHANNEL  [debug] Channel 2 measurements: load=0.000 V, 0.000 A; supply=4.190 V, 0.000 A
10:29:43 | CHANNEL  [debug] Channel 2 measurements: load=0.000 V, 0.000 A; supply=4.190 V, 0.000 A
10:29:43 | CHANNEL  [debug] Channel 2 measurements: load=0.000 V, 0.000 A; supply=4.190 V, 0.000 A
10:29:43 | CHANNEL  [debug] Channel 2 measurements: load=0.000 V, 0.000 A; supply=4.190 V, 0.000 A
10:29:44 | CHANNEL  [debug] Channel 2 measurements: load=0.000 V, 0.000 A; supply=4.200 V, 0.000 A
10:29:44 | CHANNEL  [debug] Channel 2 measurements: load=0.000 V, 0.000 A; supply=4.200 V, 0.000 A
10:29:44 | CHANNEL  [debug] Channel 2 measurements: load=0.000 V, 0.000 A; supply=4.200 V, 0.000 A
10:29:44 | CHANNEL  [debug] Channel 2 measurements: load=0.000 V, 0.000 A; supply=4.200 V, 0.000 A
10:29:45 | CHANNEL  [debug] Channel 2 measurements: load=0.000 V, 0.000 A; supply=4.200 V, 0.000 A
10:29:45 | CHANNEL  [debug] Channel 2 measurements: load=0.000 V, 0.000 A; supply=4.200 V, 0.000 A
10:29:45 | CHANNEL  [debug] Channel 2 measurements: load=0.000 V, 0.000 A; supply=4.200 V, 0.000 A
10:29:45 | CHANNEL  [debug] Channel 2 measurements: load=0.000 V, 0.000 A; supply=4.200 V, 0.000 A
10:29:46 | CHANNEL  [debug] Channel 2 measurements: load=0.000 V, 0.000 A; supply=4.200 V, 0.000 A
10:29:46 | CHANNEL  [debug] Channel 2 measurements: load=0.000 V, 0.000 A; supply=4.200 V, 0.000 A
10:29:46 | CHANNEL  [debug] Channel 2 measurements: load=0.000 V, 0.000 A; supply=4.200 V, 0.000 A
10:29:47 | CHANNEL  [debug] Channel 2 measurements: load=0.000 V, 0.000 A; supply=4.200 V, 0.000 A
10:29:47 | CHANNEL  [debug] Channel 2 measurements: load=0.000 V, 0.000 A; supply=4.200 V, 0.000 A
10:29:47 | CHANNEL  [debug] Channel 2 measurements: load=0.000 V, 0.000 A; supply=4.200 V, 0.000 A
10:29:47 | CHANNEL  [debug] Channel 2 measurements: load=0.000 V, 0.000 A; supply=4.200 V, 0.000 A
10:29:48 | CHANNEL  [debug] Channel 2 measurements: load=0.000 V, 0.000 A; supply=4.200 V, 0.000 A
10:29:48 | CHANNEL  [debug] Channel 2 measurements: load=0.000 V, 0.000 A; supply=4.200 V, 0.000 A
10:29:48 | CHANNEL  [debug] Channel 2 measurements: load=0.000 V, 0.000 A; supply=4.200 V, 0.000 A
10:29:49 | CHANNEL  [debug] Channel 2 measurements: load=0.000 V, 0.000 A; supply=4.200 V, 0.000 A
10:29:49 | CHANNEL  [debug] Channel 2 measurements: load=0.000 V, 0.000 A; supply=4.200 V, 0.000 A
10:29:49 | CHANNEL  [debug] Channel 2 measurements: load=0.000 V, 0.000 A; supply=4.200 V, 0.000 A
10:29:49 | CHANNEL  [debug] Channel 2 measurements: load=0.000 V, 0.000 A; supply=4.200 V, 0.000 A
10:29:50 | CHANNEL  [debug] Channel 2 measurements: load=0.000 V, 0.000 A; supply=4.200 V, 0.000 A
10:29:50 | CHANNEL  [debug] Channel 2 measurements: load=0.000 V, 0.000 A; supply=4.200 V, 0.000 A
10:29:50 | CHANNEL  [debug] Channel 2 measurements: load=0.000 V, 0.000 A; supply=4.200 V, 0.000 A
10:29:51 | CHANNEL  [debug] Channel 2 measurements: load=0.000 V, 0.000 A; supply=4.200 V, 0.000 A
10:29:51 | CHANNEL  [debug] Channel 2 measurements: load=0.000 V, 0.000 A; supply=4.200 V, 0.000 A
10:29:51 | CHANNEL  [debug] Channel 2 measurements: load=0.000 V, 0.000 A; supply=4.200 V, 0.000 A
10:29:51 | CHANNEL  [debug] Channel 2 measurements: load=0.000 V, 0.000 A; supply=4.200 V, 0.000 A
10:29:52 | CHANNEL  [debug] Channel 2 measurements: load=0.000 V, 0.000 A; supply=4.200 V, 0.000 A
10:29:52 | CHANNEL  [debug] Channel 2 ending step 0: duration limit reached (10 / 10 s)
10:29:52 | CHANNEL  [debug] Channel 2 starting discharge: 1.000 A, cutoff -3.000 V, max 5 s
10:29:52 | CHANNEL  [debug] Channel 2 measurements: load=0.000 V, 0.000 A; supply=3.420 V, 0.000 A
10:29:52 | CHANNEL  [debug] Channel 2 measurements: load=0.000 V, 0.000 A; supply=0.020 V, 0.000 A
10:29:52 | CHANNEL  [debug] Channel 2 measurements: load=0.000 V, 0.000 A; supply=0.000 V, 0.000 A
10:29:53 | CHANNEL  [debug] Channel 2 measurements: load=0.000 V, 0.000 A; supply=0.000 V, 0.000 A
10:29:53 | CHANNEL  [debug] Channel 2 measurements: load=0.000 V, 0.000 A; supply=0.000 V, 0.000 A
10:29:53 | CHANNEL  [debug] Channel 2 measurements: load=0.000 V, 0.000 A; supply=0.000 V, 0.000 A
10:29:54 | CHANNEL  [debug] Channel 2 measurements: load=0.000 V, 0.000 A; supply=0.000 V, 0.000 A
10:29:54 | CHANNEL  [debug] Channel 2 measurements: load=0.000 V, 0.000 A; supply=0.000 V, 0.000 A
10:29:54 | CHANNEL  [debug] Channel 2 measurements: load=0.000 V, 0.000 A; supply=0.000 V, 0.000 A
10:29:54 | CHANNEL  [debug] Channel 2 measurements: load=0.000 V, 0.000 A; supply=0.000 V, 0.000 A
10:29:55 | CHANNEL  [debug] Channel 2 measurements: load=0.000 V, 0.000 A; supply=0.000 V, 0.000 A
10:29:55 | CHANNEL  [debug] Channel 2 measurements: load=0.000 V, 0.000 A; supply=0.000 V, 0.000 A
10:29:55 | CHANNEL  [debug] Channel 2 measurements: load=0.000 V, 0.000 A; supply=0.000 V, 0.000 A
10:29:56 | CHANNEL  [debug] Channel 2 measurements: load=0.000 V, 0.000 A; supply=0.000 V, 0.000 A
10:29:56 | CHANNEL  [debug] Channel 2 measurements: load=0.000 V, 0.000 A; supply=0.000 V, 0.000 A
10:29:56 | CHANNEL  [debug] Channel 2 measurements: load=0.000 V, 0.000 A; supply=0.000 V, 0.000 A
10:29:56 | CHANNEL  [debug] Channel 2 measurements: load=0.000 V, 0.000 A; supply=0.000 V, 0.000 A
10:29:57 | CHANNEL  [debug] Channel 2 measurements: load=0.000 V, 0.000 A; supply=0.000 V, 0.000 A
10:29:57 | CHANNEL  [debug] Channel 2 ending step 1: duration limit reached (5 / 5 s)
10:29:57 | CHANNEL  [debug] Channel 2 completing goto step after 0 repeat(s)
10:29:57 | CHANNEL  [debug] Channel 2 ending experiment: all steps completed
10:30:33 | CHANNEL  [debug] Channel 2 starting charge: 4.200 V, 1.000 A, cutoff 10.000 V, max 10 s
10:30:34 | CHANNEL  [debug] Channel 2 measurements: load=0.000 V, 0.000 A; supply=1.150 V, 0.094 A
10:30:34 | CHANNEL  [debug] Channel 2 measurements: load=0.000 V, 0.000 A; supply=4.170 V, 0.000 A
10:30:34 | CHANNEL  [debug] Channel 2 measurements: load=0.000 V, 0.000 A; supply=4.190 V, 0.000 A
10:30:35 | CHANNEL  [debug] Channel 2 measurements: load=0.000 V, 0.000 A; supply=4.190 V, 0.000 A
10:30:35 | CHANNEL  [debug] Channel 2 measurements: load=0.000 V, 0.000 A; supply=4.190 V, 0.000 A
10:30:35 | CHANNEL  [debug] Channel 2 measurements: load=0.000 V, 0.000 A; supply=4.200 V, 0.000 A
10:30:35 | CHANNEL  [debug] Channel 2 measurements: load=0.000 V, 0.000 A; supply=4.200 V, 0.000 A
10:30:36 | CHANNEL  [debug] Channel 2 measurements: load=0.000 V, 0.000 A; supply=4.200 V, 0.000 A
10:30:36 | CHANNEL  [debug] Channel 2 measurements: load=0.000 V, 0.000 A; supply=4.200 V, 0.000 A
10:30:36 | CHANNEL  [debug] Channel 2 measurements: load=0.000 V, 0.000 A; supply=4.200 V, 0.000 A
10:30:37 | CHANNEL  [debug] Channel 2 measurements: load=0.000 V, 0.000 A; supply=4.200 V, 0.000 A
10:30:37 | CHANNEL  [debug] Channel 2 measurements: load=0.000 V, 0.000 A; supply=4.200 V, 0.000 A
10:30:37 | CHANNEL  [debug] Channel 2 measurements: load=0.000 V, 0.000 A; supply=4.200 V, 0.000 A
10:30:37 | CHANNEL  [debug] Channel 2 measurements: load=0.000 V, 0.000 A; supply=4.200 V, 0.000 A
10:30:38 | CHANNEL  [debug] Channel 2 measurements: load=0.000 V, 0.000 A; supply=4.200 V, 0.000 A
10:30:38 | CHANNEL  [debug] Channel 2 measurements: load=0.000 V, 0.000 A; supply=4.200 V, 0.000 A
10:30:38 | CHANNEL  [debug] Channel 2 measurements: load=0.000 V, 0.000 A; supply=4.200 V, 0.000 A
10:30:38 | CHANNEL  [debug] Channel 2 measurements: load=0.000 V, 0.000 A; supply=4.200 V, 0.000 A
10:30:39 | CHANNEL  [debug] Channel 2 measurements: load=0.000 V, 0.000 A; supply=4.200 V, 0.000 A
10:30:39 | CHANNEL  [debug] Channel 2 measurements: load=0.000 V, 0.000 A; supply=4.200 V, 0.000 A
10:30:39 | CHANNEL  [debug] Channel 2 measurements: load=0.000 V, 0.000 A; supply=4.200 V, 0.000 A
10:30:40 | CHANNEL  [debug] Channel 2 measurements: load=0.000 V, 0.000 A; supply=4.200 V, 0.000 A
10:30:40 | CHANNEL  [debug] Channel 2 measurements: load=0.000 V, 0.000 A; supply=4.200 V, 0.000 A
10:30:40 | CHANNEL  [debug] Channel 2 measurements: load=0.000 V, 0.000 A; supply=4.200 V, 0.000 A
10:30:40 | CHANNEL  [debug] Channel 2 measurements: load=0.000 V, 0.000 A; supply=4.200 V, 0.000 A
10:30:41 | CHANNEL  [debug] Channel 2 measurements: load=0.000 V, 0.000 A; supply=4.200 V, 0.000 A
10:30:41 | CHANNEL  [debug] Channel 2 measurements: load=0.000 V, 0.000 A; supply=4.200 V, 0.000 A
10:30:41 | CHANNEL  [debug] Channel 2 measurements: load=0.000 V, 0.000 A; supply=4.200 V, 0.000 A
10:30:42 | CHANNEL  [debug] Channel 2 measurements: load=0.000 V, 0.000 A; supply=4.200 V, 0.000 A
10:30:42 | CHANNEL  [debug] Channel 2 measurements: load=0.000 V, 0.000 A; supply=4.200 V, 0.000 A
10:30:42 | CHANNEL  [debug] Channel 2 measurements: load=0.000 V, 0.000 A; supply=4.200 V, 0.000 A
10:30:42 | CHANNEL  [debug] Channel 2 measurements: load=0.000 V, 0.000 A; supply=4.200 V, 0.000 A
10:30:43 | CHANNEL  [debug] Channel 2 measurements: load=0.000 V, 0.000 A; supply=4.200 V, 0.000 A
10:30:43 | CHANNEL  [debug] Channel 2 measurements: load=0.000 V, 0.000 A; supply=4.200 V, 0.000 A
10:30:43 | CHANNEL  [debug] Channel 2 measurements: load=0.000 V, 0.000 A; supply=4.200 V, 0.000 A
10:30:43 | CHANNEL  [debug] Channel 2 measurements: load=0.000 V, 0.000 A; supply=4.200 V, 0.000 A
10:30:43 | CHANNEL  [debug] Channel 2 ending step 0: duration limit reached (10 / 10 s)
10:30:43 | CHANNEL  [debug] Channel 2 starting discharge: 1.000 A, cutoff -3.000 V, max 5 s
10:30:44 | CHANNEL  [debug] Channel 2 measurements: load=0.000 V, 0.000 A; supply=3.550 V, 0.000 A
10:30:44 | CHANNEL  [debug] Channel 2 measurements: load=0.000 V, 0.000 A; supply=0.030 V, 0.000 A
10:30:44 | CHANNEL  [debug] Channel 2 measurements: load=0.000 V, 0.000 A; supply=0.000 V, 0.000 A
10:30:45 | CHANNEL  [debug] Channel 2 measurements: load=0.000 V, 0.000 A; supply=0.000 V, 0.000 A
10:30:45 | CHANNEL  [debug] Channel 2 measurements: load=0.000 V, 0.000 A; supply=0.000 V, 0.000 A
10:30:45 | CHANNEL  [debug] Channel 2 measurements: load=0.000 V, 0.000 A; supply=0.000 V, 0.000 A
10:30:45 | CHANNEL  [debug] Channel 2 measurements: load=0.000 V, 0.000 A; supply=0.000 V, 0.000 A
10:30:46 | CHANNEL  [debug] Channel 2 measurements: load=0.000 V, 0.000 A; supply=0.000 V, 0.000 A
10:30:46 | CHANNEL  [debug] Channel 2 measurements: load=0.000 V, 0.000 A; supply=0.000 V, 0.000 A
10:30:46 | CHANNEL  [debug] Channel 2 measurements: load=0.000 V, 0.000 A; supply=0.000 V, 0.000 A
10:30:47 | CHANNEL  [debug] Channel 2 measurements: load=0.000 V, 0.000 A; supply=0.000 V, 0.000 A
10:30:47 | CHANNEL  [debug] Channel 2 measurements: load=0.000 V, 0.000 A; supply=0.000 V, 0.000 A
10:30:47 | CHANNEL  [debug] Channel 2 measurements: load=0.000 V, 0.000 A; supply=0.000 V, 0.000 A
10:30:47 | CHANNEL  [debug] Channel 2 measurements: load=0.000 V, 0.000 A; supply=0.000 V, 0.000 A
10:30:48 | CHANNEL  [debug] Channel 2 measurements: load=0.000 V, 0.000 A; supply=0.000 V, 0.000 A
10:30:48 | CHANNEL  [debug] Channel 2 measurements: load=0.000 V, 0.000 A; supply=0.000 V, 0.000 A
10:30:48 | CHANNEL  [debug] Channel 2 measurements: load=0.000 V, 0.000 A; supply=0.000 V, 0.000 A
10:30:49 | CHANNEL  [debug] Channel 2 measurements: load=0.000 V, 0.000 A; supply=0.000 V, 0.000 A
10:30:49 | CHANNEL  [debug] Channel 2 ending step 1: duration limit reached (5 / 5 s)
10:30:49 | CHANNEL  [debug] Channel 2 repeating from step 0 (1/3)
10:30:49 | CHANNEL  [debug] Channel 2 starting charge: 4.200 V, 1.000 A, cutoff 10.000 V, max 10 s
10:30:49 | CHANNEL  [debug] Channel 2 measurements: load=0.000 V, 0.000 A; supply=0.000 V, 0.000 A
10:30:49 | CHANNEL  [debug] Channel 2 measurements: load=0.000 V, 0.000 A; supply=4.140 V, 0.000 A
10:30:49 | CHANNEL  [debug] Channel 2 measurements: load=0.000 V, 0.000 A; supply=4.190 V, 0.000 A
10:30:50 | CHANNEL  [debug] Channel 2 measurements: load=0.000 V, 0.000 A; supply=4.190 V, 0.000 A
10:30:50 | CHANNEL  [debug] Channel 2 measurements: load=0.000 V, 0.000 A; supply=4.200 V, 0.000 A
10:30:50 | CHANNEL  [debug] Channel 2 measurements: load=0.000 V, 0.000 A; supply=4.200 V, 0.000 A
10:30:51 | CHANNEL  [debug] Channel 2 measurements: load=0.000 V, 0.000 A; supply=4.200 V, 0.000 A
10:30:51 | CHANNEL  [debug] Channel 2 measurements: load=0.000 V, 0.000 A; supply=4.200 V, 0.000 A
10:30:51 | CHANNEL  [debug] Channel 2 measurements: load=0.000 V, 0.000 A; supply=4.200 V, 0.000 A
10:30:51 | CHANNEL  [debug] Channel 2 measurements: load=0.000 V, 0.000 A; supply=4.200 V, 0.000 A
10:30:52 | CHANNEL  [debug] Channel 2 measurements: load=0.000 V, 0.000 A; supply=4.200 V, 0.000 A
10:30:52 | CHANNEL  [debug] Channel 2 measurements: load=0.000 V, 0.000 A; supply=4.200 V, 0.000 A
10:30:52 | CHANNEL  [debug] Channel 2 measurements: load=0.000 V, 0.000 A; supply=4.200 V, 0.000 A
10:30:52 | CHANNEL  [debug] Channel 2 measurements: load=0.000 V, 0.000 A; supply=4.200 V, 0.000 A
10:30:53 | CHANNEL  [debug] Channel 2 measurements: load=0.000 V, 0.000 A; supply=4.200 V, 0.000 A
10:30:53 | CHANNEL  [debug] Channel 2 measurements: load=0.000 V, 0.000 A; supply=4.200 V, 0.000 A
10:30:53 | CHANNEL  [debug] Channel 2 measurements: load=0.000 V, 0.000 A; supply=4.200 V, 0.000 A
10:30:54 | CHANNEL  [debug] Channel 2 measurements: load=0.000 V, 0.000 A; supply=4.200 V, 0.000 A
10:30:54 | CHANNEL  [debug] Channel 2 measurements: load=0.000 V, 0.000 A; supply=4.200 V, 0.000 A
10:30:54 | CHANNEL  [debug] Channel 2 measurements: load=0.000 V, 0.000 A; supply=4.200 V, 0.000 A
10:30:54 | CHANNEL  [debug] Channel 2 measurements: load=0.000 V, 0.000 A; supply=4.200 V, 0.000 A
10:30:55 | CHANNEL  [debug] Channel 2 measurements: load=0.000 V, 0.000 A; supply=4.200 V, 0.000 A
10:30:55 | CHANNEL  [debug] Channel 2 measurements: load=0.000 V, 0.000 A; supply=4.200 V, 0.000 A
10:30:55 | CHANNEL  [debug] Channel 2 measurements: load=0.000 V, 0.000 A; supply=4.200 V, 0.000 A
10:30:56 | CHANNEL  [debug] Channel 2 measurements: load=0.000 V, 0.000 A; supply=4.200 V, 0.000 A
10:30:56 | CHANNEL  [debug] Channel 2 measurements: load=0.000 V, 0.000 A; supply=4.200 V, 0.000 A
10:30:56 | CHANNEL  [debug] Channel 2 measurements: load=0.000 V, 0.000 A; supply=4.200 V, 0.000 A
10:30:56 | CHANNEL  [debug] Channel 2 measurements: load=0.000 V, 0.000 A; supply=4.200 V, 0.000 A
10:30:57 | CHANNEL  [debug] Channel 2 measurements: load=0.000 V, 0.000 A; supply=4.200 V, 0.000 A
10:30:57 | CHANNEL  [debug] Channel 2 measurements: load=0.000 V, 0.000 A; supply=4.200 V, 0.000 A
10:30:57 | CHANNEL  [debug] Channel 2 measurements: load=0.000 V, 0.000 A; supply=4.200 V, 0.000 A
10:30:58 | CHANNEL  [debug] Channel 2 measurements: load=0.000 V, 0.000 A; supply=4.200 V, 0.000 A
10:30:58 | CHANNEL  [debug] Channel 2 measurements: load=0.000 V, 0.000 A; supply=4.200 V, 0.000 A
10:30:58 | CHANNEL  [debug] Channel 2 measurements: load=0.000 V, 0.000 A; supply=4.200 V, 0.000 A
10:30:58 | CHANNEL  [debug] Channel 2 measurements: load=0.000 V, 0.000 A; supply=4.200 V, 0.000 A
10:30:59 | CHANNEL  [debug] Channel 2 measurements: load=0.000 V, 0.000 A; supply=4.200 V, 0.000 A
10:30:59 | CHANNEL  [debug] Channel 2 ending step 0: duration limit reached (10 / 10 s)
10:30:59 | CHANNEL  [debug] Channel 2 starting discharge: 1.000 A, cutoff -3.000 V, max 5 s
10:30:59 | CHANNEL  [debug] Channel 2 measurements: load=0.000 V, 0.000 A; supply=2.740 V, 0.000 A
10:30:59 | CHANNEL  [debug] Channel 2 measurements: load=0.000 V, 0.000 A; supply=0.040 V, 0.000 A
10:30:59 | CHANNEL  [debug] Channel 2 measurements: load=0.000 V, 0.000 A; supply=0.000 V, 0.000 A
10:31:00 | CHANNEL  [debug] Channel 2 measurements: load=0.000 V, 0.000 A; supply=0.000 V, 0.000 A
10:31:00 | CHANNEL  [debug] Channel 2 measurements: load=0.000 V, 0.000 A; supply=0.000 V, 0.000 A
10:31:00 | CHANNEL  [debug] Channel 2 measurements: load=0.000 V, 0.000 A; supply=0.000 V, 0.000 A
10:31:01 | CHANNEL  [debug] Channel 2 measurements: load=0.000 V, 0.000 A; supply=0.000 V, 0.000 A
10:31:01 | CHANNEL  [debug] Channel 2 measurements: load=0.000 V, 0.000 A; supply=0.000 V, 0.000 A
10:31:01 | CHANNEL  [debug] Channel 2 measurements: load=0.000 V, 0.000 A; supply=0.000 V, 0.000 A
10:31:01 | CHANNEL  [debug] Channel 2 measurements: load=0.000 V, 0.000 A; supply=0.000 V, 0.000 A
10:31:02 | CHANNEL  [debug] Channel 2 measurements: load=0.000 V, 0.000 A; supply=0.000 V, 0.000 A
10:31:02 | CHANNEL  [debug] Channel 2 measurements: load=0.000 V, 0.000 A; supply=0.000 V, 0.000 A
10:31:02 | CHANNEL  [debug] Channel 2 measurements: load=0.000 V, 0.000 A; supply=0.000 V, 0.000 A
10:31:03 | CHANNEL  [debug] Channel 2 measurements: load=0.000 V, 0.000 A; supply=0.000 V, 0.000 A
10:31:03 | CHANNEL  [debug] Channel 2 measurements: load=0.000 V, 0.000 A; supply=0.000 V, 0.000 A
10:31:03 | CHANNEL  [debug] Channel 2 measurements: load=0.000 V, 0.000 A; supply=0.000 V, 0.000 A
10:31:03 | CHANNEL  [debug] Channel 2 measurements: load=0.000 V, 0.000 A; supply=0.000 V, 0.000 A
10:31:04 | CHANNEL  [debug] Channel 2 measurements: load=0.000 V, 0.000 A; supply=0.000 V, 0.000 A
10:31:04 | CHANNEL  [debug] Channel 2 ending step 1: duration limit reached (5 / 5 s)
10:31:04 | CHANNEL  [debug] Channel 2 repeating from step 0 (2/3)
10:31:04 | CHANNEL  [debug] Channel 2 starting charge: 4.200 V, 1.000 A, cutoff 10.000 V, max 10 s
10:31:04 | CHANNEL  [debug] Channel 2 measurements: load=0.000 V, 0.000 A; supply=1.160 V, 0.104 A
10:31:04 | CHANNEL  [debug] Channel 2 measurements: load=0.000 V, 0.000 A; supply=4.130 V, 0.000 A
10:31:05 | CHANNEL  [debug] Channel 2 measurements: load=0.000 V, 0.000 A; supply=4.190 V, 0.000 A
10:31:05 | CHANNEL  [debug] Channel 2 measurements: load=0.000 V, 0.000 A; supply=4.190 V, 0.000 A
10:31:05 | CHANNEL  [debug] Channel 2 measurements: load=0.000 V, 0.000 A; supply=4.200 V, 0.000 A
10:31:05 | CHANNEL  [debug] Channel 2 measurements: load=0.000 V, 0.000 A; supply=4.200 V, 0.000 A
10:31:06 | CHANNEL  [debug] Channel 2 measurements: load=0.000 V, 0.000 A; supply=4.200 V, 0.000 A
10:31:06 | CHANNEL  [debug] Channel 2 measurements: load=0.000 V, 0.000 A; supply=4.200 V, 0.000 A
10:31:06 | CHANNEL  [debug] Channel 2 measurements: load=0.000 V, 0.000 A; supply=4.200 V, 0.000 A
10:31:06 | CHANNEL  [debug] Channel 2 measurements: load=0.000 V, 0.000 A; supply=4.200 V, 0.000 A
10:31:07 | CHANNEL  [debug] Channel 2 measurements: load=0.000 V, 0.000 A; supply=4.200 V, 0.000 A
10:31:07 | CHANNEL  [debug] Channel 2 measurements: load=0.000 V, 0.000 A; supply=4.200 V, 0.000 A
10:31:07 | CHANNEL  [debug] Channel 2 measurements: load=0.000 V, 0.000 A; supply=4.200 V, 0.000 A
10:31:08 | CHANNEL  [debug] Channel 2 measurements: load=0.000 V, 0.000 A; supply=4.200 V, 0.000 A
10:31:08 | CHANNEL  [debug] Channel 2 measurements: load=0.000 V, 0.000 A; supply=4.200 V, 0.000 A
10:31:08 | CHANNEL  [debug] Channel 2 measurements: load=0.000 V, 0.000 A; supply=4.200 V, 0.000 A
10:31:08 | CHANNEL  [debug] Channel 2 measurements: load=0.000 V, 0.000 A; supply=4.200 V, 0.000 A
10:31:09 | CHANNEL  [debug] Channel 2 measurements: load=0.000 V, 0.000 A; supply=4.200 V, 0.000 A
10:31:09 | CHANNEL  [debug] Channel 2 measurements: load=0.000 V, 0.000 A; supply=4.200 V, 0.000 A
10:31:09 | CHANNEL  [debug] Channel 2 measurements: load=0.000 V, 0.000 A; supply=4.200 V, 0.000 A
10:31:10 | CHANNEL  [debug] Channel 2 measurements: load=0.000 V, 0.000 A; supply=4.200 V, 0.000 A
10:31:10 | CHANNEL  [debug] Channel 2 measurements: load=0.000 V, 0.000 A; supply=4.200 V, 0.000 A
10:31:10 | CHANNEL  [debug] Channel 2 measurements: load=0.000 V, 0.000 A; supply=4.200 V, 0.000 A
10:31:10 | CHANNEL  [debug] Channel 2 measurements: load=0.000 V, 0.000 A; supply=4.200 V, 0.000 A
10:31:11 | CHANNEL  [debug] Channel 2 measurements: load=0.000 V, 0.000 A; supply=4.200 V, 0.000 A
10:31:11 | CHANNEL  [debug] Channel 2 measurements: load=0.000 V, 0.000 A; supply=4.200 V, 0.000 A
10:31:11 | CHANNEL  [debug] Channel 2 measurements: load=0.000 V, 0.000 A; supply=4.200 V, 0.000 A
10:31:12 | CHANNEL  [debug] Channel 2 measurements: load=0.000 V, 0.000 A; supply=4.200 V, 0.000 A
10:31:12 | CHANNEL  [debug] Channel 2 measurements: load=0.000 V, 0.000 A; supply=4.200 V, 0.000 A
10:31:12 | CHANNEL  [debug] Channel 2 measurements: load=0.000 V, 0.000 A; supply=4.200 V, 0.000 A
10:31:12 | CHANNEL  [debug] Channel 2 measurements: load=0.000 V, 0.000 A; supply=4.200 V, 0.000 A
10:31:13 | CHANNEL  [debug] Channel 2 measurements: load=0.000 V, 0.000 A; supply=4.200 V, 0.000 A
10:31:13 | CHANNEL  [debug] Channel 2 measurements: load=0.000 V, 0.000 A; supply=4.200 V, 0.000 A
10:31:13 | CHANNEL  [debug] Channel 2 measurements: load=0.000 V, 0.000 A; supply=4.200 V, 0.000 A
10:31:13 | CHANNEL  [debug] Channel 2 measurements: load=0.000 V, 0.000 A; supply=4.200 V, 0.000 A
10:31:14 | CHANNEL  [debug] Channel 2 measurements: load=0.000 V, 0.000 A; supply=4.200 V, 0.000 A
10:31:14 | CHANNEL  [debug] Channel 2 ending step 0: duration limit reached (10 / 10 s)
10:31:14 | CHANNEL  [debug] Channel 2 starting discharge: 1.000 A, cutoff -3.000 V, max 5 s
10:31:14 | CHANNEL  [debug] Channel 2 measurements: load=0.000 V, 0.000 A; supply=3.080 V, 0.000 A
10:31:14 | CHANNEL  [debug] Channel 2 measurements: load=0.000 V, 0.000 A; supply=0.060 V, 0.000 A
10:31:15 | CHANNEL  [debug] Channel 2 measurements: load=0.000 V, 0.000 A; supply=0.000 V, 0.000 A
10:31:15 | CHANNEL  [debug] Channel 2 measurements: load=0.000 V, 0.000 A; supply=0.000 V, 0.000 A
10:31:15 | CHANNEL  [debug] Channel 2 measurements: load=0.000 V, 0.000 A; supply=0.000 V, 0.000 A
10:31:15 | CHANNEL  [debug] Channel 2 measurements: load=0.000 V, 0.000 A; supply=0.000 V, 0.000 A
10:31:16 | CHANNEL  [debug] Channel 2 measurements: load=0.000 V, 0.000 A; supply=0.000 V, 0.000 A
10:31:16 | CHANNEL  [debug] Channel 2 measurements: load=0.000 V, 0.000 A; supply=0.000 V, 0.000 A
10:31:16 | CHANNEL  [debug] Channel 2 measurements: load=0.000 V, 0.000 A; supply=0.000 V, 0.000 A
10:31:17 | CHANNEL  [debug] Channel 2 measurements: load=0.000 V, 0.000 A; supply=0.000 V, 0.000 A
10:31:17 | CHANNEL  [debug] Channel 2 measurements: load=0.000 V, 0.000 A; supply=0.000 V, 0.000 A
10:31:17 | CHANNEL  [debug] Channel 2 measurements: load=0.000 V, 0.000 A; supply=0.000 V, 0.000 A
10:31:17 | CHANNEL  [debug] Channel 2 measurements: load=0.000 V, 0.000 A; supply=0.000 V, 0.000 A
10:31:18 | CHANNEL  [debug] Channel 2 measurements: load=0.000 V, 0.000 A; supply=0.000 V, 0.000 A
10:31:18 | CHANNEL  [debug] Channel 2 measurements: load=0.000 V, 0.000 A; supply=0.000 V, 0.000 A
10:31:18 | CHANNEL  [debug] Channel 2 measurements: load=0.000 V, 0.000 A; supply=0.000 V, 0.000 A
10:31:19 | CHANNEL  [debug] Channel 2 measurements: load=0.000 V, 0.000 A; supply=0.000 V, 0.000 A
10:31:19 | CHANNEL  [debug] Channel 2 measurements: load=0.000 V, 0.000 A; supply=0.000 V, 0.000 A
10:31:19 | CHANNEL  [debug] Channel 2 ending step 1: duration limit reached (5 / 5 s)
10:31:19 | CHANNEL  [debug] Channel 2 repeating from step 0 (3/3)
10:31:19 | CHANNEL  [debug] Channel 2 starting charge: 4.200 V, 1.000 A, cutoff 10.000 V, max 10 s
10:31:19 | CHANNEL  [debug] Channel 2 measurements: load=0.000 V, 0.000 A; supply=0.810 V, 0.112 A
10:31:19 | CHANNEL  [debug] Channel 2 measurements: load=0.000 V, 0.000 A; supply=4.110 V, 0.000 A
10:31:20 | CHANNEL  [debug] Channel 2 measurements: load=0.000 V, 0.000 A; supply=4.190 V, 0.000 A
10:31:20 | CHANNEL  [debug] Channel 2 measurements: load=0.000 V, 0.000 A; supply=4.190 V, 0.000 A
10:31:20 | CHANNEL  [debug] Channel 2 measurements: load=0.000 V, 0.000 A; supply=4.200 V, 0.000 A
10:31:20 | CHANNEL  [debug] Channel 2 measurements: load=0.000 V, 0.000 A; supply=4.200 V, 0.000 A
10:31:21 | CHANNEL  [debug] Channel 2 measurements: load=0.000 V, 0.000 A; supply=4.200 V, 0.000 A
10:31:21 | CHANNEL  [debug] Channel 2 measurements: load=0.000 V, 0.000 A; supply=4.200 V, 0.000 A
10:31:21 | CHANNEL  [debug] Channel 2 measurements: load=0.000 V, 0.000 A; supply=4.200 V, 0.000 A
10:31:22 | CHANNEL  [debug] Channel 2 measurements: load=0.000 V, 0.000 A; supply=4.200 V, 0.000 A
10:31:22 | CHANNEL  [debug] Channel 2 measurements: load=0.000 V, 0.000 A; supply=4.200 V, 0.000 A
10:31:22 | CHANNEL  [debug] Channel 2 measurements: load=0.000 V, 0.000 A; supply=4.200 V, 0.000 A
10:31:22 | CHANNEL  [debug] Channel 2 measurements: load=0.000 V, 0.000 A; supply=4.200 V, 0.000 A
10:31:23 | CHANNEL  [debug] Channel 2 measurements: load=0.000 V, 0.000 A; supply=4.200 V, 0.000 A
10:31:23 | CHANNEL  [debug] Channel 2 measurements: load=0.000 V, 0.000 A; supply=4.200 V, 0.000 A
10:31:23 | CHANNEL  [debug] Channel 2 measurements: load=0.000 V, 0.000 A; supply=4.200 V, 0.000 A
10:31:24 | CHANNEL  [debug] Channel 2 measurements: load=0.000 V, 0.000 A; supply=4.200 V, 0.000 A
10:31:24 | CHANNEL  [debug] Channel 2 measurements: load=0.000 V, 0.000 A; supply=4.200 V, 0.000 A
10:31:24 | CHANNEL  [debug] Channel 2 measurements: load=0.000 V, 0.000 A; supply=4.200 V, 0.000 A
10:31:24 | CHANNEL  [debug] Channel 2 measurements: load=0.000 V, 0.000 A; supply=4.200 V, 0.000 A
10:31:25 | CHANNEL  [debug] Channel 2 measurements: load=0.000 V, 0.000 A; supply=4.200 V, 0.000 A
10:31:25 | CHANNEL  [debug] Channel 2 measurements: load=0.000 V, 0.000 A; supply=4.200 V, 0.000 A
10:31:25 | CHANNEL  [debug] Channel 2 measurements: load=0.000 V, 0.000 A; supply=4.200 V, 0.000 A
10:31:26 | CHANNEL  [debug] Channel 2 measurements: load=0.000 V, 0.000 A; supply=4.200 V, 0.000 A
10:31:26 | CHANNEL  [debug] Channel 2 measurements: load=0.000 V, 0.000 A; supply=4.200 V, 0.000 A
10:31:26 | CHANNEL  [debug] Channel 2 measurements: load=0.000 V, 0.000 A; supply=4.200 V, 0.000 A
10:31:26 | CHANNEL  [debug] Channel 2 measurements: load=0.000 V, 0.000 A; supply=4.200 V, 0.000 A
10:31:27 | CHANNEL  [debug] Channel 2 measurements: load=0.000 V, 0.000 A; supply=4.200 V, 0.000 A
10:31:27 | CHANNEL  [debug] Channel 2 measurements: load=0.000 V, 0.000 A; supply=4.200 V, 0.000 A
10:31:27 | CHANNEL  [debug] Channel 2 measurements: load=0.000 V, 0.000 A; supply=4.200 V, 0.000 A
10:31:27 | CHANNEL  [debug] Channel 2 measurements: load=0.000 V, 0.000 A; supply=4.200 V, 0.000 A
10:31:28 | CHANNEL  [debug] Channel 2 measurements: load=0.000 V, 0.000 A; supply=4.200 V, 0.000 A
10:31:28 | CHANNEL  [debug] Channel 2 measurements: load=0.000 V, 0.000 A; supply=4.200 V, 0.000 A
10:31:28 | CHANNEL  [debug] Channel 2 measurements: load=0.000 V, 0.000 A; supply=4.200 V, 0.000 A
10:31:29 | CHANNEL  [debug] Channel 2 measurements: load=0.000 V, 0.000 A; supply=4.200 V, 0.000 A
10:31:29 | CHANNEL  [debug] Channel 2 measurements: load=0.000 V, 0.000 A; supply=4.200 V, 0.000 A
10:31:29 | CHANNEL  [debug] Channel 2 ending step 0: duration limit reached (10 / 10 s)
10:31:29 | CHANNEL  [debug] Channel 2 starting discharge: 1.000 A, cutoff -3.000 V, max 5 s
10:31:29 | CHANNEL  [debug] Channel 2 measurements: load=0.000 V, 0.000 A; supply=3.190 V, 0.000 A
10:31:29 | CHANNEL  [debug] Channel 2 measurements: load=0.000 V, 0.000 A; supply=0.020 V, 0.000 A
10:31:30 | CHANNEL  [debug] Channel 2 measurements: load=0.000 V, 0.000 A; supply=0.000 V, 0.000 A
10:31:30 | CHANNEL  [debug] Channel 2 measurements: load=0.000 V, 0.000 A; supply=0.000 V, 0.000 A
10:31:30 | CHANNEL  [debug] Channel 2 measurements: load=0.000 V, 0.000 A; supply=0.000 V, 0.000 A
10:31:31 | CHANNEL  [debug] Channel 2 measurements: load=0.000 V, 0.000 A; supply=0.000 V, 0.000 A
10:31:31 | CHANNEL  [debug] Channel 2 measurements: load=0.000 V, 0.000 A; supply=0.000 V, 0.000 A
10:31:31 | CHANNEL  [debug] Channel 2 measurements: load=0.000 V, 0.000 A; supply=0.000 V, 0.000 A
10:31:31 | CHANNEL  [debug] Channel 2 measurements: load=0.000 V, 0.000 A; supply=0.000 V, 0.000 A
10:31:32 | CHANNEL  [debug] Channel 2 measurements: load=0.000 V, 0.000 A; supply=0.000 V, 0.000 A
10:31:32 | CHANNEL  [debug] Channel 2 measurements: load=0.000 V, 0.000 A; supply=0.000 V, 0.000 A
10:31:32 | CHANNEL  [debug] Channel 2 measurements: load=0.000 V, 0.000 A; supply=0.000 V, 0.000 A
10:31:33 | CHANNEL  [debug] Channel 2 measurements: load=0.000 V, 0.000 A; supply=0.000 V, 0.000 A
10:31:33 | CHANNEL  [debug] Channel 2 measurements: load=0.000 V, 0.000 A; supply=0.000 V, 0.000 A
10:31:33 | CHANNEL  [debug] Channel 2 measurements: load=0.000 V, 0.000 A; supply=0.000 V, 0.000 A
10:31:33 | CHANNEL  [debug] Channel 2 measurements: load=0.000 V, 0.000 A; supply=0.000 V, 0.000 A
10:31:34 | CHANNEL  [debug] Channel 2 measurements: load=0.000 V, 0.000 A; supply=0.000 V, 0.000 A
10:31:34 | CHANNEL  [debug] Channel 2 measurements: load=0.000 V, 0.000 A; supply=0.000 V, 0.000 A
10:31:34 | CHANNEL  [debug] Channel 2 ending step 1: duration limit reached (5 / 5 s)
10:31:34 | CHANNEL  [debug] Channel 2 completing goto step after 3 repeat(s)
10:31:34 | CHANNEL  [debug] Channel 2 ending experiment: all steps completed
15:15:49 | REGISTRY [info] Found serial port: /dev/ttyUSB2
15:15:51 | REGISTRY [info] Found 'Module_1' on /dev/ttyUSB2
15:15:51 | REGISTRY [info] Found serial port: /dev/ttyUSB1
15:15:53 | REGISTRY [info] Found 'Uni-Trend,UDP6730,AWP7323380013,V1.07' on /dev/ttyUSB1
15:15:53 | REGISTRY [info] Found serial port: /dev/ttyUSB0
15:15:56 | REGISTRY [info] Found 'UNI-TREND,UTL8212+,CDLB225210095,V2.46' on /dev/ttyUSB0
15:15:56 | REGISTRY [info] Discovered 3 serial port(s)
15:16:32 | REGISTRY [info] Found serial port: /dev/ttyUSB2
15:16:34 | REGISTRY [info] Found 'Module_1' on /dev/ttyUSB2
15:16:34 | REGISTRY [info] Found serial port: /dev/ttyUSB1
15:16:36 | REGISTRY [info] Found 'Uni-Trend,UDP6730,AWP7323380013,V1.07' on /dev/ttyUSB1
15:16:36 | REGISTRY [info] Found serial port: /dev/ttyUSB0
15:16:39 | REGISTRY [info] Found 'UNI-TREND,UTL8212+,CDLB225210095,V2.46' on /dev/ttyUSB0
15:16:39 | REGISTRY [info] Discovered 3 serial port(s)
15:17:46 | REGISTRY [info] Found serial port: /dev/ttyUSB2
15:17:48 | REGISTRY [info] Found 'Module_1' on /dev/ttyUSB2
15:17:48 | REGISTRY [info] Found serial port: /dev/ttyUSB1
15:17:50 | REGISTRY [info] Found 'Uni-Trend,UDP6730,AWP7323380013,V1.07' on /dev/ttyUSB1
15:17:50 | REGISTRY [info] Found serial port: /dev/ttyUSB0
15:17:52 | REGISTRY [info] Found 'UNI-TREND,UTL8212+,CDLB225210095,V2.46' on /dev/ttyUSB0
15:17:52 | REGISTRY [info] Discovered 3 serial port(s)
15:31:27 | MQTT     [info] Connected to 127.0.0.1
15:31:27 | REGISTRY [info] Found serial port: /dev/ttyUSB2
15:31:29 | REGISTRY [info] Found 'Module_1' on /dev/ttyUSB2
15:31:29 | REGISTRY [info] Found serial port: /dev/ttyUSB1
15:31:31 | REGISTRY [info] Found 'Uni-Trend,UDP6730,AWP7323380013,V1.07' on /dev/ttyUSB1
15:31:31 | REGISTRY [info] Found serial port: /dev/ttyUSB0
15:31:33 | REGISTRY [info] Found 'UNI-TREND,UTL8212+,CDLB225210095,V2.46' on /dev/ttyUSB0
15:31:33 | REGISTRY [info] Discovered 3 serial port(s)
17:19:46 | MQTT     [info] Connected to 127.0.0.1
17:19:46 | REGISTRY [info] Found serial port: /dev/ttyUSB4
17:19:49 | REGISTRY [info] Found 'Uni-Trend,UDP6730,AWP7323380019,V1.07' on /dev/ttyUSB4
17:19:49 | REGISTRY [info] Found serial port: /dev/ttyUSB3
17:19:51 | REGISTRY [info] Found 'Module_2' on /dev/ttyUSB3
17:19:51 | REGISTRY [info] Found serial port: /dev/ttyUSB2
17:19:53 | REGISTRY [info] Found 'Uni-Trend,UDP6730,AWP7323380013,V1.07' on /dev/ttyUSB2
17:19:53 | REGISTRY [info] Found serial port: /dev/ttyUSB1
17:19:55 | REGISTRY [info] Found 'UNI-TREND,UTL8212+,CDLB225210095,V2.46' on /dev/ttyUSB1
17:19:55 | REGISTRY [info] Found serial port: /dev/ttyUSB0
17:19:57 | REGISTRY [info] Found 'Module_1' on /dev/ttyUSB0
17:19:57 | REGISTRY [info] Discovered 5 serial port(s)
17:19:57 | UNIT     [info] Event watchdog started
17:21:33 | MQTT     [info] Received on config/1: [
  {
    "channelID": "11",
    "loadPort": "/dev/ttyUSB1",
    "loadBaudRate": 9600,
    "loadIDN": "UNI-TREND,UTL8212+,CDLB225210095,V2.46",
    "totalLoadChannelCount": 2,
    "loadChannel": 1,
    "supplyPort": "/dev/ttyUSB2",
    "supplyBaudRate": 9600,
    "supplyIDN": "Uni-Trend,UDP6730,AWP7323380013,V1.07",
    "modulePort": "/dev/ttyUSB0",
    "moduleBaudRate": 9600,
    "moduleIDN": "Module_1"
  },
  {
    "channelID": "12",
    "loadPort": "/dev/ttyUSB1",
    "loadBaudRate": 9600,
    "loadIDN": "UNI-TREND,UTL8212+,CDLB225210095,V2.46",
    "totalLoadChannelCount": 2,
    "loadChannel": 2,
    "supplyPort": "/dev/ttyUSB4",
    "supplyBaudRate": 9600,
    "supplyIDN": "Uni-Trend,UDP6730,AWP7323380019,V1.07",
    "modulePort": "/dev/ttyUSB3",
    "moduleBaudRate": 9600,
    "moduleIDN": "Module_2"
  }
]
17:21:33 | UNIT     [info] Configuration successfully replaced
17:23:58 | MQTT     [info] Received on experiment/1: {
  "channelID": "11",
  "steps": [
    {
      "command": "Charge",
      "voltage": 4.2,
      "cutoff": 1.0,
      "cutoffVoltage": 4.2,
      "duration": 3600
    },
    {
      "command": "Hold",
      "voltage": 4.2,
      "duration": 600
    },
    {
      "command": "Discharge",
      "cutoff": 1.0,
      "cutoffVoltage": 3.0,
      "duration": 3600
    },
    {
      "command": "Rest",
      "duration": 600
    },
    {
      "command": "Goto",
      "targetSteps": 0,
      "additionalRepeats": 2
    }
  ]
}clear
17:23:58 | JSON     [error] JSON error: [json.exception.parse_error.101] parse error at line 32, column 2: syntax error while parsing value - invalid literal; last read: '2<U+000A>    }<U+000A>  ]<U+000A>}c'; expected end of input
17:23:58 | UNIT     [error] Experiment rejected: invalid JSON or command schema
17:24:05 | MQTT     [info] Received on experiment/1: {
  "channelID": "11",
  "steps": [
    {
      "command": "Charge",
      "voltage": 4.2,
      "cutoff": 1.0,
      "cutoffVoltage": 4.2,
      "duration": 3600
    },
    {
      "command": "Hold",
      "voltage": 4.2,
      "duration": 600
    },
    {
      "command": "Discharge",
      "cutoff": 1.0,
      "cutoffVoltage": 3.0,
      "duration": 3600
    },
    {
      "command": "Rest",
      "duration": 600
    },
    {
      "command": "Goto",
      "targetSteps": 0,
      "additionalRepeats": 2
    }
  ]
}
17:24:05 | UNIT     [info] Experiment loaded for channel 11
17:24:16 | MQTT     [info] Received on experiment/1: {
  "channelID": "11",
  "steps": [
    {
      "command": "Charge",
      "voltage": 4.2,
      "cutoff": 1.0,
      "cutoffVoltage": 4.2,
      "duration": 3600
    },
    {
      "command": "Hold",
      "voltage": 4.2,
      "duration": 600
    },
    {
      "command": "Discharge",
      "cutoff": 1.0,
      "cutoffVoltage": 3.0,
      "duration": 3600
    },
    {
      "command": "Rest",
      "duration": 600
    },
    {
      "command": "Goto",
      "targetSteps": 0,
      "additionalRepeats": 2
    }
  ]
}
17:24:16 | UNIT     [info] Experiment loaded for channel 11
17:24:32 | MQTT     [info] Received on experiment/1: {
  "channelID": "12",
  "steps": [
    {
      "command": "Charge",
      "voltage": 4.2,
      "cutoff